filename,tile_pixels,usable_pixels,usable_fraction,damage_pixels,has_damage,damage_types,material,background_variant,seed,coverage_pct,status
tile_0001.jpg,64928,64357,0.9912,1057,1,chip,concrete,black_rubber,1,0.2455,APPROVE
tile_0002.jpg,153872,130208,0.8462,15557,1,crack+chip,stone,green_pvc,2,0.4967,REJECT
tile_0003.jpg,35639,32901,0.9232,1190,1,crack+chip,terracotta,blue_pu,3,0.1255,APPROVE
tile_0004.jpg,79736,49583,0.6218,49467,1,shatter,encaustic,black_rubber,4,0.1891,REJECT
tile_0005.jpg,157013,157013,1.0000,0,0,none,stone,black_rubber,5,0.5990,APPROVE
tile_0006.jpg,72792,66951,0.9198,4521,1,chip,glazed,green_pvc,6,0.2554,APPROVE
tile_0007.jpg,62353,35875,0.5754,60943,1,shatter,terracotta,black_rubber,7,0.1369,REJECT
tile_0008.jpg,62838,35310,0.5619,25183,1,crack+chip,terracotta,blue_pu,8,0.1347,REJECT
tile_0009.jpg,91436,45686,0.4997,56281,1,chip,marble,black_rubber,9,0.1743,REJECT
tile_0010.jpg,154639,154639,1.0000,0,0,none,encaustic,green_pvc,10,0.5899,APPROVE
tile_0011.jpg,51949,51949,1.0000,0,0,none,terracotta,green_pvc,11,0.1982,APPROVE
tile_0012.jpg,22477,11118,0.4946,6255,1,crack,glazed,grey_pvc,12,0.0424,REJECT
tile_0013.jpg,46706,38500,0.8243,26336,1,shatter,terracotta,blue_pu,13,0.1469,REJECT
tile_0014.jpg,42974,42974,1.0000,0,0,none,concrete,grey_pvc,14,0.1639,APPROVE
tile_0015.jpg,61580,61580,1.0000,0,0,none,concrete,green_pvc,15,0.2349,APPROVE
tile_0016.jpg,41608,24282,0.5836,7089,1,crack,glazed,green_pvc,16,0.0926,REJECT
tile_0017.jpg,46248,46248,1.0000,0,0,none,terracotta,black_rubber,17,0.1764,APPROVE
tile_0018.jpg,19406,13156,0.6779,4667,1,crack+chip,terracotta,black_rubber,18,0.0502,REJECT
tile_0019.jpg,91899,56898,0.6191,9393,1,crack,encaustic,black_rubber,19,0.2170,REJECT
tile_0020.jpg,105603,43903,0.4157,17221,1,crack,stone,grey_pvc,20,0.1675,REJECT
tile_0021.jpg,47659,47659,1.0000,0,0,none,glazed,black_rubber,21,0.1818,APPROVE
tile_0022.jpg,39765,32941,0.8284,11525,1,chip,stone,white_pu,22,0.1257,REJECT
tile_0023.jpg,131928,127512,0.9665,8614,1,chip,marble,black_rubber,23,0.4864,APPROVE
tile_0024.jpg,93379,55635,0.5958,50279,1,shatter,concrete,black_rubber,24,0.2122,REJECT
tile_0025.jpg,60875,48850,0.8025,4231,1,crack,concrete,blue_pu,25,0.1863,REJECT
tile_0026.jpg,120048,120048,1.0000,0,0,none,marble,grey_pvc,26,0.4579,APPROVE
tile_0027.jpg,156089,85153,0.5455,15967,1,crack,marble,black_rubber,27,0.3248,REJECT
tile_0028.jpg,73677,73677,1.0000,0,0,none,terracotta,black_rubber,28,0.2811,APPROVE
tile_0029.jpg,46924,41141,0.8768,3949,1,crack+chip,concrete,grey_pvc,29,0.1569,APPROVE
tile_0030.jpg,19201,14664,0.7637,8701,1,shatter,terracotta,black_rubber,30,0.0559,REJECT
tile_0031.jpg,59843,39738,0.6640,7117,1,crack,stone,black_rubber,31,0.1516,REJECT
tile_0032.jpg,19769,19769,1.0000,0,0,none,terracotta,black_rubber,32,0.0754,APPROVE
tile_0033.jpg,175811,175811,1.0000,0,0,none,terracotta,white_pu,33,0.6707,APPROVE
tile_0034.jpg,120062,120062,1.0000,0,0,none,encaustic,white_pu,34,0.4580,APPROVE
tile_0035.jpg,77021,74130,0.9625,565,1,crack,encaustic,black_rubber,35,0.2828,APPROVE
tile_0036.jpg,92543,87169,0.9419,1220,1,crack,terracotta,black_rubber,36,0.3325,APPROVE
tile_0037.jpg,178384,178384,1.0000,0,0,none,encaustic,green_pvc,37,0.6805,APPROVE
tile_0038.jpg,54522,54522,1.0000,0,0,none,glazed,black_rubber,38,0.2080,APPROVE
tile_0039.jpg,33132,32751,0.9885,683,1,chip,concrete,white_pu,39,0.1249,APPROVE
tile_0040.jpg,83820,58013,0.6921,6697,1,crack,glazed,grey_pvc,40,0.2213,REJECT
tile_0041.jpg,74742,56989,0.7625,22697,1,shatter,concrete,grey_pvc,41,0.2174,REJECT
tile_0042.jpg,85445,85445,1.0000,0,0,none,terracotta,green_pvc,42,0.3259,APPROVE
tile_0043.jpg,174848,174848,1.0000,0,0,none,encaustic,grey_pvc,43,0.6670,APPROVE
tile_0044.jpg,49070,26503,0.5401,7313,1,crack,encaustic,white_pu,44,0.1011,REJECT
tile_0045.jpg,89737,89737,1.0000,0,0,none,stone,black_rubber,45,0.3423,APPROVE
tile_0046.jpg,95111,85378,0.8977,58168,1,chip,encaustic,green_pvc,46,0.3257,APPROVE
tile_0047.jpg,113678,112556,0.9901,4297,1,chip,concrete,green_pvc,47,0.4294,APPROVE
tile_0048.jpg,85117,85117,1.0000,0,0,none,glazed,white_pu,48,0.3247,APPROVE
tile_0049.jpg,17690,7030,0.3974,28178,1,crack+chip,encaustic,grey_pvc,49,0.0268,REJECT
tile_0050.jpg,129695,70082,0.5404,13976,1,crack,encaustic,green_pvc,50,0.2673,REJECT
tile_0051.jpg,112503,112503,1.0000,0,0,none,encaustic,white_pu,51,0.4292,APPROVE
tile_0052.jpg,157276,157276,1.0000,0,0,none,encaustic,green_pvc,52,0.6000,APPROVE
tile_0053.jpg,26179,15938,0.6088,18880,1,shatter,terracotta,white_pu,53,0.0608,REJECT
tile_0054.jpg,34681,32649,0.9414,724,1,crack,marble,blue_pu,54,0.1245,APPROVE
tile_0055.jpg,23054,17766,0.7706,2622,1,crack,terracotta,white_pu,55,0.0678,REJECT
tile_0056.jpg,36231,23814,0.6573,28223,1,shatter,glazed,grey_pvc,56,0.0908,REJECT
tile_0057.jpg,63700,38507,0.6045,9835,1,crack,glazed,white_pu,57,0.1469,REJECT
tile_0058.jpg,54544,32320,0.5925,35895,1,shatter,marble,black_rubber,58,0.1233,REJECT
tile_0059.jpg,87506,87506,1.0000,0,0,none,marble,blue_pu,59,0.3338,APPROVE
tile_0060.jpg,32166,23394,0.7273,12433,1,shatter,concrete,white_pu,60,0.0892,REJECT
tile_0061.jpg,79967,75941,0.9497,1281,1,crack+chip,stone,blue_pu,61,0.2897,APPROVE
tile_0062.jpg,65706,49078,0.7469,18294,1,crack+chip,encaustic,white_pu,62,0.1872,REJECT
tile_0063.jpg,69568,58963,0.8476,6762,1,crack+chip,marble,black_rubber,63,0.2249,REJECT
tile_0064.jpg,66227,57648,0.8705,14808,1,chip,marble,grey_pvc,64,0.2199,APPROVE
tile_0065.jpg,57246,51504,0.8997,1547,1,crack,terracotta,black_rubber,65,0.1965,APPROVE
tile_0066.jpg,51181,45006,0.8793,4411,1,crack+chip,concrete,black_rubber,66,0.1717,APPROVE
tile_0067.jpg,75351,66910,0.8880,1902,1,crack,terracotta,black_rubber,67,0.2552,APPROVE
tile_0068.jpg,53851,53851,1.0000,0,0,none,glazed,black_rubber,68,0.2054,APPROVE
tile_0069.jpg,84786,57181,0.6744,8943,1,crack,concrete,black_rubber,69,0.2181,REJECT
tile_0070.jpg,63388,42563,0.6715,9445,1,crack+chip,glazed,blue_pu,70,0.1624,REJECT
tile_0071.jpg,62939,30996,0.4925,11487,1,crack,encaustic,green_pvc,71,0.1182,REJECT
tile_0072.jpg,27502,24122,0.8771,25267,1,chip,encaustic,green_pvc,72,0.0920,APPROVE
tile_0073.jpg,124665,95231,0.7639,5756,1,crack,glazed,green_pvc,73,0.3633,REJECT
tile_0074.jpg,54822,51523,0.9398,4777,1,chip,marble,white_pu,74,0.1965,APPROVE
tile_0075.jpg,27417,18790,0.6853,7900,1,crack+chip,marble,blue_pu,75,0.0717,REJECT
tile_0076.jpg,74398,69663,0.9364,5565,1,chip,glazed,green_pvc,76,0.2657,APPROVE
tile_0077.jpg,68937,67571,0.9802,316,1,crack,concrete,black_rubber,77,0.2578,APPROVE
tile_0078.jpg,88754,84973,0.9574,12317,1,chip,encaustic,blue_pu,78,0.3241,APPROVE
tile_0079.jpg,25813,14199,0.5501,8621,1,crack+chip,marble,black_rubber,79,0.0542,REJECT
tile_0080.jpg,40354,33360,0.8267,30110,1,chip,encaustic,white_pu,80,0.1273,REJECT
tile_0081.jpg,93281,93281,1.0000,0,0,none,encaustic,white_pu,81,0.3558,APPROVE
tile_0082.jpg,112717,112717,1.0000,0,0,none,marble,black_rubber,82,0.4300,APPROVE
tile_0083.jpg,52411,28083,0.5358,8991,1,crack,marble,grey_pvc,83,0.1071,REJECT
tile_0084.jpg,77695,77695,1.0000,0,0,none,terracotta,grey_pvc,84,0.2964,APPROVE
tile_0085.jpg,41013,30664,0.7477,24785,1,shatter,glazed,blue_pu,85,0.1170,REJECT
tile_0086.jpg,169928,169928,1.0000,0,0,none,glazed,green_pvc,86,0.6482,APPROVE
tile_0087.jpg,133532,114451,0.8571,3272,1,crack,encaustic,black_rubber,87,0.4366,APPROVE
tile_0088.jpg,87066,87066,1.0000,0,0,none,terracotta,black_rubber,88,0.3321,APPROVE
tile_0089.jpg,48917,48917,1.0000,0,0,none,marble,white_pu,89,0.1866,APPROVE
tile_0090.jpg,159198,159198,1.0000,0,0,none,glazed,white_pu,90,0.6073,APPROVE
tile_0091.jpg,47906,47629,0.9942,524,1,chip,glazed,grey_pvc,91,0.1817,APPROVE
tile_0092.jpg,53446,33952,0.6353,20627,1,shatter,glazed,blue_pu,92,0.1295,REJECT
tile_0093.jpg,142493,142493,1.0000,0,0,none,encaustic,green_pvc,93,0.5436,APPROVE
tile_0094.jpg,35633,28322,0.7948,37379,1,shatter,marble,blue_pu,94,0.1080,REJECT
tile_0095.jpg,24580,24580,1.0000,0,0,none,terracotta,blue_pu,95,0.0938,APPROVE
tile_0096.jpg,44456,25012,0.5626,7584,1,crack,encaustic,green_pvc,96,0.0954,REJECT
tile_0097.jpg,41010,38702,0.9437,10762,1,chip,encaustic,green_pvc,97,0.1476,APPROVE
tile_0098.jpg,150904,150904,1.0000,0,0,none,glazed,black_rubber,98,0.5757,APPROVE
tile_0099.jpg,85196,75810,0.8898,49623,1,chip,encaustic,blue_pu,99,0.2892,APPROVE
tile_0100.jpg,67656,62355,0.9216,17952,1,chip,encaustic,grey_pvc,100,0.2379,APPROVE
tile_0101.jpg,59354,44746,0.7539,25354,1,crack+chip,encaustic,black_rubber,101,0.1707,REJECT
tile_0102.jpg,119709,101864,0.8509,26130,1,chip,glazed,white_pu,102,0.3886,APPROVE
tile_0103.jpg,21131,21131,1.0000,0,0,none,marble,black_rubber,103,0.0806,APPROVE
tile_0104.jpg,47510,35399,0.7451,45258,1,shatter,glazed,grey_pvc,104,0.1350,REJECT
tile_0105.jpg,68782,56653,0.8237,11881,1,chip,stone,black_rubber,105,0.2161,REJECT
tile_0106.jpg,70162,42836,0.6105,36597,1,chip,stone,black_rubber,106,0.1634,REJECT
tile_0107.jpg,102782,80344,0.7817,4259,1,crack,terracotta,green_pvc,107,0.3065,REJECT
tile_0108.jpg,49990,49990,1.0000,0,0,none,marble,black_rubber,108,0.1907,APPROVE
tile_0109.jpg,51730,51730,1.0000,0,0,none,encaustic,black_rubber,109,0.1973,APPROVE
tile_0110.jpg,135189,135189,1.0000,0,0,none,marble,grey_pvc,110,0.5157,APPROVE
tile_0111.jpg,80223,80223,1.0000,0,0,none,terracotta,blue_pu,111,0.3060,APPROVE
tile_0112.jpg,25040,13146,0.5250,10259,1,crack+chip,glazed,grey_pvc,112,0.0501,REJECT
tile_0113.jpg,85448,69988,0.8191,16095,1,chip,marble,black_rubber,113,0.2670,REJECT
tile_0114.jpg,64257,64257,1.0000,0,0,none,glazed,black_rubber,114,0.2451,APPROVE
tile_0115.jpg,144943,144943,1.0000,0,0,none,glazed,green_pvc,115,0.5529,APPROVE
tile_0116.jpg,63191,63191,1.0000,0,0,none,terracotta,green_pvc,116,0.2411,APPROVE
tile_0117.jpg,131523,131523,1.0000,0,0,none,encaustic,black_rubber,117,0.5017,APPROVE
tile_0118.jpg,73882,73882,1.0000,0,0,none,glazed,black_rubber,118,0.2818,APPROVE
tile_0119.jpg,84549,70479,0.8336,4373,1,crack,glazed,black_rubber,119,0.2689,REJECT
tile_0120.jpg,57919,57919,1.0000,0,0,none,glazed,grey_pvc,120,0.2209,APPROVE
tile_0121.jpg,64064,64064,1.0000,0,0,none,concrete,blue_pu,121,0.2444,APPROVE
tile_0122.jpg,71219,71219,1.0000,0,0,none,glazed,blue_pu,122,0.2717,APPROVE
tile_0123.jpg,169266,169266,1.0000,0,0,none,marble,black_rubber,123,0.6457,APPROVE
tile_0124.jpg,71615,71615,1.0000,0,0,none,terracotta,black_rubber,124,0.2732,APPROVE
tile_0125.jpg,17675,16884,0.9552,4314,1,chip,stone,black_rubber,125,0.0644,APPROVE
tile_0126.jpg,90763,45820,0.5048,82070,1,shatter,concrete,blue_pu,126,0.1748,REJECT
tile_0127.jpg,145247,92864,0.6394,13079,1,crack,encaustic,green_pvc,127,0.3542,REJECT
tile_0128.jpg,182949,182949,1.0000,0,0,none,encaustic,black_rubber,128,0.6979,APPROVE
tile_0129.jpg,77966,54840,0.7034,7425,1,crack,glazed,grey_pvc,129,0.2092,REJECT
tile_0130.jpg,40832,40832,1.0000,0,0,none,marble,black_rubber,130,0.1558,APPROVE
tile_0131.jpg,72996,72996,1.0000,0,0,none,concrete,grey_pvc,131,0.2785,APPROVE
tile_0132.jpg,111314,108639,0.9760,5467,1,chip,encaustic,blue_pu,132,0.4144,APPROVE
tile_0133.jpg,66895,66895,1.0000,0,0,none,concrete,black_rubber,133,0.2552,APPROVE
tile_0134.jpg,91050,58964,0.6476,29534,1,chip,stone,black_rubber,134,0.2249,REJECT
tile_0135.jpg,62543,44724,0.7151,9418,1,crack+chip,stone,grey_pvc,135,0.1706,REJECT
tile_0136.jpg,129776,121026,0.9326,12107,1,chip,marble,black_rubber,136,0.4617,APPROVE
tile_0137.jpg,112463,112463,1.0000,0,0,none,encaustic,white_pu,137,0.4290,APPROVE
tile_0138.jpg,105243,91217,0.8667,2214,1,crack,terracotta,grey_pvc,138,0.3480,APPROVE
tile_0139.jpg,51677,33472,0.6477,7140,1,crack,glazed,green_pvc,139,0.1277,REJECT
tile_0140.jpg,39717,39717,1.0000,0,0,none,glazed,black_rubber,140,0.1515,APPROVE
tile_0141.jpg,129481,71981,0.5559,12430,1,crack,concrete,grey_pvc,141,0.2746,REJECT
tile_0142.jpg,22410,14257,0.6362,12518,1,shatter,stone,grey_pvc,142,0.0544,REJECT
tile_0143.jpg,87569,81539,0.9311,8557,1,chip,terracotta,blue_pu,143,0.3110,APPROVE
tile_0144.jpg,60142,52792,0.8778,2873,1,crack,glazed,green_pvc,144,0.2014,APPROVE
tile_0145.jpg,42612,31778,0.7458,15076,1,shatter,terracotta,white_pu,145,0.1212,REJECT
tile_0146.jpg,45062,45062,1.0000,0,0,none,encaustic,green_pvc,146,0.1719,APPROVE
tile_0147.jpg,44774,14965,0.3342,23004,1,crack+chip,stone,green_pvc,147,0.0571,REJECT
tile_0148.jpg,87632,71087,0.8112,5163,1,crack,stone,grey_pvc,148,0.2712,REJECT
tile_0149.jpg,61004,30237,0.4957,10340,1,crack,encaustic,black_rubber,149,0.1153,REJECT
tile_0150.jpg,76859,76859,1.0000,0,0,none,stone,black_rubber,150,0.2932,APPROVE
tile_0151.jpg,36098,36098,1.0000,0,0,none,glazed,black_rubber,151,0.1377,APPROVE
tile_0152.jpg,43313,43313,1.0000,0,0,none,encaustic,green_pvc,152,0.1652,APPROVE
tile_0153.jpg,86825,74437,0.8573,30076,1,chip,encaustic,black_rubber,153,0.2840,APPROVE
tile_0154.jpg,49797,40579,0.8149,7633,1,chip,marble,grey_pvc,154,0.1548,REJECT
tile_0155.jpg,30008,30008,1.0000,0,0,none,marble,green_pvc,155,0.1145,APPROVE
tile_0156.jpg,45596,18303,0.4014,39208,1,crack+chip,encaustic,black_rubber,156,0.0698,REJECT
tile_0157.jpg,60930,44438,0.7293,42426,1,shatter,terracotta,green_pvc,157,0.1695,REJECT
tile_0158.jpg,100185,65234,0.6511,32048,1,shatter,marble,black_rubber,158,0.2488,REJECT
tile_0159.jpg,153077,153077,1.0000,0,0,none,glazed,black_rubber,159,0.5839,APPROVE
tile_0160.jpg,29596,11654,0.3938,45420,1,shatter,marble,blue_pu,160,0.0445,REJECT
tile_0161.jpg,117877,56253,0.4772,53481,1,chip,encaustic,black_rubber,161,0.2146,REJECT
tile_0162.jpg,116952,75181,0.6428,11617,1,crack,terracotta,green_pvc,162,0.2868,REJECT
tile_0163.jpg,87340,59309,0.6791,26478,1,chip,concrete,blue_pu,163,0.2262,REJECT
tile_0164.jpg,112219,112219,1.0000,0,0,none,glazed,blue_pu,164,0.4281,APPROVE
tile_0165.jpg,63170,63170,1.0000,0,0,none,stone,black_rubber,165,0.2410,APPROVE
tile_0166.jpg,43073,42818,0.9941,819,1,chip,terracotta,blue_pu,166,0.1633,APPROVE
tile_0167.jpg,26667,26667,1.0000,0,0,none,concrete,black_rubber,167,0.1017,APPROVE
tile_0168.jpg,159079,142563,0.8962,10295,1,crack+chip,encaustic,black_rubber,168,0.5438,APPROVE
tile_0169.jpg,73710,61049,0.8282,3544,1,crack,encaustic,green_pvc,169,0.2329,REJECT
tile_0170.jpg,69082,39361,0.5698,8196,1,crack,encaustic,grey_pvc,170,0.1502,REJECT
tile_0171.jpg,38773,38773,1.0000,0,0,none,terracotta,white_pu,171,0.1479,APPROVE
tile_0172.jpg,26854,24784,0.9229,2561,1,chip,glazed,black_rubber,172,0.0945,APPROVE
tile_0173.jpg,121356,121356,1.0000,0,0,none,encaustic,blue_pu,173,0.4629,APPROVE
tile_0174.jpg,54588,54588,1.0000,0,0,none,glazed,green_pvc,174,0.2082,APPROVE
tile_0175.jpg,22449,22449,1.0000,0,0,none,concrete,green_pvc,175,0.0856,APPROVE
tile_0176.jpg,28241,27334,0.9679,3808,1,chip,terracotta,grey_pvc,176,0.1043,APPROVE
tile_0177.jpg,105707,69556,0.6580,9124,1,crack,glazed,black_rubber,177,0.2653,REJECT
tile_0178.jpg,22028,20776,0.9432,3422,1,chip,concrete,green_pvc,178,0.0793,APPROVE
tile_0179.jpg,123968,123968,1.0000,0,0,none,marble,blue_pu,179,0.4729,APPROVE
tile_0180.jpg,41987,36205,0.8623,1628,1,crack,stone,black_rubber,180,0.1381,APPROVE
tile_0181.jpg,45478,42976,0.9450,9678,1,chip,stone,black_rubber,181,0.1639,APPROVE
tile_0182.jpg,88735,52095,0.5871,25284,1,crack+chip,glazed,grey_pvc,182,0.1987,REJECT
tile_0183.jpg,135468,116893,0.8629,3814,1,crack,encaustic,black_rubber,183,0.4459,APPROVE
tile_0184.jpg,73117,73117,1.0000,0,0,none,stone,black_rubber,184,0.2789,APPROVE
tile_0185.jpg,107184,70117,0.6542,42900,1,shatter,terracotta,black_rubber,185,0.2675,REJECT
tile_0186.jpg,142052,86105,0.6062,72275,1,chip,encaustic,black_rubber,186,0.3285,REJECT
tile_0187.jpg,41977,41977,1.0000,0,0,none,concrete,blue_pu,187,0.1601,APPROVE
tile_0188.jpg,65978,49579,0.7514,29549,1,shatter,terracotta,green_pvc,188,0.1891,REJECT
tile_0189.jpg,123920,89414,0.7215,7320,1,crack,encaustic,white_pu,189,0.3411,REJECT
tile_0190.jpg,41889,40556,0.9682,923,1,chip,terracotta,white_pu,190,0.1547,APPROVE
tile_0191.jpg,40440,31011,0.7668,9103,1,shatter,stone,blue_pu,191,0.1183,REJECT
tile_0192.jpg,109646,109646,1.0000,0,0,none,concrete,grey_pvc,192,0.4183,APPROVE
tile_0193.jpg,95357,66875,0.7013,22288,1,crack+chip,encaustic,green_pvc,193,0.2551,REJECT
tile_0194.jpg,25329,21016,0.8297,21813,1,shatter,encaustic,blue_pu,194,0.0802,REJECT
tile_0195.jpg,54914,54914,1.0000,0,0,none,terracotta,blue_pu,195,0.2095,APPROVE
tile_0196.jpg,74176,56600,0.7631,8014,1,crack+chip,encaustic,black_rubber,196,0.2159,REJECT
tile_0197.jpg,80679,35594,0.4412,57449,1,shatter,encaustic,green_pvc,197,0.1358,REJECT
tile_0198.jpg,74221,43753,0.5895,9952,1,crack,stone,white_pu,198,0.1669,REJECT
tile_0199.jpg,68469,68469,1.0000,0,0,none,encaustic,white_pu,199,0.2612,APPROVE
tile_0200.jpg,168987,168987,1.0000,0,0,none,terracotta,green_pvc,200,0.6446,APPROVE
tile_0201.jpg,50484,50484,1.0000,0,0,none,marble,white_pu,201,0.1926,APPROVE
tile_0202.jpg,60144,51694,0.8595,11641,1,chip,terracotta,black_rubber,202,0.1972,APPROVE
tile_0203.jpg,69186,69186,1.0000,0,0,none,glazed,white_pu,203,0.2639,APPROVE
tile_0204.jpg,78561,39726,0.5057,47430,1,chip,marble,green_pvc,204,0.1515,REJECT
tile_0205.jpg,57570,49571,0.8611,27772,1,chip,encaustic,black_rubber,205,0.1891,APPROVE
tile_0206.jpg,58749,37306,0.6350,18763,1,crack+chip,concrete,blue_pu,206,0.1423,REJECT
tile_0207.jpg,23977,18146,0.7568,8721,1,crack+chip,marble,grey_pvc,207,0.0692,REJECT
tile_0208.jpg,59651,44808,0.7512,5457,1,crack,stone,black_rubber,208,0.1709,REJECT
tile_0209.jpg,32918,19738,0.5996,30416,1,crack+chip,encaustic,black_rubber,209,0.0753,REJECT
tile_0210.jpg,73335,64231,0.8759,5754,1,shatter,terracotta,black_rubber,210,0.2450,APPROVE
tile_0211.jpg,70133,70133,1.0000,0,0,none,concrete,green_pvc,211,0.2675,APPROVE
tile_0212.jpg,89342,64248,0.7191,5749,1,crack,encaustic,blue_pu,212,0.2451,REJECT
tile_0213.jpg,50791,36174,0.7122,18057,1,crack+chip,encaustic,green_pvc,213,0.1380,REJECT
tile_0214.jpg,142843,142843,1.0000,0,0,none,concrete,green_pvc,214,0.5449,APPROVE
tile_0215.jpg,72902,62354,0.8553,32589,1,chip,terracotta,green_pvc,215,0.2379,APPROVE
tile_0216.jpg,128596,128596,1.0000,0,0,none,terracotta,grey_pvc,216,0.4906,APPROVE
tile_0217.jpg,54333,43321,0.7973,4941,1,crack+chip,encaustic,green_pvc,217,0.1653,REJECT
tile_0218.jpg,55770,55770,1.0000,0,0,none,encaustic,grey_pvc,218,0.2127,APPROVE
tile_0219.jpg,40675,24933,0.6130,32085,1,shatter,marble,green_pvc,219,0.0951,REJECT
tile_0220.jpg,119723,119723,1.0000,0,0,none,terracotta,black_rubber,220,0.4567,APPROVE
tile_0221.jpg,45040,45040,1.0000,0,0,none,terracotta,white_pu,221,0.1718,APPROVE
tile_0222.jpg,137742,77413,0.5620,14015,1,crack,terracotta,green_pvc,222,0.2953,REJECT
tile_0223.jpg,31901,31533,0.9885,642,1,chip,glazed,green_pvc,223,0.1203,APPROVE
tile_0224.jpg,30436,30436,1.0000,0,0,none,terracotta,green_pvc,224,0.1161,APPROVE
tile_0225.jpg,169705,151523,0.8929,4019,1,crack+chip,stone,green_pvc,225,0.5780,APPROVE
tile_0226.jpg,18943,11671,0.6161,12890,1,shatter,marble,black_rubber,226,0.0445,REJECT
tile_0227.jpg,73254,73254,1.0000,0,0,none,terracotta,white_pu,227,0.2794,APPROVE
tile_0228.jpg,86226,56632,0.6568,28942,1,crack+chip,stone,grey_pvc,228,0.2160,REJECT
tile_0229.jpg,85694,19051,0.2223,70481,1,chip,marble,grey_pvc,229,0.0727,REJECT
tile_0230.jpg,143429,143429,1.0000,0,0,none,terracotta,white_pu,230,0.5471,APPROVE
tile_0231.jpg,44639,29702,0.6654,34083,1,shatter,marble,grey_pvc,231,0.1133,REJECT
tile_0232.jpg,51535,51535,1.0000,0,0,none,terracotta,green_pvc,232,0.1966,APPROVE
tile_0233.jpg,92356,52990,0.5738,11377,1,crack,encaustic,grey_pvc,233,0.2021,REJECT
tile_0234.jpg,59591,59591,1.0000,0,0,none,encaustic,grey_pvc,234,0.2273,APPROVE
tile_0235.jpg,22078,20003,0.9060,939,1,crack,concrete,blue_pu,235,0.0763,APPROVE
tile_0236.jpg,106730,106730,1.0000,0,0,none,terracotta,grey_pvc,236,0.4071,APPROVE
tile_0237.jpg,136862,113588,0.8299,12270,1,crack+chip,encaustic,green_pvc,237,0.4333,REJECT
tile_0238.jpg,65690,50805,0.7734,4108,1,crack,marble,grey_pvc,238,0.1938,REJECT
tile_0239.jpg,63054,27152,0.4306,38333,1,chip,encaustic,blue_pu,239,0.1036,REJECT
tile_0240.jpg,127477,63272,0.4963,53485,1,shatter,encaustic,white_pu,240,0.2414,REJECT
tile_0241.jpg,35374,25342,0.7164,22900,1,shatter,terracotta,green_pvc,241,0.0967,REJECT
tile_0242.jpg,147672,147672,1.0000,0,0,none,terracotta,white_pu,242,0.5633,APPROVE
tile_0243.jpg,36311,22569,0.6215,6638,1,crack,glazed,blue_pu,243,0.0861,REJECT
tile_0244.jpg,162600,162600,1.0000,0,0,none,concrete,blue_pu,244,0.6203,APPROVE
tile_0245.jpg,89245,89245,1.0000,0,0,none,glazed,green_pvc,245,0.3404,APPROVE
tile_0246.jpg,169159,169159,1.0000,0,0,none,encaustic,white_pu,246,0.6453,APPROVE
tile_0247.jpg,68148,67963,0.9973,299,1,chip,marble,grey_pvc,247,0.2593,APPROVE
tile_0248.jpg,84949,84949,1.0000,0,0,none,terracotta,blue_pu,248,0.3241,APPROVE
tile_0249.jpg,58802,58802,1.0000,0,0,none,stone,black_rubber,249,0.2243,APPROVE
tile_0250.jpg,87128,85860,0.9854,716,1,chip,terracotta,black_rubber,250,0.3275,APPROVE
tile_0251.jpg,21525,20689,0.9612,637,1,chip,concrete,grey_pvc,251,0.0789,APPROVE
tile_0252.jpg,23153,19832,0.8566,1526,1,crack+chip,glazed,blue_pu,252,0.0757,APPROVE
tile_0253.jpg,92492,55705,0.6023,83321,1,shatter,encaustic,black_rubber,253,0.2125,REJECT
tile_0254.jpg,49701,49701,1.0000,0,0,none,terracotta,black_rubber,254,0.1896,APPROVE
tile_0255.jpg,37350,21595,0.5782,10730,1,crack+chip,stone,white_pu,255,0.0824,REJECT
tile_0256.jpg,58008,58008,1.0000,0,0,none,stone,blue_pu,256,0.2213,APPROVE
tile_0257.jpg,131515,70861,0.5388,16835,1,crack,marble,black_rubber,257,0.2703,REJECT
tile_0258.jpg,32014,15334,0.4790,55653,1,shatter,marble,green_pvc,258,0.0585,REJECT
tile_0259.jpg,47815,47815,1.0000,0,0,none,stone,black_rubber,259,0.1824,APPROVE
tile_0260.jpg,11666,7738,0.6633,16242,1,shatter,marble,grey_pvc,260,0.0295,REJECT
tile_0261.jpg,80881,74439,0.9204,3239,1,crack+chip,encaustic,blue_pu,261,0.2840,APPROVE
tile_0262.jpg,61091,61091,1.0000,0,0,none,marble,black_rubber,262,0.2330,APPROVE
tile_0263.jpg,123361,123361,1.0000,0,0,none,glazed,blue_pu,263,0.4706,APPROVE
tile_0264.jpg,69298,53593,0.7734,5917,1,crack,glazed,green_pvc,264,0.2044,REJECT
tile_0265.jpg,34598,22177,0.6410,49231,1,shatter,concrete,black_rubber,265,0.0846,REJECT
tile_0266.jpg,146616,146616,1.0000,0,0,none,marble,black_rubber,266,0.5593,APPROVE
tile_0267.jpg,56301,56301,1.0000,0,0,none,glazed,grey_pvc,267,0.2148,APPROVE
tile_0268.jpg,56483,56483,1.0000,0,0,none,marble,white_pu,268,0.2155,APPROVE
tile_0269.jpg,150304,150304,1.0000,0,0,none,encaustic,black_rubber,269,0.5734,APPROVE
tile_0270.jpg,73472,73472,1.0000,0,0,none,glazed,green_pvc,270,0.2803,APPROVE
tile_0271.jpg,80086,71413,0.8917,2502,1,crack,concrete,black_rubber,271,0.2724,APPROVE
tile_0272.jpg,71678,71678,1.0000,0,0,none,marble,grey_pvc,272,0.2734,APPROVE
tile_0273.jpg,25932,15094,0.5821,23956,1,shatter,encaustic,green_pvc,273,0.0576,REJECT
tile_0274.jpg,119086,95642,0.8031,55320,1,chip,stone,blue_pu,274,0.3648,REJECT
tile_0275.jpg,123022,121026,0.9838,4051,1,chip,terracotta,green_pvc,275,0.4617,APPROVE
tile_0276.jpg,33139,29391,0.8869,5933,1,chip,terracotta,green_pvc,276,0.1121,APPROVE
tile_0277.jpg,146797,146797,1.0000,0,0,none,stone,grey_pvc,277,0.5600,APPROVE
tile_0278.jpg,57361,31565,0.5503,10627,1,crack,terracotta,black_rubber,278,0.1204,REJECT
tile_0279.jpg,22632,22632,1.0000,0,0,none,stone,grey_pvc,279,0.0863,APPROVE
tile_0280.jpg,37123,32960,0.8879,3201,1,chip,terracotta,green_pvc,280,0.1257,APPROVE
tile_0281.jpg,35049,32679,0.9324,782,1,crack,glazed,blue_pu,281,0.1247,APPROVE
tile_0282.jpg,162192,162192,1.0000,0,0,none,encaustic,grey_pvc,282,0.6187,APPROVE
tile_0283.jpg,20729,12661,0.6108,4024,1,crack,concrete,black_rubber,283,0.0483,REJECT
tile_0284.jpg,166353,166353,1.0000,0,0,none,encaustic,grey_pvc,284,0.6346,APPROVE
tile_0285.jpg,23178,19839,0.8559,3818,1,chip,stone,black_rubber,285,0.0757,APPROVE
tile_0286.jpg,51840,51840,1.0000,0,0,none,stone,white_pu,286,0.1978,APPROVE
tile_0287.jpg,78590,78590,1.0000,0,0,none,concrete,black_rubber,287,0.2998,APPROVE
tile_0288.jpg,107280,74709,0.6964,13429,1,crack+chip,stone,blue_pu,288,0.2850,REJECT
tile_0289.jpg,95721,95721,1.0000,0,0,none,glazed,green_pvc,289,0.3651,APPROVE
tile_0290.jpg,118710,118710,1.0000,0,0,none,encaustic,black_rubber,290,0.4528,APPROVE
tile_0291.jpg,61326,61326,1.0000,0,0,none,terracotta,green_pvc,291,0.2339,APPROVE
tile_0292.jpg,162117,162117,1.0000,0,0,none,stone,green_pvc,292,0.6184,APPROVE
tile_0293.jpg,55114,55114,1.0000,0,0,none,encaustic,black_rubber,293,0.2102,APPROVE
tile_0294.jpg,79795,79795,1.0000,0,0,none,encaustic,blue_pu,294,0.3044,APPROVE
tile_0295.jpg,21820,15916,0.7294,2860,1,crack,glazed,black_rubber,295,0.0607,REJECT
tile_0296.jpg,66203,42518,0.6422,32924,1,shatter,glazed,green_pvc,296,0.1622,REJECT
tile_0297.jpg,71869,48646,0.6769,18758,1,chip,terracotta,black_rubber,297,0.1856,REJECT
tile_0298.jpg,80798,80798,1.0000,0,0,none,glazed,black_rubber,298,0.3082,APPROVE
tile_0299.jpg,146203,146203,1.0000,0,0,none,encaustic,black_rubber,299,0.5577,APPROVE
tile_0300.jpg,81746,81746,1.0000,0,0,none,terracotta,green_pvc,300,0.3118,APPROVE
tile_0301.jpg,54906,43894,0.7994,19725,1,chip,terracotta,black_rubber,301,0.1674,REJECT
tile_0302.jpg,23900,16398,0.6861,33554,1,shatter,glazed,grey_pvc,302,0.0626,REJECT
tile_0303.jpg,93009,60403,0.6494,8953,1,crack,terracotta,black_rubber,303,0.2304,REJECT
tile_0304.jpg,127584,127584,1.0000,0,0,none,terracotta,grey_pvc,304,0.4867,APPROVE
tile_0305.jpg,39480,35175,0.8910,9648,1,chip,stone,black_rubber,305,0.1342,APPROVE
tile_0306.jpg,63215,63215,1.0000,0,0,none,terracotta,black_rubber,306,0.2411,APPROVE
tile_0307.jpg,62384,59584,0.9551,3916,1,chip,stone,grey_pvc,307,0.2273,APPROVE
tile_0308.jpg,91609,71326,0.7786,5661,1,crack,concrete,grey_pvc,308,0.2721,REJECT
tile_0309.jpg,87808,63879,0.7275,7540,1,crack,terracotta,green_pvc,309,0.2437,REJECT
tile_0310.jpg,37300,37300,1.0000,0,0,none,terracotta,white_pu,310,0.1423,APPROVE
tile_0311.jpg,87799,87799,1.0000,0,0,none,stone,grey_pvc,311,0.3349,APPROVE
tile_0312.jpg,49396,37625,0.7617,4384,1,crack,glazed,green_pvc,312,0.1435,REJECT
tile_0313.jpg,162958,112518,0.6905,12565,1,crack,concrete,green_pvc,313,0.4292,REJECT
tile_0314.jpg,71471,51709,0.7235,7030,1,crack,terracotta,green_pvc,314,0.1973,REJECT
tile_0315.jpg,47983,30873,0.6434,30896,1,shatter,terracotta,grey_pvc,315,0.1178,REJECT
tile_0316.jpg,75919,47781,0.6294,62270,1,shatter,encaustic,grey_pvc,316,0.1823,REJECT
tile_0317.jpg,122830,122830,1.0000,0,0,none,stone,green_pvc,317,0.4686,APPROVE
tile_0318.jpg,27249,26278,0.9644,1271,1,chip,stone,white_pu,318,0.1002,APPROVE
tile_0319.jpg,47341,46121,0.9742,498,1,crack+chip,concrete,black_rubber,319,0.1759,APPROVE
tile_0320.jpg,61035,57056,0.9348,7220,1,chip,terracotta,green_pvc,320,0.2177,APPROVE
tile_0321.jpg,62308,62308,1.0000,0,0,none,encaustic,grey_pvc,321,0.2377,APPROVE
tile_0322.jpg,25208,16312,0.6471,5015,1,crack,stone,blue_pu,322,0.0622,REJECT
tile_0323.jpg,49624,36674,0.7390,5980,1,crack+chip,terracotta,black_rubber,323,0.1399,REJECT
tile_0324.jpg,38364,34576,0.9013,19537,1,crack+chip,concrete,white_pu,324,0.1319,APPROVE
tile_0325.jpg,36566,11788,0.3224,33450,1,crack+chip,concrete,blue_pu,325,0.0450,REJECT
tile_0326.jpg,64395,64395,1.0000,0,0,none,stone,grey_pvc,326,0.2456,APPROVE
tile_0327.jpg,135173,135173,1.0000,0,0,none,encaustic,white_pu,327,0.5156,APPROVE
tile_0328.jpg,143470,101563,0.7079,20583,1,crack+chip,terracotta,green_pvc,328,0.3874,REJECT
tile_0329.jpg,57453,39078,0.6802,6893,1,crack,terracotta,grey_pvc,329,0.1491,REJECT
tile_0330.jpg,37679,37679,1.0000,0,0,none,glazed,black_rubber,330,0.1437,APPROVE
tile_0331.jpg,88987,55820,0.6273,94500,1,shatter,marble,green_pvc,331,0.2129,REJECT
tile_0332.jpg,109607,71472,0.6521,29792,1,shatter,encaustic,grey_pvc,332,0.2726,REJECT
tile_0333.jpg,105991,87411,0.8247,3918,1,crack,terracotta,grey_pvc,333,0.3334,REJECT
tile_0334.jpg,54158,52016,0.9604,2240,1,chip,stone,black_rubber,334,0.1984,APPROVE
tile_0335.jpg,120023,119000,0.9915,1018,1,chip,marble,white_pu,335,0.4539,APPROVE
tile_0336.jpg,38846,22929,0.5903,42941,1,crack+chip,glazed,green_pvc,336,0.0875,REJECT
tile_0337.jpg,57464,32966,0.5737,9644,1,crack,glazed,grey_pvc,337,0.1258,REJECT
tile_0338.jpg,84546,64358,0.7612,6760,1,crack,terracotta,green_pvc,338,0.2455,REJECT
tile_0339.jpg,81193,45327,0.5583,23609,1,shatter,terracotta,black_rubber,339,0.1729,REJECT
tile_0340.jpg,130915,130915,1.0000,0,0,none,encaustic,white_pu,340,0.4994,APPROVE
tile_0341.jpg,48401,45954,0.9494,723,1,crack,glazed,black_rubber,341,0.1753,APPROVE
tile_0342.jpg,57615,57615,1.0000,0,0,none,stone,white_pu,342,0.2198,APPROVE
tile_0343.jpg,66413,55617,0.8374,3695,1,crack,terracotta,grey_pvc,343,0.2122,REJECT
tile_0344.jpg,14551,11043,0.7589,19999,1,shatter,terracotta,blue_pu,344,0.0421,REJECT
tile_0345.jpg,48038,48038,1.0000,0,0,none,concrete,blue_pu,345,0.1833,APPROVE
tile_0346.jpg,101634,52833,0.5198,39188,1,crack+chip,marble,grey_pvc,346,0.2015,REJECT
tile_0347.jpg,130623,70222,0.5376,15576,1,crack,encaustic,black_rubber,347,0.2679,REJECT
tile_0348.jpg,161877,161877,1.0000,0,0,none,glazed,black_rubber,348,0.6175,APPROVE
tile_0349.jpg,91639,91639,1.0000,0,0,none,encaustic,white_pu,349,0.3496,APPROVE
tile_0350.jpg,59237,59237,1.0000,0,0,none,glazed,green_pvc,350,0.2260,APPROVE
tile_0351.jpg,89016,88544,0.9947,442,1,chip,encaustic,white_pu,351,0.3378,APPROVE
tile_0352.jpg,58158,51764,0.8901,2009,1,crack+chip,concrete,blue_pu,352,0.1975,APPROVE
tile_0353.jpg,148607,148607,1.0000,0,0,none,marble,blue_pu,353,0.5669,APPROVE
tile_0354.jpg,15125,9838,0.6504,8191,1,shatter,marble,white_pu,354,0.0375,REJECT
tile_0355.jpg,55676,34049,0.6116,16709,1,crack+chip,terracotta,green_pvc,355,0.1299,REJECT
tile_0356.jpg,62080,53615,0.8636,97109,1,shatter,encaustic,black_rubber,356,0.2045,APPROVE
tile_0357.jpg,76626,54591,0.7124,25275,1,crack+chip,stone,grey_pvc,357,0.2082,REJECT
tile_0358.jpg,70495,48281,0.6849,66227,1,crack+chip,encaustic,green_pvc,358,0.1842,REJECT
tile_0359.jpg,135339,135339,1.0000,0,0,none,encaustic,grey_pvc,359,0.5163,APPROVE
tile_0360.jpg,42592,42592,1.0000,0,0,none,glazed,black_rubber,360,0.1625,APPROVE
tile_0361.jpg,40013,38714,0.9675,494,1,crack+chip,terracotta,grey_pvc,361,0.1477,APPROVE
tile_0362.jpg,28842,18833,0.6530,5414,1,crack,terracotta,green_pvc,362,0.0718,REJECT
tile_0363.jpg,66225,56136,0.8477,9425,1,chip,concrete,blue_pu,363,0.2141,REJECT
tile_0364.jpg,80411,80411,1.0000,0,0,none,glazed,grey_pvc,364,0.3067,APPROVE
tile_0365.jpg,144406,114691,0.7942,13587,1,crack+chip,encaustic,grey_pvc,365,0.4375,REJECT
tile_0366.jpg,48763,45607,0.9353,1390,1,crack+chip,terracotta,black_rubber,366,0.1740,APPROVE
tile_0367.jpg,74921,47373,0.6323,10475,1,crack,marble,white_pu,367,0.1807,REJECT
tile_0368.jpg,56082,38531,0.6870,31868,1,chip,encaustic,black_rubber,368,0.1470,REJECT
tile_0369.jpg,27426,14045,0.5121,12636,1,crack+chip,glazed,black_rubber,369,0.0536,REJECT
tile_0370.jpg,49775,46192,0.9280,3921,1,chip,glazed,black_rubber,370,0.1762,APPROVE
tile_0371.jpg,68373,68373,1.0000,0,0,none,concrete,grey_pvc,371,0.2608,APPROVE
tile_0372.jpg,43210,38798,0.8979,17622,1,chip,encaustic,grey_pvc,372,0.1480,APPROVE
tile_0373.jpg,100726,100726,1.0000,0,0,none,stone,grey_pvc,373,0.3842,APPROVE
tile_0374.jpg,117529,97119,0.8263,5181,1,crack,terracotta,blue_pu,374,0.3705,REJECT
tile_0375.jpg,46526,39708,0.8535,4181,1,crack+chip,glazed,green_pvc,375,0.1515,APPROVE
tile_0376.jpg,42045,40144,0.9548,471,1,crack,stone,white_pu,376,0.1531,APPROVE
tile_0377.jpg,122341,82050,0.6707,58846,1,crack+chip,concrete,green_pvc,377,0.3130,REJECT
tile_0378.jpg,33080,33080,1.0000,0,0,none,concrete,blue_pu,378,0.1262,APPROVE
tile_0379.jpg,39591,22180,0.5602,39827,1,crack+chip,encaustic,black_rubber,379,0.0846,REJECT
tile_0380.jpg,22397,17133,0.7650,12079,1,shatter,marble,black_rubber,380,0.0654,REJECT
tile_0381.jpg,34319,34319,1.0000,0,0,none,terracotta,green_pvc,381,0.1309,APPROVE
tile_0382.jpg,42395,28459,0.6713,5230,1,crack,encaustic,white_pu,382,0.1086,REJECT
tile_0383.jpg,23458,12384,0.5279,9529,1,crack+chip,glazed,green_pvc,383,0.0472,REJECT
tile_0384.jpg,89103,89103,1.0000,0,0,none,encaustic,white_pu,384,0.3399,APPROVE
tile_0385.jpg,83907,65992,0.7865,45160,1,chip,encaustic,white_pu,385,0.2517,REJECT
tile_0386.jpg,108303,75843,0.7003,7433,1,crack,stone,black_rubber,386,0.2893,REJECT
tile_0387.jpg,76657,76657,1.0000,0,0,none,concrete,grey_pvc,387,0.2924,APPROVE
tile_0388.jpg,99894,99894,1.0000,0,0,none,glazed,blue_pu,388,0.3811,APPROVE
tile_0389.jpg,113451,77701,0.6849,45182,1,chip,encaustic,white_pu,389,0.2964,REJECT
tile_0390.jpg,155062,155062,1.0000,0,0,none,glazed,white_pu,390,0.5915,APPROVE
tile_0391.jpg,56894,28982,0.5094,9435,1,crack,encaustic,grey_pvc,391,0.1106,REJECT
tile_0392.jpg,131971,72597,0.5501,38375,1,shatter,encaustic,blue_pu,392,0.2769,REJECT
tile_0393.jpg,97286,55127,0.5666,10946,1,crack,encaustic,blue_pu,393,0.2103,REJECT
tile_0394.jpg,180004,161909,0.8995,11976,1,chip,glazed,white_pu,394,0.6176,APPROVE
tile_0395.jpg,107645,107645,1.0000,0,0,none,encaustic,black_rubber,395,0.4106,APPROVE
tile_0396.jpg,119336,119336,1.0000,0,0,none,stone,black_rubber,396,0.4552,APPROVE
tile_0397.jpg,21760,18549,0.8524,2589,1,chip,glazed,black_rubber,397,0.0708,APPROVE
tile_0398.jpg,105316,63470,0.6027,72504,1,shatter,stone,green_pvc,398,0.2421,REJECT
tile_0399.jpg,116825,66072,0.5656,13141,1,crack,terracotta,green_pvc,399,0.2520,REJECT
tile_0400.jpg,52426,16025,0.3057,29208,1,crack+chip,terracotta,blue_pu,400,0.0611,REJECT
tile_0401.jpg,55008,55008,1.0000,0,0,none,encaustic,blue_pu,401,0.2098,APPROVE
tile_0402.jpg,89675,89675,1.0000,0,0,none,encaustic,blue_pu,402,0.3421,APPROVE
tile_0403.jpg,93094,44384,0.4768,30830,1,crack+chip,concrete,grey_pvc,403,0.1693,REJECT
tile_0404.jpg,39537,39537,1.0000,0,0,none,glazed,green_pvc,404,0.1508,APPROVE
tile_0405.jpg,65152,48637,0.7465,29581,1,shatter,stone,black_rubber,405,0.1855,REJECT
tile_0406.jpg,57933,57933,1.0000,0,0,none,marble,white_pu,406,0.2210,APPROVE
tile_0407.jpg,80994,75251,0.9291,3969,1,crack+chip,concrete,blue_pu,407,0.2871,APPROVE
tile_0408.jpg,141637,141637,1.0000,0,0,none,encaustic,black_rubber,408,0.5403,APPROVE
tile_0409.jpg,25678,20726,0.8072,3995,1,crack+chip,concrete,white_pu,409,0.0791,REJECT
tile_0410.jpg,73248,39596,0.5406,30435,1,shatter,glazed,black_rubber,410,0.1510,REJECT
tile_0411.jpg,45718,45718,1.0000,0,0,none,stone,blue_pu,411,0.1744,APPROVE
tile_0412.jpg,71341,57265,0.8027,4730,1,crack,concrete,green_pvc,412,0.2184,REJECT
tile_0413.jpg,86351,50345,0.5830,43519,1,shatter,encaustic,white_pu,413,0.1921,REJECT
tile_0414.jpg,154740,154740,1.0000,0,0,none,glazed,white_pu,414,0.5903,APPROVE
tile_0415.jpg,65138,65138,1.0000,0,0,none,glazed,green_pvc,415,0.2485,APPROVE
tile_0416.jpg,28497,28010,0.9829,1162,1,chip,marble,black_rubber,416,0.1068,APPROVE
tile_0417.jpg,34854,22634,0.6494,5272,1,crack,marble,green_pvc,417,0.0863,REJECT
tile_0418.jpg,44358,35355,0.7970,7153,1,crack+chip,encaustic,white_pu,418,0.1349,REJECT
tile_0419.jpg,97495,54798,0.5621,39585,1,shatter,concrete,green_pvc,419,0.2090,REJECT
tile_0420.jpg,56083,56083,1.0000,0,0,none,terracotta,black_rubber,420,0.2139,APPROVE
tile_0421.jpg,42019,35619,0.8477,5494,1,crack+chip,encaustic,green_pvc,421,0.1359,REJECT
tile_0422.jpg,37950,32003,0.8433,35641,1,chip,encaustic,black_rubber,422,0.1221,REJECT
tile_0423.jpg,31967,21538,0.6738,25637,1,shatter,marble,blue_pu,423,0.0822,REJECT
tile_0424.jpg,45352,31748,0.7000,5548,1,crack,glazed,grey_pvc,424,0.1211,REJECT
tile_0425.jpg,42159,26070,0.6184,5584,1,crack,terracotta,black_rubber,425,0.0994,REJECT
tile_0426.jpg,22327,22327,1.0000,0,0,none,glazed,black_rubber,426,0.0852,APPROVE
tile_0427.jpg,74961,36540,0.4875,11768,1,crack,concrete,grey_pvc,427,0.1394,REJECT
tile_0428.jpg,53689,49011,0.9129,15260,1,chip,glazed,white_pu,428,0.1870,APPROVE
tile_0429.jpg,66560,41542,0.6241,103842,1,shatter,encaustic,black_rubber,429,0.1585,REJECT
tile_0430.jpg,33982,16561,0.4873,13468,1,crack+chip,concrete,black_rubber,430,0.0632,REJECT
tile_0431.jpg,61663,61663,1.0000,0,0,none,encaustic,black_rubber,431,0.2352,APPROVE
tile_0432.jpg,108430,89038,0.8212,4082,1,crack,encaustic,black_rubber,432,0.3397,REJECT
tile_0433.jpg,54054,54054,1.0000,0,0,none,glazed,white_pu,433,0.2062,APPROVE
tile_0434.jpg,28124,28124,1.0000,0,0,none,glazed,black_rubber,434,0.1073,APPROVE
tile_0435.jpg,49761,33676,0.6768,4702,1,crack,terracotta,black_rubber,435,0.1285,REJECT
tile_0436.jpg,47955,47955,1.0000,0,0,none,stone,white_pu,436,0.1829,APPROVE
tile_0437.jpg,107731,86268,0.8008,27975,1,chip,terracotta,grey_pvc,437,0.3291,REJECT
tile_0438.jpg,127800,127800,1.0000,0,0,none,terracotta,black_rubber,438,0.4875,APPROVE
tile_0439.jpg,43679,43679,1.0000,0,0,none,glazed,grey_pvc,439,0.1666,APPROVE
tile_0440.jpg,115088,115088,1.0000,0,0,none,concrete,black_rubber,440,0.4390,APPROVE
tile_0441.jpg,86507,86507,1.0000,0,0,none,concrete,grey_pvc,441,0.3300,APPROVE
tile_0442.jpg,10887,7629,0.7007,18012,1,shatter,glazed,green_pvc,442,0.0291,REJECT
tile_0443.jpg,63865,45805,0.7172,6550,1,crack,glazed,grey_pvc,443,0.1747,REJECT
tile_0444.jpg,46548,39987,0.8590,1911,1,crack,encaustic,black_rubber,444,0.1525,APPROVE
tile_0445.jpg,157948,100928,0.6390,13410,1,crack,encaustic,black_rubber,445,0.3850,REJECT
tile_0446.jpg,126832,86035,0.6783,8250,1,crack,encaustic,black_rubber,446,0.3282,REJECT
tile_0447.jpg,54199,40972,0.7560,4890,1,crack,stone,green_pvc,447,0.1563,REJECT
tile_0448.jpg,91978,67018,0.7286,25442,1,crack+chip,terracotta,green_pvc,448,0.2557,REJECT
tile_0449.jpg,128664,124053,0.9642,23780,1,chip,glazed,blue_pu,449,0.4732,APPROVE
tile_0450.jpg,44291,44291,1.0000,0,0,none,marble,black_rubber,450,0.1690,APPROVE
tile_0451.jpg,53065,53065,1.0000,0,0,none,concrete,black_rubber,451,0.2024,APPROVE
tile_0452.jpg,112792,71930,0.6377,10448,1,crack,glazed,grey_pvc,452,0.2744,REJECT
tile_0453.jpg,65301,65301,1.0000,0,0,none,concrete,grey_pvc,453,0.2491,APPROVE
tile_0454.jpg,149635,79868,0.5338,20242,1,crack,glazed,blue_pu,454,0.3047,REJECT
tile_0455.jpg,112545,81254,0.7220,7662,1,crack,marble,green_pvc,455,0.3100,REJECT
tile_0456.jpg,36668,34049,0.9286,2097,1,chip,terracotta,green_pvc,456,0.1299,APPROVE
tile_0457.jpg,106932,98686,0.9229,1628,1,crack+chip,stone,green_pvc,457,0.3765,APPROVE
tile_0458.jpg,123657,102656,0.8302,32699,1,shatter,concrete,white_pu,458,0.3916,REJECT
tile_0459.jpg,140814,75759,0.5380,15905,1,crack,encaustic,black_rubber,459,0.2890,REJECT
tile_0460.jpg,22729,17924,0.7886,21227,1,shatter,concrete,blue_pu,460,0.0684,REJECT
tile_0461.jpg,180157,136331,0.7567,7839,1,crack,encaustic,green_pvc,461,0.5201,REJECT
tile_0462.jpg,48986,48986,1.0000,0,0,none,encaustic,green_pvc,462,0.1869,APPROVE
tile_0463.jpg,90543,62218,0.6872,25028,1,crack+chip,stone,black_rubber,463,0.2373,REJECT
tile_0464.jpg,45937,45937,1.0000,0,0,none,concrete,blue_pu,464,0.1752,APPROVE
tile_0465.jpg,158413,71438,0.4510,18987,1,crack,glazed,green_pvc,465,0.2725,REJECT
tile_0466.jpg,84055,78545,0.9344,10276,1,shatter,concrete,green_pvc,466,0.2996,APPROVE
tile_0467.jpg,100749,100749,1.0000,0,0,none,encaustic,black_rubber,467,0.3843,APPROVE
tile_0468.jpg,125061,103578,0.8282,4156,1,crack,glazed,green_pvc,468,0.3951,REJECT
tile_0469.jpg,41053,41053,1.0000,0,0,none,marble,black_rubber,469,0.1566,APPROVE
tile_0470.jpg,142993,142993,1.0000,0,0,none,concrete,green_pvc,470,0.5455,APPROVE
tile_0471.jpg,176586,176586,1.0000,0,0,none,encaustic,grey_pvc,471,0.6736,APPROVE
tile_0472.jpg,37943,37943,1.0000,0,0,none,stone,blue_pu,472,0.1447,APPROVE
tile_0473.jpg,25184,19395,0.7701,2828,1,crack,terracotta,white_pu,473,0.0740,REJECT
tile_0474.jpg,69112,69112,1.0000,0,0,none,terracotta,green_pvc,474,0.2636,APPROVE
tile_0475.jpg,145501,128040,0.8800,20338,1,shatter,concrete,green_pvc,475,0.4884,APPROVE
tile_0476.jpg,67978,44612,0.6563,27168,1,shatter,marble,green_pvc,476,0.1702,REJECT
tile_0477.jpg,57127,13308,0.2330,50525,1,crack+chip,glazed,black_rubber,477,0.0508,REJECT
tile_0478.jpg,22143,18072,0.8161,6415,1,shatter,glazed,grey_pvc,478,0.0689,REJECT
tile_0479.jpg,34996,34996,1.0000,0,0,none,glazed,grey_pvc,479,0.1335,APPROVE
tile_0480.jpg,81845,66166,0.8084,13046,1,chip,terracotta,black_rubber,480,0.2524,REJECT
tile_0481.jpg,171516,107062,0.6242,13440,1,crack,glazed,green_pvc,481,0.4084,REJECT
tile_0482.jpg,23917,20102,0.8405,39437,1,chip,concrete,white_pu,482,0.0767,REJECT
tile_0483.jpg,184347,184347,1.0000,0,0,none,terracotta,grey_pvc,483,0.7032,APPROVE
tile_0484.jpg,11762,8363,0.7110,13103,1,shatter,concrete,black_rubber,484,0.0319,REJECT
tile_0485.jpg,52739,52739,1.0000,0,0,none,terracotta,black_rubber,485,0.2012,APPROVE
tile_0486.jpg,62528,9874,0.1579,42454,1,crack+chip,terracotta,green_pvc,486,0.0377,REJECT
tile_0487.jpg,83081,42819,0.5154,54376,1,shatter,terracotta,black_rubber,487,0.1633,REJECT
tile_0488.jpg,163799,107600,0.6569,11611,1,crack,encaustic,blue_pu,488,0.4105,REJECT
tile_0489.jpg,59842,59842,1.0000,0,0,none,concrete,black_rubber,489,0.2283,APPROVE
tile_0490.jpg,71492,50950,0.7127,39403,1,chip,stone,grey_pvc,490,0.1944,REJECT
tile_0491.jpg,59317,35946,0.6060,45185,1,shatter,encaustic,black_rubber,491,0.1371,REJECT
tile_0492.jpg,49702,30957,0.6229,7473,1,crack,concrete,black_rubber,492,0.1181,REJECT
tile_0493.jpg,57004,48632,0.8531,23652,1,shatter,concrete,grey_pvc,493,0.1855,APPROVE
tile_0494.jpg,22517,14825,0.6584,3645,1,crack,terracotta,black_rubber,494,0.0566,REJECT
tile_0495.jpg,44299,41767,0.9428,723,1,crack,concrete,grey_pvc,495,0.1593,APPROVE
tile_0496.jpg,46276,46276,1.0000,0,0,none,marble,grey_pvc,496,0.1765,APPROVE
tile_0497.jpg,82391,82391,1.0000,0,0,none,glazed,blue_pu,497,0.3143,APPROVE
tile_0498.jpg,58383,58383,1.0000,0,0,none,terracotta,green_pvc,498,0.2227,APPROVE
tile_0499.jpg,73912,73912,1.0000,0,0,none,marble,black_rubber,499,0.2820,APPROVE
tile_0500.jpg,41849,23228,0.5550,16383,1,crack+chip,marble,white_pu,500,0.0886,REJECT
tile_0501.jpg,79092,79092,1.0000,0,0,none,marble,black_rubber,501,0.3017,APPROVE
tile_0502.jpg,19690,16896,0.8581,1288,1,crack,terracotta,blue_pu,502,0.0645,APPROVE
tile_0503.jpg,28302,28302,1.0000,0,0,none,terracotta,black_rubber,503,0.1080,APPROVE
tile_0504.jpg,57452,43068,0.7496,7037,1,crack+chip,concrete,black_rubber,504,0.1643,REJECT
tile_0505.jpg,48804,42481,0.8704,36761,1,chip,encaustic,black_rubber,505,0.1621,APPROVE
tile_0506.jpg,56589,41955,0.7414,5199,1,crack,marble,black_rubber,506,0.1600,REJECT
tile_0507.jpg,54742,34379,0.6280,40860,1,shatter,concrete,green_pvc,507,0.1311,REJECT
tile_0508.jpg,47772,33530,0.7019,63210,1,shatter,terracotta,black_rubber,508,0.1279,REJECT
tile_0509.jpg,185435,173128,0.9336,1541,1,crack,marble,black_rubber,509,0.6604,APPROVE
tile_0510.jpg,19303,11539,0.5978,6753,1,crack+chip,glazed,green_pvc,510,0.0440,REJECT
tile_0511.jpg,113776,73944,0.6499,30204,1,crack+chip,marble,grey_pvc,511,0.2821,REJECT
tile_0512.jpg,108112,108112,1.0000,0,0,none,concrete,black_rubber,512,0.4124,APPROVE
tile_0513.jpg,160125,78735,0.4917,20364,1,crack,marble,green_pvc,513,0.3004,REJECT
tile_0514.jpg,34735,34735,1.0000,0,0,none,concrete,grey_pvc,514,0.1325,APPROVE
tile_0515.jpg,111473,79799,0.7159,6053,1,crack,terracotta,black_rubber,515,0.3044,REJECT
tile_0516.jpg,143178,107208,0.7488,41704,1,crack+chip,concrete,grey_pvc,516,0.4090,REJECT
tile_0517.jpg,53490,37038,0.6924,6086,1,crack,terracotta,black_rubber,517,0.1413,REJECT
tile_0518.jpg,29077,18235,0.6271,19790,1,crack+chip,encaustic,grey_pvc,518,0.0696,REJECT
tile_0519.jpg,112342,112342,1.0000,0,0,none,stone,blue_pu,519,0.4286,APPROVE
tile_0520.jpg,45071,45071,1.0000,0,0,none,glazed,green_pvc,520,0.1719,APPROVE
tile_0521.jpg,30179,24872,0.8241,36551,1,chip,concrete,grey_pvc,521,0.0949,REJECT
tile_0522.jpg,58490,32340,0.5529,34636,1,crack+chip,concrete,grey_pvc,522,0.1234,REJECT
tile_0523.jpg,94145,86218,0.9158,10472,1,chip,concrete,grey_pvc,523,0.3289,APPROVE
tile_0524.jpg,37055,24619,0.6644,46665,1,shatter,terracotta,green_pvc,524,0.0939,REJECT
tile_0525.jpg,33745,19902,0.5898,5683,1,crack,terracotta,black_rubber,525,0.0759,REJECT
tile_0526.jpg,51967,45758,0.8805,4898,1,chip,terracotta,black_rubber,526,0.1746,APPROVE
tile_0527.jpg,78015,52968,0.6789,6162,1,crack,terracotta,green_pvc,527,0.2021,REJECT
tile_0528.jpg,41652,41652,1.0000,0,0,none,terracotta,grey_pvc,528,0.1589,APPROVE
tile_0529.jpg,101256,93742,0.9258,11205,1,chip,terracotta,grey_pvc,529,0.3576,APPROVE
tile_0530.jpg,89293,89293,1.0000,0,0,none,terracotta,black_rubber,530,0.3406,APPROVE
tile_0531.jpg,88144,88144,1.0000,0,0,none,marble,black_rubber,531,0.3362,APPROVE
tile_0532.jpg,72064,41042,0.5695,31462,1,crack+chip,terracotta,green_pvc,532,0.1566,REJECT
tile_0533.jpg,38764,34764,0.8968,1486,1,crack,glazed,blue_pu,533,0.1326,APPROVE
tile_0534.jpg,16416,12400,0.7554,10317,1,shatter,glazed,grey_pvc,534,0.0473,REJECT
tile_0535.jpg,109269,101679,0.9305,1139,1,crack,terracotta,green_pvc,535,0.3879,APPROVE
tile_0536.jpg,83215,56059,0.6737,6474,1,crack,marble,grey_pvc,536,0.2138,REJECT
tile_0537.jpg,41828,41828,1.0000,0,0,none,stone,white_pu,537,0.1596,APPROVE
tile_0538.jpg,30683,22930,0.7473,19601,1,shatter,concrete,black_rubber,538,0.0875,REJECT
tile_0539.jpg,143834,132681,0.9225,2756,1,crack+chip,terracotta,green_pvc,539,0.5061,APPROVE
tile_0540.jpg,33052,27256,0.8246,2229,1,crack,concrete,black_rubber,540,0.1040,REJECT
tile_0541.jpg,37485,37485,1.0000,0,0,none,marble,black_rubber,541,0.1430,APPROVE
tile_0542.jpg,81680,58863,0.7207,8119,1,crack,stone,blue_pu,542,0.2245,REJECT
tile_0543.jpg,25073,25073,1.0000,0,0,none,terracotta,white_pu,543,0.0956,APPROVE
tile_0544.jpg,63891,34987,0.5476,11178,1,crack,concrete,blue_pu,544,0.1335,REJECT
tile_0545.jpg,90826,90826,1.0000,0,0,none,encaustic,grey_pvc,545,0.3465,APPROVE
tile_0546.jpg,32502,14115,0.4343,27116,1,crack+chip,terracotta,grey_pvc,546,0.0538,REJECT
tile_0547.jpg,54857,30637,0.5585,73200,1,crack+chip,concrete,black_rubber,547,0.1169,REJECT
tile_0548.jpg,171345,171345,1.0000,0,0,none,concrete,grey_pvc,548,0.6536,APPROVE
tile_0549.jpg,103373,103373,1.0000,0,0,none,terracotta,grey_pvc,549,0.3943,APPROVE
tile_0550.jpg,58247,58247,1.0000,0,0,none,terracotta,blue_pu,550,0.2222,APPROVE
tile_0551.jpg,138933,118005,0.8494,15099,1,chip,terracotta,black_rubber,551,0.4502,REJECT
tile_0552.jpg,54747,40885,0.7468,20144,1,chip,glazed,green_pvc,552,0.1560,REJECT
tile_0553.jpg,154981,131556,0.8489,3089,1,crack,stone,green_pvc,553,0.5018,REJECT
tile_0554.jpg,114654,114654,1.0000,0,0,none,encaustic,black_rubber,554,0.4374,APPROVE
tile_0555.jpg,62044,55691,0.8976,30914,1,chip,glazed,blue_pu,555,0.2124,APPROVE
tile_0556.jpg,29644,18653,0.6292,5347,1,crack,terracotta,green_pvc,556,0.0712,REJECT
tile_0557.jpg,123961,106710,0.8608,36853,1,chip,encaustic,black_rubber,557,0.4071,APPROVE
tile_0558.jpg,180501,180501,1.0000,0,0,none,encaustic,grey_pvc,558,0.6886,APPROVE
tile_0559.jpg,68980,30436,0.4412,29758,1,crack+chip,stone,green_pvc,559,0.1161,REJECT
tile_0560.jpg,64581,59880,0.9272,3286,1,chip,terracotta,grey_pvc,560,0.2284,APPROVE
tile_0561.jpg,89950,61837,0.6875,82381,1,crack+chip,encaustic,grey_pvc,561,0.2359,REJECT
tile_0562.jpg,89035,89035,1.0000,0,0,none,glazed,grey_pvc,562,0.3396,APPROVE
tile_0563.jpg,66029,66029,1.0000,0,0,none,encaustic,black_rubber,563,0.2519,APPROVE
tile_0564.jpg,75562,71304,0.9436,4396,1,chip,marble,green_pvc,564,0.2720,APPROVE
tile_0565.jpg,31590,24849,0.7866,11736,1,shatter,marble,black_rubber,565,0.0948,REJECT
tile_0566.jpg,115264,115264,1.0000,0,0,none,stone,grey_pvc,566,0.4397,APPROVE
tile_0567.jpg,46549,25526,0.5484,20199,1,chip,marble,grey_pvc,567,0.0974,REJECT
tile_0568.jpg,75631,75631,1.0000,0,0,none,glazed,white_pu,568,0.2885,APPROVE
tile_0569.jpg,23129,21585,0.9332,1445,1,chip,terracotta,white_pu,569,0.0823,APPROVE
tile_0570.jpg,44372,43628,0.9832,2264,1,chip,terracotta,white_pu,570,0.1664,APPROVE
tile_0571.jpg,46233,34216,0.7401,3849,1,crack,encaustic,white_pu,571,0.1305,REJECT
tile_0572.jpg,78060,56270,0.7209,6595,1,crack,concrete,blue_pu,572,0.2147,REJECT
tile_0573.jpg,34988,25812,0.7377,14561,1,shatter,glazed,green_pvc,573,0.0985,REJECT
tile_0574.jpg,49068,32856,0.6696,4559,1,crack,stone,blue_pu,574,0.1253,REJECT
tile_0575.jpg,45057,40415,0.8970,1399,1,crack+chip,terracotta,black_rubber,575,0.1542,APPROVE
tile_0576.jpg,52294,52294,1.0000,0,0,none,marble,green_pvc,576,0.1995,APPROVE
tile_0577.jpg,168798,156755,0.9287,1673,1,crack,terracotta,green_pvc,577,0.5980,APPROVE
tile_0578.jpg,75071,64260,0.8560,3024,1,crack,stone,grey_pvc,578,0.2451,APPROVE
tile_0579.jpg,24823,22854,0.9207,6117,1,chip,marble,white_pu,579,0.0872,APPROVE
tile_0580.jpg,74714,61603,0.8245,71988,1,chip,encaustic,black_rubber,580,0.2350,REJECT
tile_0581.jpg,74350,60287,0.8109,7839,1,crack+chip,terracotta,grey_pvc,581,0.2300,REJECT
tile_0582.jpg,42798,29255,0.6836,18542,1,chip,terracotta,white_pu,582,0.1116,REJECT
tile_0583.jpg,73264,66487,0.9075,21078,1,chip,encaustic,grey_pvc,583,0.2536,APPROVE
tile_0584.jpg,75998,75998,1.0000,0,0,none,terracotta,grey_pvc,584,0.2899,APPROVE
tile_0585.jpg,68208,58354,0.8555,67108,1,chip,encaustic,black_rubber,585,0.2226,APPROVE
tile_0586.jpg,74526,74526,1.0000,0,0,none,marble,white_pu,586,0.2843,APPROVE
tile_0587.jpg,35049,21563,0.6152,32379,1,shatter,glazed,green_pvc,587,0.0823,REJECT
tile_0588.jpg,43622,43622,1.0000,0,0,none,glazed,grey_pvc,588,0.1664,APPROVE
tile_0589.jpg,141689,141689,1.0000,0,0,none,encaustic,green_pvc,589,0.5405,APPROVE
tile_0590.jpg,177351,177351,1.0000,0,0,none,terracotta,black_rubber,590,0.6765,APPROVE
tile_0591.jpg,48830,46179,0.9457,832,1,crack,glazed,grey_pvc,591,0.1762,APPROVE
tile_0592.jpg,57327,57327,1.0000,0,0,none,concrete,black_rubber,592,0.2187,APPROVE
tile_0593.jpg,54839,53917,0.9832,1348,1,chip,concrete,white_pu,593,0.2057,APPROVE
tile_0594.jpg,62272,44615,0.7165,13392,1,shatter,terracotta,grey_pvc,594,0.1702,REJECT
tile_0595.jpg,22666,22666,1.0000,0,0,none,glazed,black_rubber,595,0.0865,APPROVE
tile_0596.jpg,43272,37505,0.8667,5343,1,shatter,encaustic,grey_pvc,596,0.1431,APPROVE
tile_0597.jpg,70789,68780,0.9716,1891,1,chip,terracotta,green_pvc,597,0.2624,APPROVE
tile_0598.jpg,42108,42108,1.0000,0,0,none,marble,black_rubber,598,0.1606,APPROVE
tile_0599.jpg,68052,38299,0.5628,20085,1,crack+chip,marble,grey_pvc,599,0.1461,REJECT
tile_0600.jpg,21768,21768,1.0000,0,0,none,marble,grey_pvc,600,0.0830,APPROVE
tile_0601.jpg,43176,43176,1.0000,0,0,none,marble,grey_pvc,601,0.1647,APPROVE
tile_0602.jpg,21701,18860,0.8691,6327,1,chip,marble,white_pu,602,0.0719,APPROVE
tile_0603.jpg,92215,56599,0.6138,8540,1,crack,marble,black_rubber,603,0.2159,REJECT
tile_0604.jpg,174171,174171,1.0000,0,0,none,concrete,black_rubber,604,0.6644,APPROVE
tile_0605.jpg,75365,37285,0.4947,58471,1,shatter,marble,blue_pu,605,0.1422,REJECT
tile_0606.jpg,104946,50180,0.4782,12968,1,crack,marble,grey_pvc,606,0.1914,REJECT
tile_0607.jpg,42447,35324,0.8322,5363,1,crack+chip,terracotta,white_pu,607,0.1348,REJECT
tile_0608.jpg,85802,58780,0.6851,61958,1,shatter,concrete,white_pu,608,0.2242,REJECT
tile_0609.jpg,31199,20244,0.6489,51741,1,shatter,concrete,black_rubber,609,0.0772,REJECT
tile_0610.jpg,20435,20435,1.0000,0,0,none,glazed,black_rubber,610,0.0780,APPROVE
tile_0611.jpg,86434,39445,0.4564,126698,1,chip,encaustic,grey_pvc,611,0.1505,REJECT
tile_0612.jpg,107815,87320,0.8099,4631,1,crack,glazed,black_rubber,612,0.3331,REJECT
tile_0613.jpg,136686,113576,0.8309,37730,1,chip,glazed,blue_pu,613,0.4333,REJECT
tile_0614.jpg,61175,28563,0.4669,12785,1,crack,terracotta,green_pvc,614,0.1090,REJECT
tile_0615.jpg,34797,31747,0.9123,3355,1,chip,stone,white_pu,615,0.1211,APPROVE
tile_0616.jpg,140968,140968,1.0000,0,0,none,terracotta,green_pvc,616,0.5378,APPROVE
tile_0617.jpg,96810,87762,0.9065,63267,1,chip,stone,grey_pvc,617,0.3348,APPROVE
tile_0618.jpg,24827,14753,0.5942,39298,1,shatter,concrete,blue_pu,618,0.0563,REJECT
tile_0619.jpg,88069,51923,0.5896,10223,1,crack,terracotta,black_rubber,619,0.1981,REJECT
tile_0620.jpg,42837,30120,0.7031,11032,1,crack+chip,encaustic,black_rubber,620,0.1149,REJECT
tile_0621.jpg,57738,43163,0.7476,3954,1,crack,stone,white_pu,621,0.1647,REJECT
tile_0622.jpg,38905,22102,0.5681,32307,1,shatter,concrete,white_pu,622,0.0843,REJECT
tile_0623.jpg,14726,10673,0.7248,17200,1,shatter,stone,white_pu,623,0.0407,REJECT
tile_0624.jpg,65752,51664,0.7857,3211,1,crack,marble,grey_pvc,624,0.1971,REJECT
tile_0625.jpg,71197,71197,1.0000,0,0,none,terracotta,grey_pvc,625,0.2716,APPROVE
tile_0626.jpg,49605,24735,0.4986,9276,1,crack,encaustic,black_rubber,626,0.0944,REJECT
tile_0627.jpg,106755,106755,1.0000,0,0,none,terracotta,black_rubber,627,0.4072,APPROVE
tile_0628.jpg,75934,75934,1.0000,0,0,none,marble,black_rubber,628,0.2897,APPROVE
tile_0629.jpg,78908,78908,1.0000,0,0,none,concrete,black_rubber,629,0.3010,APPROVE
tile_0630.jpg,19433,14171,0.7292,15295,1,shatter,concrete,black_rubber,630,0.0541,REJECT
tile_0631.jpg,39080,30306,0.7755,18420,1,shatter,terracotta,blue_pu,631,0.1156,REJECT
tile_0632.jpg,28041,22586,0.8055,2903,1,crack,stone,black_rubber,632,0.0862,REJECT
tile_0633.jpg,55777,55777,1.0000,0,0,none,glazed,blue_pu,633,0.2128,APPROVE
tile_0634.jpg,66925,66925,1.0000,0,0,none,glazed,grey_pvc,634,0.2553,APPROVE
tile_0635.jpg,82222,62971,0.7659,5627,1,crack,terracotta,grey_pvc,635,0.2402,REJECT
tile_0636.jpg,159552,117217,0.7347,23333,1,crack+chip,glazed,grey_pvc,636,0.4471,REJECT
tile_0637.jpg,85925,85925,1.0000,0,0,none,terracotta,black_rubber,637,0.3278,APPROVE
tile_0638.jpg,41897,41897,1.0000,0,0,none,glazed,blue_pu,638,0.1598,APPROVE
tile_0639.jpg,59326,59326,1.0000,0,0,none,glazed,black_rubber,639,0.2263,APPROVE
tile_0640.jpg,80364,80364,1.0000,0,0,none,concrete,white_pu,640,0.3066,APPROVE
tile_0641.jpg,158838,158838,1.0000,0,0,none,stone,white_pu,641,0.6059,APPROVE
tile_0642.jpg,27324,21771,0.7968,2769,1,crack,concrete,black_rubber,642,0.0830,REJECT
tile_0643.jpg,74930,49747,0.6639,49403,1,shatter,terracotta,black_rubber,643,0.1898,REJECT
tile_0644.jpg,151283,151283,1.0000,0,0,none,terracotta,white_pu,644,0.5771,APPROVE
tile_0645.jpg,54246,39925,0.7360,5651,1,crack+chip,concrete,blue_pu,645,0.1523,REJECT
tile_0646.jpg,37806,34605,0.9153,20229,1,chip,terracotta,white_pu,646,0.1320,APPROVE
tile_0647.jpg,20786,9723,0.4678,17634,1,crack+chip,terracotta,white_pu,647,0.0371,REJECT
tile_0648.jpg,48138,48138,1.0000,0,0,none,glazed,blue_pu,648,0.1836,APPROVE
tile_0649.jpg,37095,33371,0.8996,4600,1,shatter,marble,grey_pvc,649,0.1273,APPROVE
tile_0650.jpg,59591,39183,0.6575,6747,1,crack,encaustic,blue_pu,650,0.1495,REJECT
tile_0651.jpg,52685,52685,1.0000,0,0,none,glazed,green_pvc,651,0.2010,APPROVE
tile_0652.jpg,109775,109775,1.0000,0,0,none,stone,green_pvc,652,0.4188,APPROVE
tile_0653.jpg,57526,50835,0.8837,9343,1,chip,terracotta,black_rubber,653,0.1939,APPROVE
tile_0654.jpg,45936,27529,0.5993,6596,1,crack,encaustic,blue_pu,654,0.1050,REJECT
tile_0655.jpg,69400,69400,1.0000,0,0,none,encaustic,black_rubber,655,0.2647,APPROVE
tile_0656.jpg,33024,20587,0.6234,39898,1,shatter,encaustic,grey_pvc,656,0.0785,REJECT
tile_0657.jpg,54791,43981,0.8027,3506,1,crack,concrete,blue_pu,657,0.1678,REJECT
tile_0658.jpg,29419,29419,1.0000,0,0,none,marble,black_rubber,658,0.1122,APPROVE
tile_0659.jpg,27092,22494,0.8303,2182,1,crack,glazed,black_rubber,659,0.0858,REJECT
tile_0660.jpg,32549,20142,0.6188,15237,1,crack+chip,encaustic,black_rubber,660,0.0768,REJECT
tile_0661.jpg,82366,82366,1.0000,0,0,none,concrete,white_pu,661,0.3142,APPROVE
tile_0662.jpg,112719,82407,0.7311,29271,1,shatter,glazed,black_rubber,662,0.3144,REJECT
tile_0663.jpg,70734,37278,0.5270,11328,1,crack,terracotta,grey_pvc,663,0.1422,REJECT
tile_0664.jpg,63743,16023,0.2514,49440,1,chip,marble,black_rubber,664,0.0611,REJECT
tile_0665.jpg,95016,95016,1.0000,0,0,none,terracotta,black_rubber,665,0.3625,APPROVE
tile_0666.jpg,79247,79247,1.0000,0,0,none,terracotta,grey_pvc,666,0.3023,APPROVE
tile_0667.jpg,42783,27365,0.6396,5271,1,crack,stone,white_pu,667,0.1044,REJECT
tile_0668.jpg,45591,45591,1.0000,0,0,none,encaustic,blue_pu,668,0.1739,APPROVE
tile_0669.jpg,56890,56890,1.0000,0,0,none,terracotta,black_rubber,669,0.2170,APPROVE
tile_0670.jpg,140384,119944,0.8544,7159,1,crack+chip,glazed,black_rubber,670,0.4576,APPROVE
tile_0671.jpg,160748,160748,1.0000,0,0,none,encaustic,black_rubber,671,0.6132,APPROVE
tile_0672.jpg,40507,40507,1.0000,0,0,none,marble,black_rubber,672,0.1545,APPROVE
tile_0673.jpg,67987,52911,0.7783,4233,1,crack,terracotta,grey_pvc,673,0.2018,REJECT
tile_0674.jpg,110759,110759,1.0000,0,0,none,encaustic,black_rubber,674,0.4225,APPROVE
tile_0675.jpg,56342,47260,0.8388,3386,1,crack,glazed,grey_pvc,675,0.1803,REJECT
tile_0676.jpg,152186,152186,1.0000,0,0,none,terracotta,green_pvc,676,0.5805,APPROVE
tile_0677.jpg,148472,106304,0.7160,35650,1,chip,glazed,black_rubber,677,0.4055,REJECT
tile_0678.jpg,75144,75144,1.0000,0,0,none,terracotta,white_pu,678,0.2867,APPROVE
tile_0679.jpg,82522,66632,0.8074,3821,1,crack,glazed,black_rubber,679,0.2542,REJECT
tile_0680.jpg,31833,31833,1.0000,0,0,none,marble,green_pvc,680,0.1214,APPROVE
tile_0681.jpg,73035,73035,1.0000,0,0,none,glazed,grey_pvc,681,0.2786,APPROVE
tile_0682.jpg,21049,16275,0.7732,4701,1,chip,terracotta,grey_pvc,682,0.0621,REJECT
tile_0683.jpg,60664,43845,0.7228,48644,1,chip,glazed,blue_pu,683,0.1673,REJECT
tile_0684.jpg,144256,144256,1.0000,0,0,none,terracotta,grey_pvc,684,0.5503,APPROVE
tile_0685.jpg,26611,18712,0.7032,18400,1,shatter,encaustic,black_rubber,685,0.0714,REJECT
tile_0686.jpg,101312,101312,1.0000,0,0,none,glazed,black_rubber,686,0.3865,APPROVE
tile_0687.jpg,38041,38041,1.0000,0,0,none,stone,black_rubber,687,0.1451,APPROVE
tile_0688.jpg,74850,34943,0.4668,13972,1,crack,glazed,blue_pu,688,0.1333,REJECT
tile_0689.jpg,97296,39033,0.4012,17050,1,crack,encaustic,green_pvc,689,0.1489,REJECT
tile_0690.jpg,67828,67828,1.0000,0,0,none,terracotta,black_rubber,690,0.2587,APPROVE
tile_0691.jpg,36894,22078,0.5984,6648,1,crack,stone,black_rubber,691,0.0842,REJECT
tile_0692.jpg,51968,51968,1.0000,0,0,none,glazed,grey_pvc,692,0.1982,APPROVE
tile_0693.jpg,139401,101251,0.7263,27899,1,crack+chip,encaustic,green_pvc,693,0.3862,REJECT
tile_0694.jpg,91932,84385,0.9179,17821,1,chip,concrete,green_pvc,694,0.3219,APPROVE
tile_0695.jpg,36236,28525,0.7872,59341,1,shatter,encaustic,green_pvc,695,0.1088,REJECT
tile_0696.jpg,80611,70278,0.8718,2767,1,crack,terracotta,blue_pu,696,0.2681,APPROVE
tile_0697.jpg,87938,87938,1.0000,0,0,none,glazed,white_pu,697,0.3355,APPROVE
tile_0698.jpg,68765,63826,0.9282,6576,1,chip,stone,green_pvc,698,0.2435,APPROVE
tile_0699.jpg,59963,57709,0.9624,617,1,crack,marble,green_pvc,699,0.2201,APPROVE
tile_0700.jpg,152185,91336,0.6002,14208,1,crack,encaustic,grey_pvc,700,0.3484,REJECT
tile_0701.jpg,43953,30654,0.6974,4400,1,crack,encaustic,grey_pvc,701,0.1169,REJECT
tile_0702.jpg,96718,96718,1.0000,0,0,none,concrete,black_rubber,702,0.3689,APPROVE
tile_0703.jpg,21568,16690,0.7738,21110,1,shatter,marble,green_pvc,703,0.0637,REJECT
tile_0704.jpg,122074,88308,0.7234,67349,1,chip,glazed,grey_pvc,704,0.3369,REJECT
tile_0705.jpg,45493,25166,0.5532,15864,1,crack+chip,marble,blue_pu,705,0.0960,REJECT
tile_0706.jpg,36363,31398,0.8635,1564,1,crack,stone,grey_pvc,706,0.1198,APPROVE
tile_0707.jpg,51891,27256,0.5253,10604,1,crack,terracotta,black_rubber,707,0.1040,REJECT
tile_0708.jpg,134156,134156,1.0000,0,0,none,encaustic,green_pvc,708,0.5118,APPROVE
tile_0709.jpg,132099,98483,0.7455,8011,1,crack,glazed,white_pu,709,0.3757,REJECT
tile_0710.jpg,103183,103183,1.0000,0,0,none,glazed,green_pvc,710,0.3936,APPROVE
tile_0711.jpg,146562,83730,0.5713,18171,1,crack,glazed,white_pu,711,0.3194,REJECT
tile_0712.jpg,44523,33031,0.7419,14913,1,shatter,stone,black_rubber,712,0.1260,REJECT
tile_0713.jpg,73845,73845,1.0000,0,0,none,concrete,black_rubber,713,0.2817,APPROVE
tile_0714.jpg,75571,59843,0.7919,18229,1,shatter,encaustic,black_rubber,714,0.2283,REJECT
tile_0715.jpg,26120,22622,0.8661,8481,1,shatter,marble,black_rubber,715,0.0863,APPROVE
tile_0716.jpg,80391,37415,0.4654,52842,1,shatter,stone,grey_pvc,716,0.1427,REJECT
tile_0717.jpg,10946,8608,0.7864,21038,1,shatter,glazed,grey_pvc,717,0.0328,REJECT
tile_0718.jpg,63176,45705,0.7235,14808,1,crack+chip,concrete,black_rubber,718,0.1744,REJECT
tile_0719.jpg,22592,16142,0.7145,14692,1,shatter,stone,grey_pvc,719,0.0616,REJECT
tile_0720.jpg,62368,42196,0.6766,110897,1,shatter,stone,black_rubber,720,0.1610,REJECT
tile_0721.jpg,51379,44469,0.8655,2708,1,crack+chip,concrete,black_rubber,721,0.1696,APPROVE
tile_0722.jpg,156586,156586,1.0000,0,0,none,glazed,grey_pvc,722,0.5973,APPROVE
tile_0723.jpg,42768,42768,1.0000,0,0,none,glazed,black_rubber,723,0.1631,APPROVE
tile_0724.jpg,163408,163408,1.0000,0,0,none,encaustic,black_rubber,724,0.6234,APPROVE
tile_0725.jpg,54240,54240,1.0000,0,0,none,encaustic,green_pvc,725,0.2069,APPROVE
tile_0726.jpg,42573,42573,1.0000,0,0,none,concrete,grey_pvc,726,0.1624,APPROVE
tile_0727.jpg,46369,31164,0.6721,4949,1,crack,terracotta,black_rubber,727,0.1189,REJECT
tile_0728.jpg,60138,41945,0.6975,14156,1,crack+chip,stone,grey_pvc,728,0.1600,REJECT
tile_0729.jpg,88007,84945,0.9652,2263,1,chip,terracotta,green_pvc,729,0.3240,APPROVE
tile_0730.jpg,20545,19705,0.9591,596,1,chip,terracotta,black_rubber,730,0.0752,APPROVE
tile_0731.jpg,50101,50101,1.0000,0,0,none,encaustic,grey_pvc,731,0.1911,APPROVE
tile_0732.jpg,64376,64376,1.0000,0,0,none,terracotta,grey_pvc,732,0.2456,APPROVE
tile_0733.jpg,25082,25082,1.0000,0,0,none,marble,grey_pvc,733,0.0957,APPROVE
tile_0734.jpg,145583,141777,0.9739,2297,1,chip,glazed,black_rubber,734,0.5408,APPROVE
tile_0735.jpg,45892,45892,1.0000,0,0,none,marble,blue_pu,735,0.1751,APPROVE
tile_0736.jpg,37136,26069,0.7020,14186,1,crack+chip,marble,green_pvc,736,0.0994,REJECT
tile_0737.jpg,68252,27660,0.4053,12849,1,crack,marble,black_rubber,737,0.1055,REJECT
tile_0738.jpg,51782,26302,0.5079,30841,1,crack+chip,encaustic,green_pvc,738,0.1003,REJECT
tile_0739.jpg,57344,40703,0.7098,10199,1,crack+chip,glazed,blue_pu,739,0.1553,REJECT
tile_0740.jpg,71642,71642,1.0000,0,0,none,glazed,white_pu,740,0.2733,APPROVE
tile_0741.jpg,25712,23592,0.9175,1076,1,crack+chip,glazed,black_rubber,741,0.0900,APPROVE
tile_0742.jpg,99545,67411,0.6772,8381,1,crack,encaustic,grey_pvc,742,0.2572,REJECT
tile_0743.jpg,73546,73546,1.0000,0,0,none,encaustic,grey_pvc,743,0.2806,APPROVE
tile_0744.jpg,12395,8146,0.6572,11774,1,shatter,glazed,blue_pu,744,0.0311,REJECT
tile_0745.jpg,31622,27908,0.8826,1268,1,crack,glazed,green_pvc,745,0.1065,APPROVE
tile_0746.jpg,85475,48093,0.5627,14754,1,crack,stone,black_rubber,746,0.1835,REJECT
tile_0747.jpg,73717,73717,1.0000,0,0,none,glazed,black_rubber,747,0.2812,APPROVE
tile_0748.jpg,139688,114539,0.8200,4783,1,crack,terracotta,black_rubber,748,0.4369,REJECT
tile_0749.jpg,46001,30070,0.6537,44452,1,shatter,glazed,blue_pu,749,0.1147,REJECT
tile_0750.jpg,69866,49858,0.7136,5389,1,crack,glazed,grey_pvc,750,0.1902,REJECT
tile_0751.jpg,35212,20041,0.5692,13967,1,chip,marble,black_rubber,751,0.0765,REJECT
tile_0752.jpg,91619,47117,0.5143,64160,1,crack+chip,concrete,black_rubber,752,0.1797,REJECT
tile_0753.jpg,41402,37140,0.8971,17247,1,chip,encaustic,green_pvc,753,0.1417,APPROVE
tile_0754.jpg,116262,90056,0.7746,5553,1,crack,stone,grey_pvc,754,0.3435,REJECT
tile_0755.jpg,76032,47989,0.6312,19842,1,crack+chip,terracotta,black_rubber,755,0.1831,REJECT
tile_0756.jpg,124157,88368,0.7117,8583,1,crack,encaustic,white_pu,756,0.3371,REJECT
tile_0757.jpg,81544,59781,0.7331,7586,1,crack,terracotta,black_rubber,757,0.2280,REJECT
tile_0758.jpg,138485,83413,0.6023,11198,1,crack,glazed,black_rubber,758,0.3182,REJECT
tile_0759.jpg,30608,30375,0.9924,531,1,chip,terracotta,black_rubber,759,0.1159,APPROVE
tile_0760.jpg,60363,41023,0.6796,12983,1,shatter,terracotta,green_pvc,760,0.1565,REJECT
tile_0761.jpg,121648,58484,0.4808,17616,1,crack,terracotta,grey_pvc,761,0.2231,REJECT
tile_0762.jpg,87545,87545,1.0000,0,0,none,marble,black_rubber,762,0.3340,APPROVE
tile_0763.jpg,48124,40649,0.8447,2881,1,crack,terracotta,grey_pvc,763,0.1551,REJECT
tile_0764.jpg,140049,140049,1.0000,0,0,none,encaustic,blue_pu,764,0.5342,APPROVE
tile_0765.jpg,81504,65152,0.7994,5914,1,crack+chip,glazed,white_pu,765,0.2485,REJECT
tile_0766.jpg,41186,40760,0.9897,589,1,chip,glazed,grey_pvc,766,0.1555,APPROVE
tile_0767.jpg,63914,37309,0.5837,51225,1,shatter,encaustic,green_pvc,767,0.1423,REJECT
tile_0768.jpg,23276,20940,0.8996,1393,1,crack+chip,glazed,black_rubber,768,0.0799,APPROVE
tile_0769.jpg,124357,122739,0.9870,788,1,chip,encaustic,black_rubber,769,0.4682,APPROVE
tile_0770.jpg,172681,107269,0.6212,12476,1,crack,marble,grey_pvc,770,0.4092,REJECT
tile_0771.jpg,130388,124066,0.9515,7174,1,chip,marble,white_pu,771,0.4733,APPROVE
tile_0772.jpg,98026,98026,1.0000,0,0,none,encaustic,grey_pvc,772,0.3739,APPROVE
tile_0773.jpg,51844,42191,0.8138,11912,1,shatter,terracotta,grey_pvc,773,0.1609,REJECT
tile_0774.jpg,46963,15849,0.3375,35345,1,crack+chip,stone,green_pvc,774,0.0605,REJECT
tile_0775.jpg,40359,38302,0.9490,9519,1,chip,glazed,grey_pvc,775,0.1461,APPROVE
tile_0776.jpg,38951,27940,0.7173,4638,1,crack,concrete,blue_pu,776,0.1066,REJECT
tile_0777.jpg,70021,48663,0.6950,15730,1,crack+chip,glazed,green_pvc,777,0.1856,REJECT
tile_0778.jpg,23411,19219,0.8209,11805,1,shatter,terracotta,green_pvc,778,0.0733,REJECT
tile_0779.jpg,41969,41969,1.0000,0,0,none,stone,black_rubber,779,0.1601,APPROVE
tile_0780.jpg,43133,17566,0.4073,9456,1,crack,glazed,black_rubber,780,0.0670,REJECT
tile_0781.jpg,64419,64419,1.0000,0,0,none,concrete,black_rubber,781,0.2457,APPROVE
tile_0782.jpg,69453,69453,1.0000,0,0,none,glazed,green_pvc,782,0.2649,APPROVE
tile_0783.jpg,69337,41985,0.6055,9126,1,crack,terracotta,white_pu,783,0.1602,REJECT
tile_0784.jpg,45698,37500,0.8206,8073,1,chip,glazed,grey_pvc,784,0.1431,REJECT
tile_0785.jpg,55701,38429,0.6899,4950,1,crack,concrete,white_pu,785,0.1466,REJECT
tile_0786.jpg,107001,95655,0.8940,49515,1,chip,glazed,green_pvc,786,0.3649,APPROVE
tile_0787.jpg,69844,47721,0.6833,38613,1,shatter,stone,black_rubber,787,0.1820,REJECT
tile_0788.jpg,69991,67995,0.9715,2295,1,chip,stone,green_pvc,788,0.2594,APPROVE
tile_0789.jpg,65351,60524,0.9261,9905,1,chip,stone,green_pvc,789,0.2309,APPROVE
tile_0790.jpg,158621,90540,0.5708,15173,1,crack,terracotta,blue_pu,790,0.3454,REJECT
tile_0791.jpg,23122,23122,1.0000,0,0,none,concrete,white_pu,791,0.0882,APPROVE
tile_0792.jpg,36827,22842,0.6203,27979,1,shatter,terracotta,grey_pvc,792,0.0871,REJECT
tile_0793.jpg,84599,84599,1.0000,0,0,none,terracotta,black_rubber,793,0.3227,APPROVE
tile_0794.jpg,100003,100003,1.0000,0,0,none,glazed,black_rubber,794,0.3815,APPROVE
tile_0795.jpg,72899,69341,0.9512,4162,1,chip,terracotta,green_pvc,795,0.2645,APPROVE
tile_0796.jpg,148059,72816,0.4918,68037,1,crack+chip,encaustic,grey_pvc,796,0.2778,REJECT
tile_0797.jpg,40549,25705,0.6339,6707,1,crack,terracotta,black_rubber,797,0.0981,REJECT
tile_0798.jpg,144307,144307,1.0000,0,0,none,stone,green_pvc,798,0.5505,APPROVE
tile_0799.jpg,53289,41212,0.7734,3448,1,crack,marble,black_rubber,799,0.1572,REJECT
tile_0800.jpg,59736,59736,1.0000,0,0,none,concrete,green_pvc,800,0.2279,APPROVE
tile_0801.jpg,112688,112688,1.0000,0,0,none,encaustic,green_pvc,801,0.4299,APPROVE
tile_0802.jpg,126532,96288,0.7610,6309,1,crack,concrete,black_rubber,802,0.3673,REJECT
tile_0803.jpg,42636,27417,0.6430,45621,1,crack+chip,encaustic,black_rubber,803,0.1046,REJECT
tile_0804.jpg,166587,166587,1.0000,0,0,none,encaustic,black_rubber,804,0.6355,APPROVE
tile_0805.jpg,27351,26257,0.9600,947,1,chip,stone,black_rubber,805,0.1002,APPROVE
tile_0806.jpg,115134,115134,1.0000,0,0,none,glazed,grey_pvc,806,0.4392,APPROVE
tile_0807.jpg,177678,177678,1.0000,0,0,none,stone,green_pvc,807,0.6778,APPROVE
tile_0808.jpg,55024,55024,1.0000,0,0,none,marble,blue_pu,808,0.2099,APPROVE
tile_0809.jpg,72622,49716,0.6846,54470,1,shatter,marble,grey_pvc,809,0.1897,REJECT
tile_0810.jpg,158076,108828,0.6885,8957,1,crack,marble,grey_pvc,810,0.4151,REJECT
tile_0811.jpg,53135,53135,1.0000,0,0,none,marble,grey_pvc,811,0.2027,APPROVE
tile_0812.jpg,55286,53285,0.9638,4945,1,chip,encaustic,black_rubber,812,0.2033,APPROVE
tile_0813.jpg,22179,18283,0.8243,37919,1,shatter,marble,grey_pvc,813,0.0697,REJECT
tile_0814.jpg,97609,93001,0.9528,9379,1,chip,encaustic,black_rubber,814,0.3548,APPROVE
tile_0815.jpg,90285,89581,0.9922,1092,1,chip,encaustic,green_pvc,815,0.3417,APPROVE
tile_0816.jpg,109455,75745,0.6920,8158,1,crack,stone,blue_pu,816,0.2889,REJECT
tile_0817.jpg,81375,76652,0.9420,1001,1,crack,marble,grey_pvc,817,0.2924,APPROVE
tile_0818.jpg,56717,39950,0.7044,6517,1,crack,glazed,white_pu,818,0.1524,REJECT
tile_0819.jpg,81744,50458,0.6173,10307,1,crack,terracotta,black_rubber,819,0.1925,REJECT
tile_0820.jpg,52654,52654,1.0000,0,0,none,concrete,green_pvc,820,0.2009,APPROVE
tile_0821.jpg,131875,118283,0.8969,14721,1,chip,glazed,grey_pvc,821,0.4512,APPROVE
tile_0822.jpg,185999,185999,1.0000,0,0,none,stone,grey_pvc,822,0.7095,APPROVE
tile_0823.jpg,64216,64216,1.0000,0,0,none,glazed,grey_pvc,823,0.2450,APPROVE
tile_0824.jpg,100513,47685,0.4744,60302,1,shatter,concrete,grey_pvc,824,0.1819,REJECT
tile_0825.jpg,54851,54851,1.0000,0,0,none,terracotta,blue_pu,825,0.2092,APPROVE
tile_0826.jpg,43440,25011,0.5758,6160,1,crack,encaustic,blue_pu,826,0.0954,REJECT
tile_0827.jpg,58092,58092,1.0000,0,0,none,terracotta,grey_pvc,827,0.2216,APPROVE
tile_0828.jpg,109396,59619,0.5450,14788,1,crack,glazed,green_pvc,828,0.2274,REJECT
tile_0829.jpg,34213,34213,1.0000,0,0,none,concrete,green_pvc,829,0.1305,APPROVE
tile_0830.jpg,129417,129417,1.0000,0,0,none,concrete,blue_pu,830,0.4937,APPROVE
tile_0831.jpg,160174,119325,0.7450,9274,1,crack,encaustic,white_pu,831,0.4552,REJECT
tile_0832.jpg,165122,165122,1.0000,0,0,none,encaustic,green_pvc,832,0.6299,APPROVE
tile_0833.jpg,181903,181903,1.0000,0,0,none,terracotta,grey_pvc,833,0.6939,APPROVE
tile_0834.jpg,93448,56082,0.6001,11603,1,crack,stone,white_pu,834,0.2139,REJECT
tile_0835.jpg,55002,33126,0.6023,7817,1,crack,glazed,blue_pu,835,0.1264,REJECT
tile_0836.jpg,115204,115204,1.0000,0,0,none,glazed,green_pvc,836,0.4395,APPROVE
tile_0837.jpg,73523,73523,1.0000,0,0,none,terracotta,green_pvc,837,0.2805,APPROVE
tile_0838.jpg,60964,60964,1.0000,0,0,none,concrete,white_pu,838,0.2326,APPROVE
tile_0839.jpg,43086,20384,0.4731,9312,1,crack,terracotta,grey_pvc,839,0.0778,REJECT
tile_0840.jpg,62054,62054,1.0000,0,0,none,terracotta,green_pvc,840,0.2367,APPROVE
tile_0841.jpg,70930,70930,1.0000,0,0,none,glazed,green_pvc,841,0.2706,APPROVE
tile_0842.jpg,127007,65667,0.5170,14914,1,crack,encaustic,green_pvc,842,0.2505,REJECT
tile_0843.jpg,50257,41462,0.8250,7132,1,chip,marble,grey_pvc,843,0.1582,REJECT
tile_0844.jpg,43798,43798,1.0000,0,0,none,concrete,blue_pu,844,0.1671,APPROVE
tile_0845.jpg,29543,19779,0.6695,41506,1,shatter,glazed,white_pu,845,0.0755,REJECT
tile_0846.jpg,73352,66687,0.9091,5925,1,chip,concrete,black_rubber,846,0.2544,APPROVE
tile_0847.jpg,40288,40288,1.0000,0,0,none,terracotta,white_pu,847,0.1537,APPROVE
tile_0848.jpg,52247,52247,1.0000,0,0,none,marble,white_pu,848,0.1993,APPROVE
tile_0849.jpg,26640,15462,0.5804,24741,1,shatter,marble,grey_pvc,849,0.0590,REJECT
tile_0850.jpg,53636,40767,0.7601,20806,1,shatter,glazed,white_pu,850,0.1555,REJECT
tile_0851.jpg,89087,89087,1.0000,0,0,none,terracotta,black_rubber,851,0.3398,APPROVE
tile_0852.jpg,32992,21610,0.6550,22915,1,shatter,stone,grey_pvc,852,0.0824,REJECT
tile_0853.jpg,21114,18527,0.8775,7676,1,chip,glazed,black_rubber,853,0.0707,APPROVE
tile_0854.jpg,149489,138033,0.9234,1582,1,crack,glazed,green_pvc,854,0.5266,APPROVE
tile_0855.jpg,56156,36439,0.6489,77532,1,shatter,terracotta,blue_pu,855,0.1390,REJECT
tile_0856.jpg,89135,89135,1.0000,0,0,none,marble,black_rubber,856,0.3400,APPROVE
tile_0857.jpg,175281,175281,1.0000,0,0,none,encaustic,black_rubber,857,0.6686,APPROVE
tile_0858.jpg,27953,24154,0.8641,6998,1,shatter,terracotta,black_rubber,858,0.0921,APPROVE
tile_0859.jpg,31547,31547,1.0000,0,0,none,terracotta,blue_pu,859,0.1203,APPROVE
tile_0860.jpg,135525,135525,1.0000,0,0,none,glazed,blue_pu,860,0.5170,APPROVE
tile_0861.jpg,51284,51284,1.0000,0,0,none,terracotta,grey_pvc,861,0.1956,APPROVE
tile_0862.jpg,59732,59732,1.0000,0,0,none,terracotta,blue_pu,862,0.2279,APPROVE
tile_0863.jpg,38892,31494,0.8098,2655,1,crack,marble,grey_pvc,863,0.1201,REJECT
tile_0864.jpg,37911,20333,0.5363,22814,1,crack+chip,concrete,black_rubber,864,0.0776,REJECT
tile_0865.jpg,30343,13752,0.4532,13192,1,crack+chip,glazed,blue_pu,865,0.0525,REJECT
tile_0866.jpg,158112,158112,1.0000,0,0,none,encaustic,black_rubber,866,0.6031,APPROVE
tile_0867.jpg,111530,105849,0.9491,4959,1,chip,concrete,green_pvc,867,0.4038,APPROVE
tile_0868.jpg,53930,46374,0.8599,1814,1,crack,encaustic,blue_pu,868,0.1769,APPROVE
tile_0869.jpg,59791,49321,0.8249,26083,1,shatter,marble,green_pvc,869,0.1881,REJECT
tile_0870.jpg,51610,22255,0.4312,10481,1,crack,encaustic,black_rubber,870,0.0849,REJECT
tile_0871.jpg,63241,63241,1.0000,0,0,none,concrete,blue_pu,871,0.2412,APPROVE
tile_0872.jpg,153318,153318,1.0000,0,0,none,encaustic,green_pvc,872,0.5849,APPROVE
tile_0873.jpg,95851,59290,0.6186,12490,1,crack,concrete,black_rubber,873,0.2262,REJECT
tile_0874.jpg,52985,52985,1.0000,0,0,none,stone,blue_pu,874,0.2021,APPROVE
tile_0875.jpg,72435,53489,0.7384,5271,1,crack,concrete,green_pvc,875,0.2040,REJECT
tile_0876.jpg,177423,177423,1.0000,0,0,none,encaustic,blue_pu,876,0.6768,APPROVE
tile_0877.jpg,27984,17256,0.6166,23676,1,shatter,terracotta,black_rubber,877,0.0658,REJECT
tile_0878.jpg,72014,71629,0.9947,529,1,chip,terracotta,green_pvc,878,0.2732,APPROVE
tile_0879.jpg,152419,152419,1.0000,0,0,none,encaustic,blue_pu,879,0.5814,APPROVE
tile_0880.jpg,27448,15825,0.5765,43247,1,shatter,glazed,blue_pu,880,0.0604,REJECT
tile_0881.jpg,15602,10628,0.6812,11319,1,shatter,concrete,black_rubber,881,0.0405,REJECT
tile_0882.jpg,66475,45372,0.6825,26370,1,crack+chip,stone,blue_pu,882,0.1731,REJECT
tile_0883.jpg,126108,99764,0.7911,6786,1,crack,glazed,green_pvc,883,0.3806,REJECT
tile_0884.jpg,24141,21201,0.8782,6277,1,shatter,glazed,black_rubber,884,0.0809,APPROVE
tile_0885.jpg,71731,71731,1.0000,0,0,none,concrete,green_pvc,885,0.2736,APPROVE
tile_0886.jpg,74234,69830,0.9407,1249,1,crack+chip,terracotta,green_pvc,886,0.2664,APPROVE
tile_0887.jpg,185022,150075,0.8111,4827,1,crack,marble,green_pvc,887,0.5725,REJECT
tile_0888.jpg,131492,131492,1.0000,0,0,none,stone,black_rubber,888,0.5016,APPROVE
tile_0889.jpg,51080,26142,0.5118,15827,1,crack+chip,stone,blue_pu,889,0.0997,REJECT
tile_0890.jpg,58247,58247,1.0000,0,0,none,glazed,grey_pvc,890,0.2222,APPROVE
tile_0891.jpg,65057,39824,0.6121,28031,1,shatter,concrete,grey_pvc,891,0.1519,REJECT
tile_0892.jpg,54987,54987,1.0000,0,0,none,marble,green_pvc,892,0.2098,APPROVE
tile_0893.jpg,126007,126007,1.0000,0,0,none,encaustic,grey_pvc,893,0.4807,APPROVE
tile_0894.jpg,54924,31232,0.5686,8789,1,crack,stone,green_pvc,894,0.1191,REJECT
tile_0895.jpg,64400,64400,1.0000,0,0,none,glazed,black_rubber,895,0.2457,APPROVE
tile_0896.jpg,103589,103589,1.0000,0,0,none,stone,green_pvc,896,0.3952,APPROVE
tile_0897.jpg,45317,32165,0.7098,4270,1,crack,concrete,green_pvc,897,0.1227,REJECT
tile_0898.jpg,118494,118494,1.0000,0,0,none,terracotta,grey_pvc,898,0.4520,APPROVE
tile_0899.jpg,98867,72605,0.7344,5877,1,crack,marble,grey_pvc,899,0.2770,REJECT
tile_0900.jpg,57335,38572,0.6727,6521,1,crack,terracotta,grey_pvc,900,0.1471,REJECT
tile_0901.jpg,79536,79536,1.0000,0,0,none,concrete,white_pu,901,0.3034,APPROVE
tile_0902.jpg,147039,104461,0.7104,9141,1,crack,concrete,green_pvc,902,0.3985,REJECT
tile_0903.jpg,68410,68410,1.0000,0,0,none,terracotta,grey_pvc,903,0.2610,APPROVE
tile_0904.jpg,43835,22398,0.5110,16407,1,crack+chip,stone,black_rubber,904,0.0854,REJECT
tile_0905.jpg,49832,48154,0.9663,5514,1,chip,encaustic,grey_pvc,905,0.1837,APPROVE
tile_0906.jpg,84769,84769,1.0000,0,0,none,encaustic,black_rubber,906,0.3234,APPROVE
tile_0907.jpg,36410,36410,1.0000,0,0,none,glazed,blue_pu,907,0.1389,APPROVE
tile_0908.jpg,51045,43343,0.8491,5464,1,crack+chip,concrete,grey_pvc,908,0.1653,REJECT
tile_0909.jpg,70901,64883,0.9151,2038,1,crack+chip,encaustic,black_rubber,909,0.2475,APPROVE
tile_0910.jpg,88206,88206,1.0000,0,0,none,terracotta,black_rubber,910,0.3365,APPROVE
tile_0911.jpg,85776,85776,1.0000,0,0,none,glazed,green_pvc,911,0.3272,APPROVE
tile_0912.jpg,27316,24999,0.9152,1851,1,chip,terracotta,black_rubber,912,0.0954,APPROVE
tile_0913.jpg,106812,62922,0.5891,11711,1,crack,marble,green_pvc,913,0.2400,REJECT
tile_0914.jpg,27373,15377,0.5618,25494,1,shatter,concrete,grey_pvc,914,0.0587,REJECT
tile_0915.jpg,77396,77396,1.0000,0,0,none,concrete,green_pvc,915,0.2952,APPROVE
tile_0916.jpg,26196,22595,0.8625,16594,1,shatter,terracotta,blue_pu,916,0.0862,APPROVE
tile_0917.jpg,34037,17835,0.5240,61968,1,shatter,stone,green_pvc,917,0.0680,REJECT
tile_0918.jpg,72860,72860,1.0000,0,0,none,encaustic,blue_pu,918,0.2779,APPROVE
tile_0919.jpg,51917,37922,0.7304,41824,1,shatter,terracotta,blue_pu,919,0.1447,REJECT
tile_0920.jpg,42287,39996,0.9458,778,1,crack,stone,blue_pu,920,0.1526,APPROVE
tile_0921.jpg,59440,37221,0.6262,58782,1,chip,encaustic,white_pu,921,0.1420,REJECT
tile_0922.jpg,50501,50501,1.0000,0,0,none,terracotta,green_pvc,922,0.1926,APPROVE
tile_0923.jpg,124441,73359,0.5895,49207,1,shatter,encaustic,black_rubber,923,0.2798,REJECT
tile_0924.jpg,155233,82023,0.5284,17920,1,crack,terracotta,grey_pvc,924,0.3129,REJECT
tile_0925.jpg,69598,69598,1.0000,0,0,none,terracotta,green_pvc,925,0.2655,APPROVE
tile_0926.jpg,63586,62532,0.9834,646,1,chip,terracotta,grey_pvc,926,0.2385,APPROVE
tile_0927.jpg,165306,165306,1.0000,0,0,none,marble,black_rubber,927,0.6306,APPROVE
tile_0928.jpg,26840,19151,0.7135,3908,1,crack,terracotta,black_rubber,928,0.0731,REJECT
tile_0929.jpg,98929,62154,0.6283,55441,1,crack+chip,encaustic,black_rubber,929,0.2371,REJECT
tile_0930.jpg,47166,38735,0.8212,3251,1,crack,marble,black_rubber,930,0.1478,REJECT
tile_0931.jpg,45982,45982,1.0000,0,0,none,encaustic,black_rubber,931,0.1754,APPROVE
tile_0932.jpg,52576,32521,0.6186,6777,1,crack,encaustic,green_pvc,932,0.1241,REJECT
tile_0933.jpg,69225,69225,1.0000,0,0,none,glazed,black_rubber,933,0.2641,APPROVE
tile_0934.jpg,49336,26367,0.5344,8236,1,crack,encaustic,green_pvc,934,0.1006,REJECT
tile_0935.jpg,148377,145175,0.9784,5788,1,chip,encaustic,green_pvc,935,0.5538,APPROVE
tile_0936.jpg,52281,39681,0.7590,5331,1,crack,stone,black_rubber,936,0.1514,REJECT
tile_0937.jpg,121397,107688,0.8871,3774,1,crack+chip,encaustic,black_rubber,937,0.4108,APPROVE
tile_0938.jpg,71879,71879,1.0000,0,0,none,stone,black_rubber,938,0.2742,APPROVE
tile_0939.jpg,43129,39193,0.9087,15919,1,chip,encaustic,black_rubber,939,0.1495,APPROVE
tile_0940.jpg,50131,47598,0.9495,9075,1,chip,encaustic,green_pvc,940,0.1816,APPROVE
tile_0941.jpg,20515,20353,0.9921,406,1,chip,stone,grey_pvc,941,0.0776,APPROVE
tile_0942.jpg,89535,51363,0.5737,11364,1,crack,terracotta,grey_pvc,942,0.1959,REJECT
tile_0943.jpg,21671,20776,0.9587,2032,1,chip,concrete,blue_pu,943,0.0793,APPROVE
tile_0944.jpg,85218,85218,1.0000,0,0,none,encaustic,white_pu,944,0.3251,APPROVE
tile_0945.jpg,74704,74704,1.0000,0,0,none,terracotta,blue_pu,945,0.2850,APPROVE
tile_0946.jpg,109027,55823,0.5120,14999,1,crack,stone,white_pu,946,0.2129,REJECT
tile_0947.jpg,31140,23768,0.7633,76981,1,chip,glazed,black_rubber,947,0.0907,REJECT
tile_0948.jpg,22736,15325,0.6740,23241,1,shatter,marble,black_rubber,948,0.0585,REJECT
tile_0949.jpg,55652,38999,0.7008,4670,1,crack,terracotta,grey_pvc,949,0.1488,REJECT
tile_0950.jpg,50265,50265,1.0000,0,0,none,stone,white_pu,950,0.1917,APPROVE
tile_0951.jpg,23649,21306,0.9009,14761,1,shatter,stone,black_rubber,951,0.0813,APPROVE
tile_0952.jpg,36973,36973,1.0000,0,0,none,glazed,green_pvc,952,0.1410,APPROVE
tile_0953.jpg,38512,32895,0.8541,38391,1,shatter,glazed,black_rubber,953,0.1255,APPROVE
tile_0954.jpg,98568,77351,0.7847,4284,1,crack,stone,green_pvc,954,0.2951,REJECT
tile_0955.jpg,49431,28178,0.5700,36979,1,shatter,terracotta,blue_pu,955,0.1075,REJECT
tile_0956.jpg,158149,158149,1.0000,0,0,none,encaustic,blue_pu,956,0.6033,APPROVE
tile_0957.jpg,20469,20469,1.0000,0,0,none,glazed,white_pu,957,0.0781,APPROVE
tile_0958.jpg,41936,41936,1.0000,0,0,none,encaustic,green_pvc,958,0.1600,APPROVE
tile_0959.jpg,28176,18842,0.6687,21617,1,shatter,stone,black_rubber,959,0.0719,REJECT
tile_0960.jpg,20064,13331,0.6644,3201,1,crack,terracotta,black_rubber,960,0.0509,REJECT
tile_0961.jpg,62520,62520,1.0000,0,0,none,glazed,green_pvc,961,0.2385,APPROVE
tile_0962.jpg,111451,96210,0.8632,4006,1,crack,marble,grey_pvc,962,0.3670,APPROVE
tile_0963.jpg,43827,40086,0.9146,18616,1,chip,encaustic,grey_pvc,963,0.1529,APPROVE
tile_0964.jpg,102367,71829,0.7017,8365,1,crack,encaustic,white_pu,964,0.2740,REJECT
tile_0965.jpg,139899,139899,1.0000,0,0,none,encaustic,blue_pu,965,0.5337,APPROVE
tile_0966.jpg,108964,108964,1.0000,0,0,none,stone,black_rubber,966,0.4157,APPROVE
tile_0967.jpg,99178,47137,0.4753,36095,1,shatter,glazed,grey_pvc,967,0.1798,REJECT
tile_0968.jpg,74459,62895,0.8447,3407,1,crack,glazed,black_rubber,968,0.2399,REJECT
tile_0969.jpg,48012,48012,1.0000,0,0,none,terracotta,green_pvc,969,0.1832,APPROVE
tile_0970.jpg,81135,81135,1.0000,0,0,none,terracotta,grey_pvc,970,0.3095,APPROVE
tile_0971.jpg,150936,130059,0.8617,3593,1,crack,marble,grey_pvc,971,0.4961,APPROVE
tile_0972.jpg,161797,84616,0.5230,41937,1,crack+chip,stone,green_pvc,972,0.3228,REJECT
tile_0973.jpg,65723,65723,1.0000,0,0,none,glazed,green_pvc,973,0.2507,APPROVE
tile_0974.jpg,51466,41391,0.8042,7287,1,crack+chip,glazed,green_pvc,974,0.1579,REJECT
tile_0975.jpg,128825,128825,1.0000,0,0,none,marble,grey_pvc,975,0.4914,APPROVE
tile_0976.jpg,76634,44087,0.5753,9515,1,crack,terracotta,black_rubber,976,0.1682,REJECT
tile_0977.jpg,50720,46264,0.9121,25676,1,chip,encaustic,grey_pvc,977,0.1765,APPROVE
tile_0978.jpg,81843,81843,1.0000,0,0,none,terracotta,black_rubber,978,0.3122,APPROVE
tile_0979.jpg,30708,25420,0.8278,16808,1,shatter,marble,black_rubber,979,0.0970,REJECT
tile_0980.jpg,94590,94590,1.0000,0,0,none,stone,blue_pu,980,0.3608,APPROVE
tile_0981.jpg,101247,58260,0.5754,38961,1,crack+chip,marble,grey_pvc,981,0.2222,REJECT
tile_0982.jpg,48408,28552,0.5898,21683,1,chip,stone,green_pvc,982,0.1089,REJECT
tile_0983.jpg,77659,47091,0.6064,7924,1,crack,encaustic,black_rubber,983,0.1796,REJECT
tile_0984.jpg,48110,31217,0.6489,38255,1,shatter,stone,green_pvc,984,0.1191,REJECT
tile_0985.jpg,157413,157413,1.0000,0,0,none,terracotta,blue_pu,985,0.6005,APPROVE
tile_0986.jpg,105072,82864,0.7886,53097,1,shatter,terracotta,grey_pvc,986,0.3161,REJECT
tile_0987.jpg,38552,12842,0.3331,20378,1,crack+chip,stone,white_pu,987,0.0490,REJECT
tile_0988.jpg,68869,68869,1.0000,0,0,none,terracotta,green_pvc,988,0.2627,APPROVE
tile_0989.jpg,45863,45863,1.0000,0,0,none,glazed,blue_pu,989,0.1750,APPROVE
tile_0990.jpg,37125,35324,0.9515,659,1,crack,terracotta,green_pvc,990,0.1348,APPROVE
tile_0991.jpg,41654,28188,0.6767,20401,1,shatter,terracotta,white_pu,991,0.1075,REJECT
tile_0992.jpg,90299,90299,1.0000,0,0,none,stone,black_rubber,992,0.3445,APPROVE
tile_0993.jpg,107181,48015,0.4480,58483,1,shatter,marble,black_rubber,993,0.1832,REJECT
tile_0994.jpg,113903,113903,1.0000,0,0,none,encaustic,grey_pvc,994,0.4345,APPROVE
tile_0995.jpg,62997,48046,0.7627,16419,1,crack+chip,encaustic,black_rubber,995,0.1833,REJECT
tile_0996.jpg,63569,63155,0.9935,430,1,chip,encaustic,green_pvc,996,0.2409,APPROVE
tile_0997.jpg,85071,85071,1.0000,0,0,none,marble,black_rubber,997,0.3245,APPROVE
tile_0998.jpg,100770,100770,1.0000,0,0,none,marble,grey_pvc,998,0.3844,APPROVE
tile_0999.jpg,46358,46358,1.0000,0,0,none,stone,green_pvc,999,0.1768,APPROVE
tile_1000.jpg,131079,72589,0.5538,15237,1,crack,encaustic,grey_pvc,1000,0.2769,REJECT
tile_1001.jpg,80985,80985,1.0000,0,0,none,glazed,green_pvc,1001,0.3089,APPROVE
tile_1002.jpg,78547,78547,1.0000,0,0,none,encaustic,grey_pvc,1002,0.2996,APPROVE
tile_1003.jpg,152705,152705,1.0000,0,0,none,terracotta,white_pu,1003,0.5825,APPROVE
tile_1004.jpg,80459,72702,0.9036,5878,1,chip,stone,blue_pu,1004,0.2773,APPROVE
tile_1005.jpg,39924,29678,0.7434,9210,1,crack+chip,encaustic,blue_pu,1005,0.1132,REJECT
tile_1006.jpg,161506,161506,1.0000,0,0,none,encaustic,green_pvc,1006,0.6161,APPROVE
tile_1007.jpg,131060,102943,0.7855,5288,1,crack,encaustic,black_rubber,1007,0.3927,REJECT
tile_1008.jpg,33276,33276,1.0000,0,0,none,glazed,green_pvc,1008,0.1269,APPROVE
tile_1009.jpg,132302,132302,1.0000,0,0,none,encaustic,blue_pu,1009,0.5047,APPROVE
tile_1010.jpg,35059,35059,1.0000,0,0,none,terracotta,white_pu,1010,0.1337,APPROVE
tile_1011.jpg,38900,33682,0.8659,2158,1,crack,glazed,green_pvc,1011,0.1285,APPROVE
tile_1012.jpg,105404,105404,1.0000,0,0,none,concrete,green_pvc,1012,0.4021,APPROVE
tile_1013.jpg,106952,95760,0.8954,2814,1,crack,marble,grey_pvc,1013,0.3653,APPROVE
tile_1014.jpg,36455,36455,1.0000,0,0,none,concrete,grey_pvc,1014,0.1391,APPROVE
tile_1015.jpg,121289,62605,0.5162,14125,1,crack,terracotta,white_pu,1015,0.2388,REJECT
tile_1016.jpg,64088,57993,0.9049,5202,1,chip,terracotta,grey_pvc,1016,0.2212,APPROVE
tile_1017.jpg,36596,36596,1.0000,0,0,none,terracotta,grey_pvc,1017,0.1396,APPROVE
tile_1018.jpg,89311,63195,0.7076,6478,1,crack,encaustic,green_pvc,1018,0.2411,REJECT
tile_1019.jpg,51956,51956,1.0000,0,0,none,concrete,grey_pvc,1019,0.1982,APPROVE
tile_1020.jpg,127898,68885,0.5386,57879,1,shatter,encaustic,green_pvc,1020,0.2628,REJECT
tile_1021.jpg,133186,133186,1.0000,0,0,none,concrete,grey_pvc,1021,0.5081,APPROVE
tile_1022.jpg,96455,63731,0.6607,9737,1,crack,terracotta,grey_pvc,1022,0.2431,REJECT
tile_1023.jpg,46772,31873,0.6815,4535,1,crack,terracotta,blue_pu,1023,0.1216,REJECT
tile_1024.jpg,125082,87193,0.6971,22793,1,crack+chip,encaustic,grey_pvc,1024,0.3326,REJECT
tile_1025.jpg,49536,49536,1.0000,0,0,none,terracotta,white_pu,1025,0.1890,APPROVE
tile_1026.jpg,128222,125602,0.9796,5512,1,chip,concrete,green_pvc,1026,0.4791,APPROVE
tile_1027.jpg,20672,14627,0.7076,3441,1,crack,marble,grey_pvc,1027,0.0558,REJECT
tile_1028.jpg,179956,171513,0.9531,1125,1,crack,marble,blue_pu,1028,0.6543,APPROVE
tile_1029.jpg,102731,57030,0.5551,13055,1,crack,concrete,black_rubber,1029,0.2176,REJECT
tile_1030.jpg,40529,35473,0.8752,9397,1,chip,marble,black_rubber,1030,0.1353,APPROVE
tile_1031.jpg,71939,51385,0.7143,65796,1,shatter,terracotta,black_rubber,1031,0.1960,REJECT
tile_1032.jpg,12932,7921,0.6125,15974,1,shatter,marble,black_rubber,1032,0.0302,REJECT
tile_1033.jpg,37196,37196,1.0000,0,0,none,marble,grey_pvc,1033,0.1419,APPROVE
tile_1034.jpg,93420,93420,1.0000,0,0,none,encaustic,green_pvc,1034,0.3564,APPROVE
tile_1035.jpg,108906,58445,0.5367,14061,1,crack,concrete,black_rubber,1035,0.2229,REJECT
tile_1036.jpg,41160,32714,0.7948,31864,1,shatter,marble,white_pu,1036,0.1248,REJECT
tile_1037.jpg,98706,98706,1.0000,0,0,none,marble,green_pvc,1037,0.3765,APPROVE
tile_1038.jpg,64464,30545,0.4738,28152,1,crack+chip,stone,green_pvc,1038,0.1165,REJECT
tile_1039.jpg,48790,48790,1.0000,0,0,none,terracotta,black_rubber,1039,0.1861,APPROVE
tile_1040.jpg,70572,38039,0.5390,19509,1,crack+chip,stone,grey_pvc,1040,0.1451,REJECT
tile_1041.jpg,21095,14862,0.7045,5827,1,crack+chip,concrete,green_pvc,1041,0.0567,REJECT
tile_1042.jpg,17536,10167,0.5798,17422,1,shatter,terracotta,blue_pu,1042,0.0388,REJECT
tile_1043.jpg,90956,90956,1.0000,0,0,none,terracotta,white_pu,1043,0.3470,APPROVE
tile_1044.jpg,22155,22155,1.0000,0,0,none,marble,blue_pu,1044,0.0845,APPROVE
tile_1045.jpg,48950,48950,1.0000,0,0,none,terracotta,blue_pu,1045,0.1867,APPROVE
tile_1046.jpg,34748,34748,1.0000,0,0,none,terracotta,grey_pvc,1046,0.1326,APPROVE
tile_1047.jpg,72873,61069,0.8380,10198,1,crack+chip,concrete,green_pvc,1047,0.2330,REJECT
tile_1048.jpg,55093,55093,1.0000,0,0,none,glazed,green_pvc,1048,0.2102,APPROVE
tile_1049.jpg,26320,22658,0.8609,5524,1,chip,stone,white_pu,1049,0.0864,APPROVE
tile_1050.jpg,36524,18385,0.5034,7972,1,crack,terracotta,black_rubber,1050,0.0701,REJECT
tile_1051.jpg,43145,15251,0.3535,26618,1,crack+chip,stone,grey_pvc,1051,0.0582,REJECT
tile_1052.jpg,45624,32372,0.7095,65637,1,chip,marble,grey_pvc,1052,0.1235,REJECT
tile_1053.jpg,42217,42217,1.0000,0,0,none,concrete,black_rubber,1053,0.1610,APPROVE
tile_1054.jpg,73429,42916,0.5845,49559,1,chip,terracotta,green_pvc,1054,0.1637,REJECT
tile_1055.jpg,59968,37139,0.6193,27130,1,shatter,marble,grey_pvc,1055,0.1417,REJECT
tile_1056.jpg,26889,23135,0.8604,2311,1,crack+chip,marble,white_pu,1056,0.0883,APPROVE
tile_1057.jpg,59066,59066,1.0000,0,0,none,encaustic,green_pvc,1057,0.2253,APPROVE
tile_1058.jpg,69814,69814,1.0000,0,0,none,encaustic,grey_pvc,1058,0.2663,APPROVE
tile_1059.jpg,44654,38201,0.8555,60662,1,chip,encaustic,black_rubber,1059,0.1457,APPROVE
tile_1060.jpg,111610,67522,0.6050,10664,1,crack,encaustic,black_rubber,1060,0.2576,REJECT
tile_1061.jpg,27566,20779,0.7538,4236,1,crack+chip,concrete,white_pu,1061,0.0793,REJECT
tile_1062.jpg,96559,96559,1.0000,0,0,none,terracotta,grey_pvc,1062,0.3683,APPROVE
tile_1063.jpg,75123,75123,1.0000,0,0,none,terracotta,white_pu,1063,0.2866,APPROVE
tile_1064.jpg,49051,42029,0.8568,4019,1,crack+chip,concrete,black_rubber,1064,0.1603,APPROVE
tile_1065.jpg,37273,37273,1.0000,0,0,none,terracotta,green_pvc,1065,0.1422,APPROVE
tile_1066.jpg,69805,44027,0.6307,8245,1,crack,marble,blue_pu,1066,0.1679,REJECT
tile_1067.jpg,173369,173369,1.0000,0,0,none,encaustic,black_rubber,1067,0.6614,APPROVE
tile_1068.jpg,60298,60298,1.0000,0,0,none,stone,green_pvc,1068,0.2300,APPROVE
tile_1069.jpg,37500,25759,0.6869,4555,1,crack,terracotta,green_pvc,1069,0.0983,REJECT
tile_1070.jpg,180569,180569,1.0000,0,0,none,marble,black_rubber,1070,0.6888,APPROVE
tile_1071.jpg,75959,75959,1.0000,0,0,none,marble,grey_pvc,1071,0.2898,APPROVE
tile_1072.jpg,80822,67457,0.8346,18624,1,crack+chip,concrete,grey_pvc,1072,0.2573,REJECT
tile_1073.jpg,69455,69455,1.0000,0,0,none,terracotta,grey_pvc,1073,0.2649,APPROVE
tile_1074.jpg,53248,53248,1.0000,0,0,none,terracotta,grey_pvc,1074,0.2031,APPROVE
tile_1075.jpg,53866,43633,0.8100,64130,1,chip,encaustic,black_rubber,1075,0.1664,REJECT
tile_1076.jpg,77238,62420,0.8082,11941,1,crack+chip,glazed,black_rubber,1076,0.2381,REJECT
tile_1077.jpg,98120,98120,1.0000,0,0,none,encaustic,grey_pvc,1077,0.3743,APPROVE
tile_1078.jpg,134617,134617,1.0000,0,0,none,concrete,green_pvc,1078,0.5135,APPROVE
tile_1079.jpg,63137,38172,0.6046,10608,1,crack,stone,green_pvc,1079,0.1456,REJECT
tile_1080.jpg,45699,45699,1.0000,0,0,none,encaustic,black_rubber,1080,0.1743,APPROVE
tile_1081.jpg,85582,59935,0.7003,9085,1,crack,stone,black_rubber,1081,0.2286,REJECT
tile_1082.jpg,85126,85126,1.0000,0,0,none,encaustic,green_pvc,1082,0.3247,APPROVE
tile_1083.jpg,29307,24023,0.8197,6112,1,chip,terracotta,black_rubber,1083,0.0916,REJECT
tile_1084.jpg,71616,57398,0.8015,11641,1,shatter,encaustic,black_rubber,1084,0.2190,REJECT
tile_1085.jpg,113984,113984,1.0000,0,0,none,concrete,grey_pvc,1085,0.4348,APPROVE
tile_1086.jpg,144965,129260,0.8917,20132,1,chip,concrete,green_pvc,1086,0.4931,APPROVE
tile_1087.jpg,18126,10466,0.5774,15657,1,shatter,concrete,blue_pu,1087,0.0399,REJECT
tile_1088.jpg,32630,32630,1.0000,0,0,none,stone,grey_pvc,1088,0.1245,APPROVE
tile_1089.jpg,36848,28056,0.7614,12732,1,shatter,marble,grey_pvc,1089,0.1070,REJECT
tile_1090.jpg,50444,50444,1.0000,0,0,none,encaustic,black_rubber,1090,0.1924,APPROVE
tile_1091.jpg,30454,14460,0.4748,8307,1,crack,concrete,black_rubber,1091,0.0552,REJECT
tile_1092.jpg,59971,30898,0.5152,55640,1,crack+chip,encaustic,black_rubber,1092,0.1179,REJECT
tile_1093.jpg,133391,133391,1.0000,0,0,none,encaustic,grey_pvc,1093,0.5088,APPROVE
tile_1094.jpg,156580,125830,0.8036,4931,1,crack,glazed,black_rubber,1094,0.4800,REJECT
tile_1095.jpg,41145,33581,0.8162,26764,1,shatter,terracotta,blue_pu,1095,0.1281,REJECT
tile_1096.jpg,103871,103871,1.0000,0,0,none,encaustic,green_pvc,1096,0.3962,APPROVE
tile_1097.jpg,97195,97195,1.0000,0,0,none,terracotta,black_rubber,1097,0.3708,APPROVE
tile_1098.jpg,43708,38685,0.8851,10427,1,chip,encaustic,blue_pu,1098,0.1476,APPROVE
tile_1099.jpg,64521,64521,1.0000,0,0,none,encaustic,black_rubber,1099,0.2461,APPROVE
tile_1100.jpg,77482,64661,0.8345,4492,1,crack,marble,grey_pvc,1100,0.2467,REJECT
tile_1101.jpg,35132,30031,0.8548,12088,1,shatter,stone,white_pu,1101,0.1146,APPROVE
tile_1102.jpg,93693,62180,0.6637,48146,1,chip,concrete,blue_pu,1102,0.2372,REJECT
tile_1103.jpg,87763,44334,0.5052,12092,1,crack,terracotta,white_pu,1103,0.1691,REJECT
tile_1104.jpg,87091,87091,1.0000,0,0,none,encaustic,black_rubber,1104,0.3322,APPROVE
tile_1105.jpg,52122,24419,0.4685,11157,1,crack,encaustic,white_pu,1105,0.0932,REJECT
tile_1106.jpg,168890,115468,0.6837,10225,1,crack,encaustic,blue_pu,1106,0.4405,REJECT
tile_1107.jpg,129347,67707,0.5235,72808,1,crack+chip,encaustic,black_rubber,1107,0.2583,REJECT
tile_1108.jpg,100904,100904,1.0000,0,0,none,stone,white_pu,1108,0.3849,APPROVE
tile_1109.jpg,67476,45864,0.6797,7077,1,crack,terracotta,white_pu,1109,0.1750,REJECT
tile_1110.jpg,116724,116724,1.0000,0,0,none,glazed,black_rubber,1110,0.4453,APPROVE
tile_1111.jpg,71372,70725,0.9909,1326,1,chip,concrete,grey_pvc,1111,0.2698,APPROVE
tile_1112.jpg,98539,98539,1.0000,0,0,none,concrete,green_pvc,1112,0.3759,APPROVE
tile_1113.jpg,96436,88599,0.9187,1947,1,crack+chip,marble,black_rubber,1113,0.3380,APPROVE
tile_1114.jpg,22805,22805,1.0000,0,0,none,marble,grey_pvc,1114,0.0870,APPROVE
tile_1115.jpg,129297,129297,1.0000,0,0,none,encaustic,blue_pu,1115,0.4932,APPROVE
tile_1116.jpg,170901,127946,0.7487,41322,1,chip,concrete,black_rubber,1116,0.4881,REJECT
tile_1117.jpg,55782,55782,1.0000,0,0,none,terracotta,green_pvc,1117,0.2128,APPROVE
tile_1118.jpg,57637,39936,0.6929,26220,1,shatter,glazed,grey_pvc,1118,0.1523,REJECT
tile_1119.jpg,43256,39533,0.9139,3094,1,crack+chip,glazed,black_rubber,1119,0.1508,APPROVE
tile_1120.jpg,61840,36389,0.5884,110814,1,shatter,encaustic,green_pvc,1120,0.1388,REJECT
tile_1121.jpg,108238,100580,0.9292,1236,1,crack,encaustic,black_rubber,1121,0.3837,APPROVE
tile_1122.jpg,53701,39432,0.7343,3956,1,crack,terracotta,grey_pvc,1122,0.1504,REJECT
tile_1123.jpg,119496,97508,0.8160,25340,1,chip,encaustic,grey_pvc,1123,0.3720,REJECT
tile_1124.jpg,39430,24261,0.6153,14802,1,shatter,encaustic,black_rubber,1124,0.0925,REJECT
tile_1125.jpg,58828,36938,0.6279,6965,1,crack,encaustic,black_rubber,1125,0.1409,REJECT
tile_1126.jpg,48507,22427,0.4623,9234,1,crack,encaustic,black_rubber,1126,0.0856,REJECT
tile_1127.jpg,45972,40142,0.8732,2295,1,crack+chip,terracotta,green_pvc,1127,0.1531,APPROVE
tile_1128.jpg,81175,64315,0.7923,4861,1,crack,terracotta,blue_pu,1128,0.2453,REJECT
tile_1129.jpg,23722,19427,0.8189,8240,1,chip,concrete,black_rubber,1129,0.0741,REJECT
tile_1130.jpg,74186,74186,1.0000,0,0,none,stone,blue_pu,1130,0.2830,APPROVE
tile_1131.jpg,44577,42702,0.9579,1384,1,chip,terracotta,grey_pvc,1131,0.1629,APPROVE
tile_1132.jpg,51212,51212,1.0000,0,0,none,glazed,blue_pu,1132,0.1954,APPROVE
tile_1133.jpg,64687,53200,0.8224,3629,1,crack,glazed,white_pu,1133,0.2029,REJECT
tile_1134.jpg,117816,69259,0.5879,53513,1,shatter,terracotta,white_pu,1134,0.2642,REJECT
tile_1135.jpg,41804,28402,0.6794,19127,1,crack+chip,terracotta,green_pvc,1135,0.1083,REJECT
tile_1136.jpg,53309,53309,1.0000,0,0,none,glazed,black_rubber,1136,0.2034,APPROVE
tile_1137.jpg,47357,47357,1.0000,0,0,none,terracotta,white_pu,1137,0.1807,APPROVE
tile_1138.jpg,50176,50176,1.0000,0,0,none,encaustic,grey_pvc,1138,0.1914,APPROVE
tile_1139.jpg,79114,79114,1.0000,0,0,none,encaustic,grey_pvc,1139,0.3018,APPROVE
tile_1140.jpg,37856,37856,1.0000,0,0,none,concrete,green_pvc,1140,0.1444,APPROVE
tile_1141.jpg,38523,19699,0.5114,67752,1,shatter,concrete,grey_pvc,1141,0.0751,REJECT
tile_1142.jpg,36872,27557,0.7474,52152,1,shatter,glazed,green_pvc,1142,0.1051,REJECT
tile_1143.jpg,34752,24132,0.6944,7037,1,crack+chip,glazed,grey_pvc,1143,0.0921,REJECT
tile_1144.jpg,63092,63092,1.0000,0,0,none,marble,black_rubber,1144,0.2407,APPROVE
tile_1145.jpg,104849,104849,1.0000,0,0,none,concrete,blue_pu,1145,0.4000,APPROVE
tile_1146.jpg,83219,73433,0.8824,1876,1,crack,marble,green_pvc,1146,0.2801,APPROVE
tile_1147.jpg,96468,96468,1.0000,0,0,none,encaustic,green_pvc,1147,0.3680,APPROVE
tile_1148.jpg,92781,50679,0.5462,11387,1,crack,concrete,green_pvc,1148,0.1933,REJECT
tile_1149.jpg,77496,77496,1.0000,0,0,none,glazed,grey_pvc,1149,0.2956,APPROVE
tile_1150.jpg,88988,58100,0.6529,75703,1,shatter,marble,grey_pvc,1150,0.2216,REJECT
tile_1151.jpg,79612,79612,1.0000,0,0,none,terracotta,black_rubber,1151,0.3037,APPROVE
tile_1152.jpg,26977,26977,1.0000,0,0,none,terracotta,grey_pvc,1152,0.1029,APPROVE
tile_1153.jpg,70624,66178,0.9370,1659,1,crack+chip,terracotta,grey_pvc,1153,0.2524,APPROVE
tile_1154.jpg,43649,43649,1.0000,0,0,none,terracotta,white_pu,1154,0.1665,APPROVE
tile_1155.jpg,34131,28671,0.8400,19769,1,shatter,marble,grey_pvc,1155,0.1094,REJECT
tile_1156.jpg,37612,27477,0.7305,4091,1,crack,glazed,white_pu,1156,0.1048,REJECT
tile_1157.jpg,66203,42631,0.6439,8807,1,crack,glazed,blue_pu,1157,0.1626,REJECT
tile_1158.jpg,118906,118906,1.0000,0,0,none,encaustic,black_rubber,1158,0.4536,APPROVE
tile_1159.jpg,64844,64844,1.0000,0,0,none,encaustic,black_rubber,1159,0.2474,APPROVE
tile_1160.jpg,73293,73293,1.0000,0,0,none,encaustic,black_rubber,1160,0.2796,APPROVE
tile_1161.jpg,76263,76263,1.0000,0,0,none,stone,black_rubber,1161,0.2909,APPROVE
tile_1162.jpg,69995,69995,1.0000,0,0,none,terracotta,blue_pu,1162,0.2670,APPROVE
tile_1163.jpg,41279,34687,0.8403,2487,1,crack,glazed,grey_pvc,1163,0.1323,REJECT
tile_1164.jpg,174184,174184,1.0000,0,0,none,marble,black_rubber,1164,0.6645,APPROVE
tile_1165.jpg,139386,139386,1.0000,0,0,none,encaustic,grey_pvc,1165,0.5317,APPROVE
tile_1166.jpg,118284,118284,1.0000,0,0,none,stone,black_rubber,1166,0.4512,APPROVE
tile_1167.jpg,180828,180828,1.0000,0,0,none,stone,blue_pu,1167,0.6898,APPROVE
tile_1168.jpg,143158,143158,1.0000,0,0,none,encaustic,grey_pvc,1168,0.5461,APPROVE
tile_1169.jpg,64362,42938,0.6671,18870,1,chip,glazed,grey_pvc,1169,0.1638,REJECT
tile_1170.jpg,70221,48723,0.6939,16627,1,crack+chip,terracotta,green_pvc,1170,0.1859,REJECT
tile_1171.jpg,177477,95912,0.5404,19610,1,crack,encaustic,white_pu,1171,0.3659,REJECT
tile_1172.jpg,122930,85743,0.6975,58326,1,crack+chip,concrete,grey_pvc,1172,0.3271,REJECT
tile_1173.jpg,154372,131055,0.8490,4374,1,crack,encaustic,green_pvc,1173,0.4999,REJECT
tile_1174.jpg,59587,59587,1.0000,0,0,none,encaustic,green_pvc,1174,0.2273,APPROVE
tile_1175.jpg,73740,49690,0.6739,25319,1,chip,marble,green_pvc,1175,0.1896,REJECT
tile_1176.jpg,29134,29134,1.0000,0,0,none,glazed,white_pu,1176,0.1111,APPROVE
tile_1177.jpg,75202,67277,0.8946,42778,1,chip,concrete,black_rubber,1177,0.2566,APPROVE
tile_1178.jpg,26402,22656,0.8581,12945,1,shatter,glazed,green_pvc,1178,0.0864,APPROVE
tile_1179.jpg,79177,79177,1.0000,0,0,none,encaustic,green_pvc,1179,0.3020,APPROVE
tile_1180.jpg,29688,22100,0.7444,4281,1,crack+chip,concrete,blue_pu,1180,0.0843,REJECT
tile_1181.jpg,104519,104519,1.0000,0,0,none,terracotta,grey_pvc,1181,0.3987,APPROVE
tile_1182.jpg,67184,58291,0.8676,24440,1,shatter,marble,green_pvc,1182,0.2224,APPROVE
tile_1183.jpg,17032,13617,0.7995,7282,1,chip,terracotta,black_rubber,1183,0.0519,REJECT
tile_1184.jpg,86629,70061,0.8087,4240,1,crack,encaustic,blue_pu,1184,0.2673,REJECT
tile_1185.jpg,100878,100878,1.0000,0,0,none,encaustic,black_rubber,1185,0.3848,APPROVE
tile_1186.jpg,79617,37380,0.4695,13354,1,crack,stone,black_rubber,1186,0.1426,REJECT
tile_1187.jpg,23649,18224,0.7706,2646,1,crack,marble,white_pu,1187,0.0695,REJECT
tile_1188.jpg,75985,75985,1.0000,0,0,none,terracotta,grey_pvc,1188,0.2899,APPROVE
tile_1189.jpg,62529,54606,0.8733,7108,1,chip,marble,white_pu,1189,0.2083,APPROVE
tile_1190.jpg,25206,22275,0.8837,8867,1,chip,concrete,white_pu,1190,0.0850,APPROVE
tile_1191.jpg,101429,98010,0.9663,669,1,crack,concrete,black_rubber,1191,0.3739,APPROVE
tile_1192.jpg,83324,83324,1.0000,0,0,none,terracotta,green_pvc,1192,0.3179,APPROVE
tile_1193.jpg,99252,78905,0.7950,5258,1,crack,concrete,black_rubber,1193,0.3010,REJECT
tile_1194.jpg,68220,68220,1.0000,0,0,none,glazed,green_pvc,1194,0.2602,APPROVE
tile_1195.jpg,146270,146270,1.0000,0,0,none,encaustic,black_rubber,1195,0.5580,APPROVE
tile_1196.jpg,60504,60504,1.0000,0,0,none,terracotta,black_rubber,1196,0.2308,APPROVE
tile_1197.jpg,131006,131006,1.0000,0,0,none,encaustic,grey_pvc,1197,0.4997,APPROVE
tile_1198.jpg,122485,122485,1.0000,0,0,none,marble,black_rubber,1198,0.4672,APPROVE
tile_1199.jpg,64993,44383,0.6829,7457,1,crack,terracotta,blue_pu,1199,0.1693,REJECT
tile_1200.jpg,83540,55090,0.6594,25390,1,chip,glazed,black_rubber,1200,0.2102,REJECT
tile_1201.jpg,38414,38414,1.0000,0,0,none,concrete,green_pvc,1201,0.1465,APPROVE
tile_1202.jpg,119714,60838,0.5082,14513,1,crack,glazed,black_rubber,1202,0.2321,REJECT
tile_1203.jpg,109192,70757,0.6480,20556,1,crack+chip,glazed,green_pvc,1203,0.2699,REJECT
tile_1204.jpg,112593,103167,0.9163,43753,1,chip,encaustic,black_rubber,1204,0.3936,APPROVE
tile_1205.jpg,138624,81386,0.5871,81778,1,chip,glazed,white_pu,1205,0.3105,REJECT
tile_1206.jpg,44559,44559,1.0000,0,0,none,glazed,black_rubber,1206,0.1700,APPROVE
tile_1207.jpg,82999,75296,0.9072,2115,1,crack+chip,concrete,grey_pvc,1207,0.2872,APPROVE
tile_1208.jpg,72255,37389,0.5175,44818,1,shatter,stone,black_rubber,1208,0.1426,REJECT
tile_1209.jpg,126585,84921,0.6709,9807,1,crack,glazed,green_pvc,1209,0.3239,REJECT
tile_1210.jpg,125846,125846,1.0000,0,0,none,encaustic,grey_pvc,1210,0.4801,APPROVE
tile_1211.jpg,126381,61464,0.4863,41518,1,crack+chip,terracotta,blue_pu,1211,0.2345,REJECT
tile_1212.jpg,39064,26002,0.6656,11700,1,crack+chip,terracotta,black_rubber,1212,0.0992,REJECT
tile_1213.jpg,162567,162567,1.0000,0,0,none,stone,white_pu,1213,0.6201,APPROVE
tile_1214.jpg,93413,86807,0.9293,5255,1,chip,glazed,blue_pu,1214,0.3311,APPROVE
tile_1215.jpg,25519,25519,1.0000,0,0,none,terracotta,blue_pu,1215,0.0973,APPROVE
tile_1216.jpg,68431,68431,1.0000,0,0,none,glazed,black_rubber,1216,0.2610,APPROVE
tile_1217.jpg,33120,9890,0.2986,31404,1,chip,concrete,green_pvc,1217,0.0377,REJECT
tile_1218.jpg,36873,35003,0.9493,574,1,crack,concrete,green_pvc,1218,0.1335,APPROVE
tile_1219.jpg,75178,75178,1.0000,0,0,none,marble,black_rubber,1219,0.2868,APPROVE
tile_1220.jpg,120457,120457,1.0000,0,0,none,marble,white_pu,1220,0.4595,APPROVE
tile_1221.jpg,132569,83186,0.6275,11037,1,crack,terracotta,grey_pvc,1221,0.3173,REJECT
tile_1222.jpg,28221,19486,0.6905,3408,1,crack,marble,white_pu,1222,0.0743,REJECT
tile_1223.jpg,160298,117391,0.7323,9196,1,crack,terracotta,green_pvc,1223,0.4478,REJECT
tile_1224.jpg,139902,139902,1.0000,0,0,none,encaustic,green_pvc,1224,0.5337,APPROVE
tile_1225.jpg,54252,54252,1.0000,0,0,none,marble,black_rubber,1225,0.2070,APPROVE
tile_1226.jpg,83784,83784,1.0000,0,0,none,stone,grey_pvc,1226,0.3196,APPROVE
tile_1227.jpg,47763,42364,0.8870,2021,1,crack,marble,green_pvc,1227,0.1616,APPROVE
tile_1228.jpg,23301,23301,1.0000,0,0,none,terracotta,grey_pvc,1228,0.0889,APPROVE
tile_1229.jpg,26160,13717,0.5244,23140,1,crack+chip,encaustic,blue_pu,1229,0.0523,REJECT
tile_1230.jpg,101872,93387,0.9167,17273,1,chip,encaustic,black_rubber,1230,0.3562,APPROVE
tile_1231.jpg,77222,39939,0.5172,24246,1,crack+chip,marble,black_rubber,1231,0.1524,REJECT
tile_1232.jpg,116761,93779,0.8032,4768,1,crack,encaustic,white_pu,1232,0.3577,REJECT
tile_1233.jpg,132035,132035,1.0000,0,0,none,marble,blue_pu,1233,0.5037,APPROVE
tile_1234.jpg,43206,19460,0.4504,24808,1,crack+chip,marble,grey_pvc,1234,0.0742,REJECT
tile_1235.jpg,46876,46876,1.0000,0,0,none,marble,white_pu,1235,0.1788,APPROVE
tile_1236.jpg,127547,110119,0.8634,3571,1,crack,encaustic,grey_pvc,1236,0.4201,APPROVE
tile_1237.jpg,90609,90609,1.0000,0,0,none,marble,green_pvc,1237,0.3456,APPROVE
tile_1238.jpg,117203,82453,0.7035,58145,1,crack+chip,encaustic,green_pvc,1238,0.3145,REJECT
tile_1239.jpg,28284,28284,1.0000,0,0,none,glazed,black_rubber,1239,0.1079,APPROVE
tile_1240.jpg,55497,55497,1.0000,0,0,none,terracotta,black_rubber,1240,0.2117,APPROVE
tile_1241.jpg,80412,48846,0.6074,9056,1,crack,encaustic,black_rubber,1241,0.1863,REJECT
tile_1242.jpg,30862,17723,0.5743,5634,1,crack,terracotta,black_rubber,1242,0.0676,REJECT
tile_1243.jpg,124827,79704,0.6385,23217,1,crack+chip,concrete,black_rubber,1243,0.3040,REJECT
tile_1244.jpg,90074,68141,0.7565,8530,1,crack,glazed,black_rubber,1244,0.2599,REJECT
tile_1245.jpg,62910,62910,1.0000,0,0,none,concrete,green_pvc,1245,0.2400,APPROVE
tile_1246.jpg,137502,65883,0.4791,18999,1,crack,concrete,green_pvc,1246,0.2513,REJECT
tile_1247.jpg,66508,45622,0.6860,13838,1,crack+chip,terracotta,blue_pu,1247,0.1740,REJECT
tile_1248.jpg,34731,32889,0.9470,644,1,crack,terracotta,green_pvc,1248,0.1255,APPROVE
tile_1249.jpg,162188,162188,1.0000,0,0,none,marble,white_pu,1249,0.6187,APPROVE
tile_1250.jpg,145197,72146,0.4969,15749,1,crack,encaustic,blue_pu,1250,0.2752,REJECT
tile_1251.jpg,89062,70053,0.7866,4587,1,crack,terracotta,green_pvc,1251,0.2672,REJECT
tile_1252.jpg,107122,107122,1.0000,0,0,none,terracotta,blue_pu,1252,0.4086,APPROVE
tile_1253.jpg,72480,72480,1.0000,0,0,none,terracotta,green_pvc,1253,0.2765,APPROVE
tile_1254.jpg,61285,58788,0.9593,647,1,crack,terracotta,blue_pu,1254,0.2243,APPROVE
tile_1255.jpg,44740,35388,0.7910,5789,1,crack+chip,glazed,black_rubber,1255,0.1350,REJECT
tile_1256.jpg,43866,32071,0.7311,16834,1,shatter,glazed,black_rubber,1256,0.1223,REJECT
tile_1257.jpg,36780,20674,0.5621,13452,1,crack+chip,glazed,black_rubber,1257,0.0789,REJECT
tile_1258.jpg,22597,22597,1.0000,0,0,none,terracotta,green_pvc,1258,0.0862,APPROVE
tile_1259.jpg,142449,72474,0.5088,18321,1,crack,encaustic,white_pu,1259,0.2765,REJECT
tile_1260.jpg,70245,70245,1.0000,0,0,none,marble,green_pvc,1260,0.2680,APPROVE
tile_1261.jpg,72188,70471,0.9762,6028,1,chip,concrete,blue_pu,1261,0.2688,APPROVE
tile_1262.jpg,77942,42904,0.5505,11040,1,crack,glazed,white_pu,1262,0.1637,REJECT
tile_1263.jpg,54659,54659,1.0000,0,0,none,concrete,grey_pvc,1263,0.2085,APPROVE
tile_1264.jpg,51060,51060,1.0000,0,0,none,encaustic,blue_pu,1264,0.1948,APPROVE
tile_1265.jpg,49648,49648,1.0000,0,0,none,stone,blue_pu,1265,0.1894,APPROVE
tile_1266.jpg,46363,46363,1.0000,0,0,none,concrete,green_pvc,1266,0.1769,APPROVE
tile_1267.jpg,90891,55482,0.6104,24813,1,shatter,terracotta,blue_pu,1267,0.2116,REJECT
tile_1268.jpg,57165,57165,1.0000,0,0,none,encaustic,green_pvc,1268,0.2181,APPROVE
tile_1269.jpg,35286,26367,0.7472,50187,1,shatter,stone,grey_pvc,1269,0.1006,REJECT
tile_1270.jpg,151123,151123,1.0000,0,0,none,marble,white_pu,1270,0.5765,APPROVE
tile_1271.jpg,137573,124993,0.9086,2107,1,crack,concrete,black_rubber,1271,0.4768,APPROVE
tile_1272.jpg,68852,68852,1.0000,0,0,none,terracotta,green_pvc,1272,0.2626,APPROVE
tile_1273.jpg,62006,41835,0.6747,31502,1,shatter,encaustic,grey_pvc,1273,0.1596,REJECT
tile_1274.jpg,79777,64234,0.8052,4441,1,crack,encaustic,black_rubber,1274,0.2450,REJECT
tile_1275.jpg,172563,103391,0.5991,60016,1,chip,concrete,black_rubber,1275,0.3944,REJECT
tile_1276.jpg,82256,82256,1.0000,0,0,none,glazed,green_pvc,1276,0.3138,APPROVE
tile_1277.jpg,81814,54109,0.6614,7741,1,crack,encaustic,green_pvc,1277,0.2064,REJECT
tile_1278.jpg,120695,120695,1.0000,0,0,none,encaustic,white_pu,1278,0.4604,APPROVE
tile_1279.jpg,25235,25235,1.0000,0,0,none,stone,black_rubber,1279,0.0963,APPROVE
tile_1280.jpg,81765,76206,0.9320,1619,1,crack+chip,encaustic,blue_pu,1280,0.2907,APPROVE
tile_1281.jpg,45448,31895,0.7018,7216,1,crack+chip,concrete,blue_pu,1281,0.1217,REJECT
tile_1282.jpg,52714,52714,1.0000,0,0,none,encaustic,green_pvc,1282,0.2011,APPROVE
tile_1283.jpg,46902,46902,1.0000,0,0,none,glazed,green_pvc,1283,0.1789,APPROVE
tile_1284.jpg,70974,70974,1.0000,0,0,none,stone,grey_pvc,1284,0.2707,APPROVE
tile_1285.jpg,71503,59401,0.8307,4489,1,crack,stone,green_pvc,1285,0.2266,REJECT
tile_1286.jpg,58659,34525,0.5886,51607,1,crack+chip,encaustic,green_pvc,1286,0.1317,REJECT
tile_1287.jpg,171653,95678,0.5574,43272,1,crack+chip,glazed,grey_pvc,1287,0.3650,REJECT
tile_1288.jpg,68696,39928,0.5812,9182,1,crack,encaustic,blue_pu,1288,0.1523,REJECT
tile_1289.jpg,26037,16977,0.6520,85200,1,shatter,stone,blue_pu,1289,0.0648,REJECT
tile_1290.jpg,44082,44082,1.0000,0,0,none,terracotta,green_pvc,1290,0.1682,APPROVE
tile_1291.jpg,54120,54120,1.0000,0,0,none,terracotta,green_pvc,1291,0.2065,APPROVE
tile_1292.jpg,164903,164903,1.0000,0,0,none,glazed,black_rubber,1292,0.6291,APPROVE
tile_1293.jpg,86930,83618,0.9619,14917,1,chip,encaustic,blue_pu,1293,0.3190,APPROVE
tile_1294.jpg,38949,21403,0.5495,6902,1,crack,glazed,blue_pu,1294,0.0816,REJECT
tile_1295.jpg,173129,106428,0.6147,14287,1,crack,concrete,black_rubber,1295,0.4060,REJECT
tile_1296.jpg,42857,27111,0.6326,6485,1,crack,concrete,grey_pvc,1296,0.1034,REJECT
tile_1297.jpg,27474,27474,1.0000,0,0,none,marble,green_pvc,1297,0.1048,APPROVE
tile_1298.jpg,69486,69486,1.0000,0,0,none,marble,black_rubber,1298,0.2651,APPROVE
tile_1299.jpg,22821,22501,0.9860,376,1,chip,stone,black_rubber,1299,0.0858,APPROVE
tile_1300.jpg,74995,70203,0.9361,1299,1,crack,glazed,grey_pvc,1300,0.2678,APPROVE
tile_1301.jpg,37891,26617,0.7025,3486,1,crack,terracotta,green_pvc,1301,0.1015,REJECT
tile_1302.jpg,110422,96957,0.8781,67564,1,chip,encaustic,black_rubber,1302,0.3699,APPROVE
tile_1303.jpg,155429,155429,1.0000,0,0,none,terracotta,green_pvc,1303,0.5929,APPROVE
tile_1304.jpg,43868,35857,0.8174,14789,1,shatter,marble,white_pu,1304,0.1368,REJECT
tile_1305.jpg,45489,45489,1.0000,0,0,none,marble,black_rubber,1305,0.1735,APPROVE
tile_1306.jpg,129817,129817,1.0000,0,0,none,stone,green_pvc,1306,0.4952,APPROVE
tile_1307.jpg,59045,59045,1.0000,0,0,none,terracotta,blue_pu,1307,0.2252,APPROVE
tile_1308.jpg,70429,70429,1.0000,0,0,none,concrete,black_rubber,1308,0.2687,APPROVE
tile_1309.jpg,34078,30002,0.8804,5104,1,chip,terracotta,green_pvc,1309,0.1144,APPROVE
tile_1310.jpg,58313,33182,0.5690,71985,1,chip,encaustic,black_rubber,1310,0.1266,REJECT
tile_1311.jpg,61325,61325,1.0000,0,0,none,terracotta,black_rubber,1311,0.2339,APPROVE
tile_1312.jpg,55682,55682,1.0000,0,0,none,glazed,white_pu,1312,0.2124,APPROVE
tile_1313.jpg,54099,54099,1.0000,0,0,none,glazed,green_pvc,1313,0.2064,APPROVE
tile_1314.jpg,77318,60435,0.7816,22154,1,chip,glazed,blue_pu,1314,0.2305,REJECT
tile_1315.jpg,58133,58133,1.0000,0,0,none,encaustic,green_pvc,1315,0.2218,APPROVE
tile_1316.jpg,70620,28895,0.4092,14096,1,crack,concrete,grey_pvc,1316,0.1102,REJECT
tile_1317.jpg,44636,44636,1.0000,0,0,none,terracotta,blue_pu,1317,0.1703,APPROVE
tile_1318.jpg,164698,164698,1.0000,0,0,none,glazed,white_pu,1318,0.6283,APPROVE
tile_1319.jpg,67407,67407,1.0000,0,0,none,glazed,grey_pvc,1319,0.2571,APPROVE
tile_1320.jpg,165657,155636,0.9395,1261,1,crack,terracotta,white_pu,1320,0.5937,APPROVE
tile_1321.jpg,52679,52679,1.0000,0,0,none,marble,green_pvc,1321,0.2010,APPROVE
tile_1322.jpg,139878,96868,0.6925,37508,1,chip,terracotta,black_rubber,1322,0.3695,REJECT
tile_1323.jpg,34871,19229,0.5514,7279,1,crack,concrete,blue_pu,1323,0.0734,REJECT
tile_1324.jpg,165763,165763,1.0000,0,0,none,encaustic,green_pvc,1324,0.6323,APPROVE
tile_1325.jpg,136204,131407,0.9648,2759,1,chip,stone,green_pvc,1325,0.5013,APPROVE
tile_1326.jpg,165285,165285,1.0000,0,0,none,encaustic,black_rubber,1326,0.6305,APPROVE
tile_1327.jpg,83805,83805,1.0000,0,0,none,terracotta,black_rubber,1327,0.3197,APPROVE
tile_1328.jpg,123160,123160,1.0000,0,0,none,marble,black_rubber,1328,0.4698,APPROVE
tile_1329.jpg,67097,48364,0.7208,99773,1,shatter,encaustic,black_rubber,1329,0.1845,REJECT
tile_1330.jpg,83811,61448,0.7332,6736,1,crack,stone,grey_pvc,1330,0.2344,REJECT
tile_1331.jpg,37394,36277,0.9701,1003,1,chip,glazed,blue_pu,1331,0.1384,APPROVE
tile_1332.jpg,97003,77541,0.7994,5076,1,crack,terracotta,blue_pu,1332,0.2958,REJECT
tile_1333.jpg,84825,52535,0.6193,12341,1,crack,concrete,black_rubber,1333,0.2004,REJECT
tile_1334.jpg,50947,50947,1.0000,0,0,none,terracotta,grey_pvc,1334,0.1943,APPROVE
tile_1335.jpg,33438,18781,0.5617,10686,1,crack+chip,terracotta,black_rubber,1335,0.0716,REJECT
tile_1336.jpg,42007,27379,0.6518,4855,1,crack,encaustic,white_pu,1336,0.1044,REJECT
tile_1337.jpg,132709,124266,0.9364,1426,1,crack,glazed,black_rubber,1337,0.4740,APPROVE
tile_1338.jpg,63981,63981,1.0000,0,0,none,stone,green_pvc,1338,0.2441,APPROVE
tile_1339.jpg,52865,52865,1.0000,0,0,none,encaustic,grey_pvc,1339,0.2017,APPROVE
tile_1340.jpg,122350,60310,0.4929,17734,1,crack,glazed,grey_pvc,1340,0.2301,REJECT
tile_1341.jpg,44577,28168,0.6319,7763,1,crack,terracotta,black_rubber,1341,0.1075,REJECT
tile_1342.jpg,20306,12390,0.6102,20612,1,shatter,terracotta,black_rubber,1342,0.0473,REJECT
tile_1343.jpg,84981,69356,0.8161,22125,1,shatter,encaustic,black_rubber,1343,0.2646,REJECT
tile_1344.jpg,123090,111597,0.9066,2721,1,crack+chip,encaustic,green_pvc,1344,0.4257,APPROVE
tile_1345.jpg,140600,85832,0.6105,14398,1,crack,terracotta,black_rubber,1345,0.3274,REJECT
tile_1346.jpg,87394,70566,0.8074,4092,1,crack,glazed,grey_pvc,1346,0.2692,REJECT
tile_1347.jpg,82805,60918,0.7357,6511,1,crack,marble,black_rubber,1347,0.2324,REJECT
tile_1348.jpg,33575,28067,0.8359,4836,1,crack+chip,concrete,green_pvc,1348,0.1071,REJECT
tile_1349.jpg,62449,44820,0.7177,17897,1,shatter,encaustic,black_rubber,1349,0.1710,REJECT
tile_1350.jpg,49361,18647,0.3778,20909,1,crack+chip,glazed,white_pu,1350,0.0711,REJECT
tile_1351.jpg,72065,48030,0.6665,19341,1,crack+chip,encaustic,white_pu,1351,0.1832,REJECT
tile_1352.jpg,69991,69991,1.0000,0,0,none,terracotta,green_pvc,1352,0.2670,APPROVE
tile_1353.jpg,38003,38003,1.0000,0,0,none,stone,blue_pu,1353,0.1450,APPROVE
tile_1354.jpg,28067,26962,0.9606,842,1,chip,stone,white_pu,1354,0.1029,APPROVE
tile_1355.jpg,178987,105914,0.5917,14235,1,crack,encaustic,black_rubber,1355,0.4040,REJECT
tile_1356.jpg,124161,81459,0.6561,22694,1,crack+chip,encaustic,black_rubber,1356,0.3107,REJECT
tile_1357.jpg,85049,85049,1.0000,0,0,none,terracotta,grey_pvc,1357,0.3244,APPROVE
tile_1358.jpg,26307,24118,0.9168,3701,1,chip,stone,grey_pvc,1358,0.0920,APPROVE
tile_1359.jpg,108056,74573,0.6901,30095,1,crack+chip,marble,black_rubber,1359,0.2845,REJECT
tile_1360.jpg,63267,52198,0.8250,17330,1,chip,glazed,white_pu,1360,0.1991,REJECT
tile_1361.jpg,19221,10292,0.5355,9530,1,crack+chip,glazed,black_rubber,1361,0.0393,REJECT
tile_1362.jpg,42124,25098,0.5958,17208,1,crack+chip,concrete,green_pvc,1362,0.0957,REJECT
tile_1363.jpg,143076,82051,0.5735,28067,1,crack+chip,marble,black_rubber,1363,0.3130,REJECT
tile_1364.jpg,30498,23943,0.7851,60060,1,shatter,terracotta,green_pvc,1364,0.0913,REJECT
tile_1365.jpg,131127,83999,0.6406,37670,1,crack+chip,encaustic,white_pu,1365,0.3204,REJECT
tile_1366.jpg,79570,52550,0.6604,83482,1,shatter,terracotta,green_pvc,1366,0.2005,REJECT
tile_1367.jpg,56945,56105,0.9852,2805,1,chip,glazed,black_rubber,1367,0.2140,APPROVE
tile_1368.jpg,136309,79503,0.5833,76108,1,chip,encaustic,blue_pu,1368,0.3033,REJECT
tile_1369.jpg,59022,59022,1.0000,0,0,none,glazed,blue_pu,1369,0.2252,APPROVE
tile_1370.jpg,123572,77474,0.6270,56303,1,crack+chip,encaustic,black_rubber,1370,0.2955,REJECT
tile_1371.jpg,49487,49487,1.0000,0,0,none,encaustic,black_rubber,1371,0.1888,APPROVE
tile_1372.jpg,71208,71208,1.0000,0,0,none,encaustic,blue_pu,1372,0.2716,APPROVE
tile_1373.jpg,50214,32390,0.6450,58406,1,shatter,encaustic,white_pu,1373,0.1236,REJECT
tile_1374.jpg,58443,40377,0.6909,5888,1,crack,marble,green_pvc,1374,0.1540,REJECT
tile_1375.jpg,78247,44837,0.5730,24946,1,crack+chip,stone,green_pvc,1375,0.1710,REJECT
tile_1376.jpg,101053,91646,0.9069,11103,1,chip,encaustic,black_rubber,1376,0.3496,APPROVE
tile_1377.jpg,34102,23875,0.7001,14896,1,crack+chip,marble,blue_pu,1377,0.0911,REJECT
tile_1378.jpg,76838,40031,0.5210,13244,1,crack,marble,grey_pvc,1378,0.1527,REJECT
tile_1379.jpg,83296,83296,1.0000,0,0,none,concrete,black_rubber,1379,0.3177,APPROVE
tile_1380.jpg,11666,8380,0.7183,19597,1,shatter,glazed,white_pu,1380,0.0320,REJECT
tile_1381.jpg,13117,8720,0.6648,10933,1,shatter,terracotta,green_pvc,1381,0.0333,REJECT
tile_1382.jpg,80810,46090,0.5704,12542,1,crack,glazed,white_pu,1382,0.1758,REJECT
tile_1383.jpg,78658,50132,0.6373,31251,1,chip,glazed,black_rubber,1383,0.1912,REJECT
tile_1384.jpg,100446,74615,0.7428,5698,1,crack,terracotta,black_rubber,1384,0.2846,REJECT
tile_1385.jpg,145972,123049,0.8430,4067,1,crack,encaustic,green_pvc,1385,0.4694,REJECT
tile_1386.jpg,42937,42937,1.0000,0,0,none,encaustic,black_rubber,1386,0.1638,APPROVE
tile_1387.jpg,33211,27471,0.8272,3449,1,crack+chip,stone,black_rubber,1387,0.1048,REJECT
tile_1388.jpg,51034,51034,1.0000,0,0,none,marble,white_pu,1388,0.1947,APPROVE
tile_1389.jpg,93052,84218,0.9051,1630,1,crack,terracotta,blue_pu,1389,0.3213,APPROVE
tile_1390.jpg,41145,30497,0.7412,9182,1,chip,glazed,blue_pu,1390,0.1163,REJECT
tile_1391.jpg,40810,32834,0.8046,5416,1,crack+chip,terracotta,blue_pu,1391,0.1253,REJECT
tile_1392.jpg,137345,66929,0.4873,19200,1,crack,marble,blue_pu,1392,0.2553,REJECT
tile_1393.jpg,57361,57361,1.0000,0,0,none,marble,blue_pu,1393,0.2188,APPROVE
tile_1394.jpg,81275,81275,1.0000,0,0,none,stone,white_pu,1394,0.3100,APPROVE
tile_1395.jpg,30764,18680,0.6072,67519,1,shatter,concrete,green_pvc,1395,0.0713,REJECT
tile_1396.jpg,53501,38284,0.7156,27148,1,shatter,stone,green_pvc,1396,0.1460,REJECT
tile_1397.jpg,81844,63772,0.7792,6486,1,crack,marble,grey_pvc,1397,0.2433,REJECT
tile_1398.jpg,55019,31311,0.5691,7430,1,crack,glazed,green_pvc,1398,0.1194,REJECT
tile_1399.jpg,42956,42956,1.0000,0,0,none,encaustic,blue_pu,1399,0.1639,APPROVE
tile_1400.jpg,165446,165446,1.0000,0,0,none,encaustic,white_pu,1400,0.6311,APPROVE
tile_1401.jpg,20355,20355,1.0000,0,0,none,concrete,black_rubber,1401,0.0776,APPROVE
tile_1402.jpg,41846,36979,0.8837,2060,1,crack,terracotta,green_pvc,1402,0.1411,APPROVE
tile_1403.jpg,113072,113072,1.0000,0,0,none,terracotta,black_rubber,1403,0.4313,APPROVE
tile_1404.jpg,34962,18959,0.5423,6622,1,crack,stone,white_pu,1404,0.0723,REJECT
tile_1405.jpg,91720,91720,1.0000,0,0,none,stone,green_pvc,1405,0.3499,APPROVE
tile_1406.jpg,73240,73240,1.0000,0,0,none,terracotta,green_pvc,1406,0.2794,APPROVE
tile_1407.jpg,165154,165154,1.0000,0,0,none,glazed,black_rubber,1407,0.6300,APPROVE
tile_1408.jpg,71214,45314,0.6363,10470,1,crack,terracotta,grey_pvc,1408,0.1729,REJECT
tile_1409.jpg,54753,54753,1.0000,0,0,none,encaustic,black_rubber,1409,0.2089,APPROVE
tile_1410.jpg,132158,94793,0.7173,7874,1,crack,stone,black_rubber,1410,0.3616,REJECT
tile_1411.jpg,32605,32605,1.0000,0,0,none,terracotta,grey_pvc,1411,0.1244,APPROVE
tile_1412.jpg,132634,132634,1.0000,0,0,none,encaustic,black_rubber,1412,0.5060,APPROVE
tile_1413.jpg,76646,76646,1.0000,0,0,none,stone,white_pu,1413,0.2924,APPROVE
tile_1414.jpg,67014,67014,1.0000,0,0,none,concrete,grey_pvc,1414,0.2556,APPROVE
tile_1415.jpg,163149,163149,1.0000,0,0,none,marble,green_pvc,1415,0.6224,APPROVE
tile_1416.jpg,19778,17393,0.8794,2319,1,crack+chip,glazed,blue_pu,1416,0.0663,APPROVE
tile_1417.jpg,57666,39907,0.6920,20031,1,shatter,concrete,black_rubber,1417,0.1522,REJECT
tile_1418.jpg,86850,62150,0.7156,13028,1,crack+chip,stone,black_rubber,1418,0.2371,REJECT
tile_1419.jpg,62225,35105,0.5642,66683,1,shatter,marble,green_pvc,1419,0.1339,REJECT
tile_1420.jpg,68265,46494,0.6811,31945,1,crack+chip,concrete,black_rubber,1420,0.1774,REJECT
tile_1421.jpg,72410,66204,0.9143,1238,1,crack,terracotta,black_rubber,1421,0.2525,APPROVE
tile_1422.jpg,69345,69345,1.0000,0,0,none,terracotta,black_rubber,1422,0.2645,APPROVE
tile_1423.jpg,26849,26849,1.0000,0,0,none,terracotta,green_pvc,1423,0.1024,APPROVE
tile_1424.jpg,40086,34409,0.8584,7015,1,crack+chip,stone,blue_pu,1424,0.1313,APPROVE
tile_1425.jpg,24222,17871,0.7378,3139,1,crack,stone,black_rubber,1425,0.0682,REJECT
tile_1426.jpg,41239,27717,0.6721,5799,1,crack,terracotta,black_rubber,1426,0.1057,REJECT
tile_1427.jpg,38756,37053,0.9561,1135,1,chip,concrete,blue_pu,1427,0.1413,APPROVE
tile_1428.jpg,90796,90092,0.9922,334,1,chip,stone,grey_pvc,1428,0.3437,APPROVE
tile_1429.jpg,50782,23525,0.4633,9754,1,crack,terracotta,green_pvc,1429,0.0897,REJECT
tile_1430.jpg,107274,70589,0.6580,13672,1,crack+chip,encaustic,black_rubber,1430,0.2693,REJECT
tile_1431.jpg,76108,76108,1.0000,0,0,none,glazed,white_pu,1431,0.2903,APPROVE
tile_1432.jpg,32103,21822,0.6797,22632,1,chip,encaustic,white_pu,1432,0.0832,REJECT
tile_1433.jpg,85826,82282,0.9587,2985,1,chip,glazed,black_rubber,1433,0.3139,APPROVE
tile_1434.jpg,39782,23838,0.5992,15449,1,shatter,glazed,grey_pvc,1434,0.0909,REJECT
tile_1435.jpg,77603,70481,0.9082,3662,1,crack+chip,marble,green_pvc,1435,0.2689,APPROVE
tile_1436.jpg,156618,156618,1.0000,0,0,none,encaustic,grey_pvc,1436,0.5975,APPROVE
tile_1437.jpg,84576,84576,1.0000,0,0,none,concrete,black_rubber,1437,0.3226,APPROVE
tile_1438.jpg,45350,33571,0.7403,23179,1,shatter,encaustic,grey_pvc,1438,0.1281,REJECT
tile_1439.jpg,81042,81042,1.0000,0,0,none,stone,green_pvc,1439,0.3092,APPROVE
tile_1440.jpg,131941,131941,1.0000,0,0,none,terracotta,green_pvc,1440,0.5033,APPROVE
tile_1441.jpg,19612,12469,0.6358,11988,1,shatter,terracotta,black_rubber,1441,0.0476,REJECT
tile_1442.jpg,174659,126096,0.7220,9697,1,crack,terracotta,black_rubber,1442,0.4810,REJECT
tile_1443.jpg,73900,42965,0.5814,10038,1,crack,concrete,grey_pvc,1443,0.1639,REJECT
tile_1444.jpg,90514,76461,0.8447,6132,1,crack+chip,glazed,black_rubber,1444,0.2917,REJECT
tile_1445.jpg,40740,22049,0.5412,23996,1,shatter,terracotta,blue_pu,1445,0.0841,REJECT
tile_1446.jpg,107324,107324,1.0000,0,0,none,encaustic,blue_pu,1446,0.4094,APPROVE
tile_1447.jpg,48558,28968,0.5966,6763,1,crack,concrete,black_rubber,1447,0.1105,REJECT
tile_1448.jpg,105623,44257,0.4190,50574,1,crack+chip,terracotta,blue_pu,1448,0.1688,REJECT
tile_1449.jpg,147592,100564,0.6814,10767,1,crack,concrete,black_rubber,1449,0.3836,REJECT
tile_1450.jpg,45176,34192,0.7569,8770,1,chip,terracotta,white_pu,1450,0.1304,REJECT
tile_1451.jpg,23393,23393,1.0000,0,0,none,terracotta,black_rubber,1451,0.0892,APPROVE
tile_1452.jpg,132603,132603,1.0000,0,0,none,stone,grey_pvc,1452,0.5058,APPROVE
tile_1453.jpg,129387,73263,0.5662,14880,1,crack,marble,white_pu,1453,0.2795,REJECT
tile_1454.jpg,49526,31247,0.6309,122717,1,shatter,terracotta,black_rubber,1454,0.1192,REJECT
tile_1455.jpg,156255,124021,0.7937,39416,1,chip,concrete,blue_pu,1455,0.4731,REJECT
tile_1456.jpg,163237,77733,0.4762,19901,1,crack,stone,blue_pu,1456,0.2965,REJECT
tile_1457.jpg,37466,24069,0.6424,5729,1,crack,glazed,grey_pvc,1457,0.0918,REJECT
tile_1458.jpg,165243,95213,0.5762,15178,1,crack,terracotta,grey_pvc,1458,0.3632,REJECT
tile_1459.jpg,63366,33273,0.5251,30193,1,crack+chip,encaustic,green_pvc,1459,0.1269,REJECT
tile_1460.jpg,108466,108466,1.0000,0,0,none,concrete,black_rubber,1460,0.4138,APPROVE
tile_1461.jpg,30259,20844,0.6889,16966,1,crack+chip,concrete,green_pvc,1461,0.0795,REJECT
tile_1462.jpg,146604,146604,1.0000,0,0,none,stone,black_rubber,1462,0.5592,APPROVE
tile_1463.jpg,91158,91158,1.0000,0,0,none,marble,blue_pu,1463,0.3477,APPROVE
tile_1464.jpg,97623,59842,0.6130,44035,1,chip,glazed,green_pvc,1464,0.2283,REJECT
tile_1465.jpg,71336,41698,0.5845,85247,1,shatter,stone,grey_pvc,1465,0.1591,REJECT
tile_1466.jpg,60559,54255,0.8959,16496,1,shatter,terracotta,grey_pvc,1466,0.2070,APPROVE
tile_1467.jpg,104714,104714,1.0000,0,0,none,encaustic,white_pu,1467,0.3995,APPROVE
tile_1468.jpg,65385,61315,0.9378,1457,1,crack+chip,stone,black_rubber,1468,0.2339,APPROVE
tile_1469.jpg,120260,83303,0.6927,8825,1,crack,encaustic,green_pvc,1469,0.3178,REJECT
tile_1470.jpg,42420,41042,0.9675,1041,1,chip,stone,white_pu,1470,0.1566,APPROVE
tile_1471.jpg,72874,49892,0.6846,8985,1,crack,marble,black_rubber,1471,0.1903,REJECT
tile_1472.jpg,80112,78017,0.9738,649,1,crack+chip,concrete,grey_pvc,1472,0.2976,APPROVE
tile_1473.jpg,39290,31935,0.8128,4648,1,crack+chip,marble,black_rubber,1473,0.1218,REJECT
tile_1474.jpg,86173,37869,0.4395,44772,1,chip,marble,black_rubber,1474,0.1445,REJECT
tile_1475.jpg,73053,73053,1.0000,0,0,none,glazed,white_pu,1475,0.2787,APPROVE
tile_1476.jpg,76211,76211,1.0000,0,0,none,encaustic,black_rubber,1476,0.2907,APPROVE
tile_1477.jpg,43434,43434,1.0000,0,0,none,concrete,green_pvc,1477,0.1657,APPROVE
tile_1478.jpg,130414,77082,0.5911,44774,1,crack+chip,encaustic,blue_pu,1478,0.2940,REJECT
tile_1479.jpg,40142,24716,0.6157,6512,1,crack,stone,black_rubber,1479,0.0943,REJECT
tile_1480.jpg,157138,89777,0.5713,12702,1,crack,concrete,grey_pvc,1480,0.3425,REJECT
tile_1481.jpg,108430,104128,0.9603,18128,1,chip,glazed,black_rubber,1481,0.3972,APPROVE
tile_1482.jpg,116833,84330,0.7218,8029,1,crack,marble,white_pu,1482,0.3217,REJECT
tile_1483.jpg,163858,163858,1.0000,0,0,none,encaustic,green_pvc,1483,0.6251,APPROVE
tile_1484.jpg,146472,146472,1.0000,0,0,none,concrete,black_rubber,1484,0.5587,APPROVE
tile_1485.jpg,78536,78536,1.0000,0,0,none,marble,black_rubber,1485,0.2996,APPROVE
tile_1486.jpg,78837,78837,1.0000,0,0,none,glazed,green_pvc,1486,0.3007,APPROVE
tile_1487.jpg,46592,31428,0.6745,5169,1,crack,terracotta,white_pu,1487,0.1199,REJECT
tile_1488.jpg,38241,38241,1.0000,0,0,none,marble,grey_pvc,1488,0.1459,APPROVE
tile_1489.jpg,90161,90161,1.0000,0,0,none,glazed,black_rubber,1489,0.3439,APPROVE
tile_1490.jpg,26374,13089,0.4963,11102,1,crack+chip,stone,white_pu,1490,0.0499,REJECT
tile_1491.jpg,77912,76969,0.9879,1382,1,chip,terracotta,blue_pu,1491,0.2936,APPROVE
tile_1492.jpg,89673,89673,1.0000,0,0,none,stone,grey_pvc,1492,0.3421,APPROVE
tile_1493.jpg,45088,26061,0.5780,18129,1,chip,concrete,black_rubber,1493,0.0994,REJECT
tile_1494.jpg,46809,26717,0.5708,42974,1,shatter,marble,black_rubber,1494,0.1019,REJECT
tile_1495.jpg,98577,59394,0.6025,10718,1,crack,terracotta,blue_pu,1495,0.2266,REJECT
tile_1496.jpg,47900,37624,0.7855,2694,1,crack,encaustic,blue_pu,1496,0.1435,REJECT
tile_1497.jpg,83333,63877,0.7665,22476,1,chip,glazed,black_rubber,1497,0.2437,REJECT
tile_1498.jpg,94564,60603,0.6409,9184,1,crack,terracotta,grey_pvc,1498,0.2312,REJECT
tile_1499.jpg,72313,36461,0.5042,11799,1,crack,glazed,green_pvc,1499,0.1391,REJECT
tile_1500.jpg,91944,64470,0.7012,25729,1,chip,marble,green_pvc,1500,0.2459,REJECT
tile_1501.jpg,46455,45805,0.9860,1201,1,chip,concrete,grey_pvc,1501,0.1747,APPROVE
tile_1502.jpg,141446,141446,1.0000,0,0,none,concrete,black_rubber,1502,0.5396,APPROVE
tile_1503.jpg,40311,40311,1.0000,0,0,none,stone,green_pvc,1503,0.1538,APPROVE
tile_1504.jpg,55348,39558,0.7147,33168,1,shatter,glazed,black_rubber,1504,0.1509,REJECT
tile_1505.jpg,33836,21153,0.6252,7889,1,crack+chip,concrete,black_rubber,1505,0.0807,REJECT
tile_1506.jpg,56928,34334,0.6031,7494,1,crack,marble,green_pvc,1506,0.1310,REJECT
tile_1507.jpg,64283,38297,0.5958,34761,1,shatter,concrete,grey_pvc,1507,0.1461,REJECT
tile_1508.jpg,104636,41804,0.3995,80812,1,crack+chip,marble,green_pvc,1508,0.1595,REJECT
tile_1509.jpg,167977,149917,0.8925,3350,1,crack,encaustic,black_rubber,1509,0.5719,APPROVE
tile_1510.jpg,76532,76532,1.0000,0,0,none,terracotta,green_pvc,1510,0.2919,APPROVE
tile_1511.jpg,17335,13629,0.7862,5921,1,crack+chip,concrete,grey_pvc,1511,0.0520,REJECT
tile_1512.jpg,65361,31846,0.4872,119782,1,shatter,concrete,grey_pvc,1512,0.1215,REJECT
tile_1513.jpg,62863,62863,1.0000,0,0,none,encaustic,black_rubber,1513,0.2398,APPROVE
tile_1514.jpg,87059,73066,0.8393,7527,1,crack+chip,terracotta,green_pvc,1514,0.2787,REJECT
tile_1515.jpg,69328,62823,0.9062,3390,1,crack+chip,marble,blue_pu,1515,0.2397,APPROVE
tile_1516.jpg,48386,48386,1.0000,0,0,none,terracotta,white_pu,1516,0.1846,APPROVE
tile_1517.jpg,62294,62294,1.0000,0,0,none,concrete,black_rubber,1517,0.2376,APPROVE
tile_1518.jpg,178275,178275,1.0000,0,0,none,terracotta,grey_pvc,1518,0.6801,APPROVE
tile_1519.jpg,31956,12089,0.3783,35988,1,crack+chip,encaustic,black_rubber,1519,0.0461,REJECT
tile_1520.jpg,50690,38027,0.7502,109622,1,shatter,encaustic,black_rubber,1520,0.1451,REJECT
tile_1521.jpg,161532,144665,0.8956,2807,1,crack,terracotta,black_rubber,1521,0.5519,APPROVE
tile_1522.jpg,96812,96812,1.0000,0,0,none,encaustic,grey_pvc,1522,0.3693,APPROVE
tile_1523.jpg,78450,53738,0.6850,20127,1,crack+chip,concrete,black_rubber,1523,0.2050,REJECT
tile_1524.jpg,126755,126755,1.0000,0,0,none,terracotta,grey_pvc,1524,0.4835,APPROVE
tile_1525.jpg,85095,64789,0.7614,36057,1,chip,marble,black_rubber,1525,0.2472,REJECT
tile_1526.jpg,31926,20542,0.6434,54103,1,shatter,stone,white_pu,1526,0.0784,REJECT
tile_1527.jpg,80538,80538,1.0000,0,0,none,marble,black_rubber,1527,0.3072,APPROVE
tile_1528.jpg,27423,17709,0.6458,23384,1,shatter,terracotta,blue_pu,1528,0.0676,REJECT
tile_1529.jpg,150006,150006,1.0000,0,0,none,concrete,green_pvc,1529,0.5722,APPROVE
tile_1530.jpg,44170,43734,0.9901,1694,1,chip,marble,black_rubber,1530,0.1668,APPROVE
tile_1531.jpg,45029,45029,1.0000,0,0,none,encaustic,black_rubber,1531,0.1718,APPROVE
tile_1532.jpg,53193,42678,0.8023,65500,1,shatter,encaustic,black_rubber,1532,0.1628,REJECT
tile_1533.jpg,42862,30979,0.7228,13054,1,shatter,marble,blue_pu,1533,0.1182,REJECT
tile_1534.jpg,90237,57330,0.6353,17827,1,crack+chip,stone,blue_pu,1534,0.2187,REJECT
tile_1535.jpg,85857,67810,0.7898,14017,1,chip,glazed,black_rubber,1535,0.2587,REJECT
tile_1536.jpg,62689,62689,1.0000,0,0,none,concrete,white_pu,1536,0.2391,APPROVE
tile_1537.jpg,50891,50891,1.0000,0,0,none,stone,green_pvc,1537,0.1941,APPROVE
tile_1538.jpg,59364,45418,0.7651,4714,1,crack,marble,black_rubber,1538,0.1733,REJECT
tile_1539.jpg,154460,154460,1.0000,0,0,none,encaustic,green_pvc,1539,0.5892,APPROVE
tile_1540.jpg,110687,110687,1.0000,0,0,none,encaustic,green_pvc,1540,0.4222,APPROVE
tile_1541.jpg,34762,24365,0.7009,4724,1,crack,marble,green_pvc,1541,0.0929,REJECT
tile_1542.jpg,118141,117354,0.9933,1132,1,chip,glazed,black_rubber,1542,0.4477,APPROVE
tile_1543.jpg,22921,12687,0.5535,5376,1,crack,terracotta,grey_pvc,1543,0.0484,REJECT
tile_1544.jpg,151774,151774,1.0000,0,0,none,encaustic,blue_pu,1544,0.5790,APPROVE
tile_1545.jpg,89685,89685,1.0000,0,0,none,marble,black_rubber,1545,0.3421,APPROVE
tile_1546.jpg,116642,83454,0.7155,9105,1,crack,concrete,grey_pvc,1546,0.3184,REJECT
tile_1547.jpg,26517,15817,0.5965,28285,1,shatter,encaustic,black_rubber,1547,0.0603,REJECT
tile_1548.jpg,14907,8507,0.5707,30511,1,shatter,stone,black_rubber,1548,0.0325,REJECT
tile_1549.jpg,160105,150473,0.9398,11031,1,chip,terracotta,grey_pvc,1549,0.5740,APPROVE
tile_1550.jpg,105119,71507,0.6802,25107,1,crack+chip,glazed,green_pvc,1550,0.2728,REJECT
tile_1551.jpg,83196,79465,0.9552,5272,1,chip,concrete,green_pvc,1551,0.3031,APPROVE
tile_1552.jpg,119956,78759,0.6566,34874,1,chip,concrete,grey_pvc,1552,0.3004,REJECT
tile_1553.jpg,22551,18067,0.8012,2427,1,crack+chip,terracotta,grey_pvc,1553,0.0689,REJECT
tile_1554.jpg,97969,90223,0.9209,8231,1,chip,concrete,green_pvc,1554,0.3442,APPROVE
tile_1555.jpg,176231,173648,0.9853,5678,1,chip,terracotta,green_pvc,1555,0.6624,APPROVE
tile_1556.jpg,174144,159956,0.9185,1935,1,crack,encaustic,green_pvc,1556,0.6102,APPROVE
tile_1557.jpg,87556,87556,1.0000,0,0,none,terracotta,white_pu,1557,0.3340,APPROVE
tile_1558.jpg,56426,56426,1.0000,0,0,none,terracotta,black_rubber,1558,0.2152,APPROVE
tile_1559.jpg,65501,45685,0.6975,30327,1,chip,terracotta,blue_pu,1559,0.1743,REJECT
tile_1560.jpg,26831,23385,0.8716,19452,1,shatter,stone,grey_pvc,1560,0.0892,APPROVE
tile_1561.jpg,51041,51041,1.0000,0,0,none,terracotta,black_rubber,1561,0.1947,APPROVE
tile_1562.jpg,48354,48354,1.0000,0,0,none,encaustic,green_pvc,1562,0.1845,APPROVE
tile_1563.jpg,40232,24545,0.6101,15472,1,crack+chip,concrete,green_pvc,1563,0.0936,REJECT
tile_1564.jpg,79240,79240,1.0000,0,0,none,marble,green_pvc,1564,0.3023,APPROVE
tile_1565.jpg,134271,114619,0.8536,41779,1,chip,glazed,blue_pu,1565,0.4372,APPROVE
tile_1566.jpg,89164,89164,1.0000,0,0,none,glazed,blue_pu,1566,0.3401,APPROVE
tile_1567.jpg,99490,79783,0.8019,45279,1,chip,encaustic,grey_pvc,1567,0.3043,REJECT
tile_1568.jpg,58996,54667,0.9266,13075,1,chip,encaustic,white_pu,1568,0.2085,APPROVE
tile_1569.jpg,58194,34373,0.5907,33869,1,crack+chip,encaustic,green_pvc,1569,0.1311,REJECT
tile_1570.jpg,179398,114494,0.6382,15187,1,crack,encaustic,white_pu,1570,0.4368,REJECT
tile_1571.jpg,73560,73560,1.0000,0,0,none,encaustic,blue_pu,1571,0.2806,APPROVE
tile_1572.jpg,156481,156481,1.0000,0,0,none,glazed,grey_pvc,1572,0.5969,APPROVE
tile_1573.jpg,61939,61939,1.0000,0,0,none,stone,black_rubber,1573,0.2363,APPROVE
tile_1574.jpg,58646,58646,1.0000,0,0,none,marble,black_rubber,1574,0.2237,APPROVE
tile_1575.jpg,64593,39342,0.6091,57469,1,shatter,terracotta,black_rubber,1575,0.1501,REJECT
tile_1576.jpg,39258,32999,0.8406,5088,1,chip,marble,grey_pvc,1576,0.1259,REJECT
tile_1577.jpg,175926,164598,0.9356,8575,1,chip,terracotta,white_pu,1577,0.6279,APPROVE
tile_1578.jpg,37674,31154,0.8269,10126,1,chip,terracotta,blue_pu,1578,0.1188,REJECT
tile_1579.jpg,21143,15759,0.7454,6884,1,crack+chip,marble,black_rubber,1579,0.0601,REJECT
tile_1580.jpg,104572,92374,0.8834,2708,1,crack,concrete,black_rubber,1580,0.3524,APPROVE
tile_1581.jpg,41029,21082,0.5138,14153,1,crack+chip,glazed,black_rubber,1581,0.0804,REJECT
tile_1582.jpg,58161,58161,1.0000,0,0,none,concrete,green_pvc,1582,0.2219,APPROVE
tile_1583.jpg,56058,29366,0.5239,42174,1,shatter,concrete,blue_pu,1583,0.1120,REJECT
tile_1584.jpg,93312,93312,1.0000,0,0,none,encaustic,green_pvc,1584,0.3560,APPROVE
tile_1585.jpg,35865,35865,1.0000,0,0,none,terracotta,black_rubber,1585,0.1368,APPROVE
tile_1586.jpg,45453,22673,0.4988,26288,1,crack+chip,concrete,black_rubber,1586,0.0865,REJECT
tile_1587.jpg,36337,34464,0.9485,580,1,crack,marble,green_pvc,1587,0.1315,APPROVE
tile_1588.jpg,130766,130766,1.0000,0,0,none,stone,green_pvc,1588,0.4988,APPROVE
tile_1589.jpg,85071,85071,1.0000,0,0,none,encaustic,green_pvc,1589,0.3245,APPROVE
tile_1590.jpg,34254,20381,0.5950,6378,1,crack,concrete,green_pvc,1590,0.0777,REJECT
tile_1591.jpg,44870,44870,1.0000,0,0,none,stone,green_pvc,1591,0.1712,APPROVE
tile_1592.jpg,35994,33899,0.9418,11370,1,chip,encaustic,grey_pvc,1592,0.1293,APPROVE
tile_1593.jpg,69699,69699,1.0000,0,0,none,concrete,green_pvc,1593,0.2659,APPROVE
tile_1594.jpg,116972,104629,0.8945,8705,1,chip,glazed,white_pu,1594,0.3991,APPROVE
tile_1595.jpg,52951,52951,1.0000,0,0,none,marble,grey_pvc,1595,0.2020,APPROVE
tile_1596.jpg,33148,27031,0.8155,2344,1,crack,terracotta,black_rubber,1596,0.1031,REJECT
tile_1597.jpg,101342,68468,0.6756,8996,1,crack,marble,white_pu,1597,0.2612,REJECT
tile_1598.jpg,80723,80723,1.0000,0,0,none,terracotta,black_rubber,1598,0.3079,APPROVE
tile_1599.jpg,58972,38322,0.6498,8503,1,crack,concrete,white_pu,1599,0.1462,REJECT
tile_1600.jpg,48518,48518,1.0000,0,0,none,glazed,blue_pu,1600,0.1851,APPROVE
tile_1601.jpg,87168,59426,0.6817,9519,1,crack,terracotta,green_pvc,1601,0.2267,REJECT
tile_1602.jpg,41811,41811,1.0000,0,0,none,glazed,blue_pu,1602,0.1595,APPROVE
tile_1603.jpg,76406,63125,0.8262,5616,1,crack+chip,terracotta,green_pvc,1603,0.2408,REJECT
tile_1604.jpg,104873,72265,0.6891,30403,1,shatter,concrete,white_pu,1604,0.2757,REJECT
tile_1605.jpg,73209,73209,1.0000,0,0,none,encaustic,white_pu,1605,0.2793,APPROVE
tile_1606.jpg,59070,59070,1.0000,0,0,none,encaustic,blue_pu,1606,0.2253,APPROVE
tile_1607.jpg,57486,48649,0.8463,3549,1,crack,glazed,green_pvc,1607,0.1856,REJECT
tile_1608.jpg,110654,63398,0.5729,25830,1,shatter,glazed,black_rubber,1608,0.2418,REJECT
tile_1609.jpg,54116,44179,0.8164,13428,1,shatter,terracotta,green_pvc,1609,0.1685,REJECT
tile_1610.jpg,66324,45252,0.6823,16928,1,crack+chip,terracotta,green_pvc,1610,0.1726,REJECT
tile_1611.jpg,62962,44412,0.7054,5502,1,crack,encaustic,black_rubber,1611,0.1694,REJECT
tile_1612.jpg,32402,19424,0.5995,28852,1,chip,terracotta,white_pu,1612,0.0741,REJECT
tile_1613.jpg,23695,16122,0.6804,14694,1,shatter,marble,black_rubber,1613,0.0615,REJECT
tile_1614.jpg,105048,72936,0.6943,7950,1,crack,encaustic,green_pvc,1614,0.2782,REJECT
tile_1615.jpg,156690,156690,1.0000,0,0,none,stone,green_pvc,1615,0.5977,APPROVE
tile_1616.jpg,81774,81774,1.0000,0,0,none,terracotta,black_rubber,1616,0.3119,APPROVE
tile_1617.jpg,51735,35178,0.6800,39957,1,shatter,terracotta,grey_pvc,1617,0.1342,REJECT
tile_1618.jpg,57907,57907,1.0000,0,0,none,encaustic,black_rubber,1618,0.2209,APPROVE
tile_1619.jpg,44089,39400,0.8936,1919,1,crack,terracotta,grey_pvc,1619,0.1503,APPROVE
tile_1620.jpg,46905,21438,0.4571,23073,1,crack+chip,marble,blue_pu,1620,0.0818,REJECT
tile_1621.jpg,164133,164133,1.0000,0,0,none,encaustic,black_rubber,1621,0.6261,APPROVE
tile_1622.jpg,44330,35361,0.7977,2709,1,crack,encaustic,green_pvc,1622,0.1349,REJECT
tile_1623.jpg,53570,53570,1.0000,0,0,none,marble,white_pu,1623,0.2044,APPROVE
tile_1624.jpg,51007,20697,0.4058,9545,1,crack,encaustic,green_pvc,1624,0.0790,REJECT
tile_1625.jpg,58192,58192,1.0000,0,0,none,terracotta,grey_pvc,1625,0.2220,APPROVE
tile_1626.jpg,64522,40216,0.6233,7996,1,crack,encaustic,black_rubber,1626,0.1534,REJECT
tile_1627.jpg,126583,68585,0.5418,38046,1,shatter,encaustic,black_rubber,1627,0.2616,REJECT
tile_1628.jpg,51338,46256,0.9010,1085,1,crack,concrete,green_pvc,1628,0.1765,APPROVE
tile_1629.jpg,17228,13432,0.7797,20426,1,shatter,concrete,blue_pu,1629,0.0512,REJECT
tile_1630.jpg,26729,13088,0.4897,33280,1,crack+chip,encaustic,grey_pvc,1630,0.0499,REJECT
tile_1631.jpg,53927,42902,0.7956,3736,1,crack,glazed,black_rubber,1631,0.1637,REJECT
tile_1632.jpg,53358,27849,0.5219,7800,1,crack,encaustic,grey_pvc,1632,0.1062,REJECT
tile_1633.jpg,105226,51496,0.4894,15953,1,crack,encaustic,green_pvc,1633,0.1964,REJECT
tile_1634.jpg,48436,48436,1.0000,0,0,none,glazed,black_rubber,1634,0.1848,APPROVE
tile_1635.jpg,119585,119585,1.0000,0,0,none,concrete,green_pvc,1635,0.4562,APPROVE
tile_1636.jpg,51538,51538,1.0000,0,0,none,terracotta,white_pu,1636,0.1966,APPROVE
tile_1637.jpg,62387,62387,1.0000,0,0,none,marble,white_pu,1637,0.2380,APPROVE
tile_1638.jpg,47126,28058,0.5954,6877,1,crack,terracotta,white_pu,1638,0.1070,REJECT
tile_1639.jpg,31014,31014,1.0000,0,0,none,concrete,blue_pu,1639,0.1183,APPROVE
tile_1640.jpg,52971,52971,1.0000,0,0,none,encaustic,black_rubber,1640,0.2021,APPROVE
tile_1641.jpg,82023,42469,0.5178,28609,1,crack+chip,concrete,black_rubber,1641,0.1620,REJECT
tile_1642.jpg,41329,25015,0.6053,19382,1,shatter,stone,white_pu,1642,0.0954,REJECT
tile_1643.jpg,66545,57613,0.8658,19996,1,shatter,marble,green_pvc,1643,0.2198,APPROVE
tile_1644.jpg,158326,158326,1.0000,0,0,none,glazed,green_pvc,1644,0.6040,APPROVE
tile_1645.jpg,83012,83012,1.0000,0,0,none,stone,black_rubber,1645,0.3167,APPROVE
tile_1646.jpg,33836,28038,0.8286,13184,1,shatter,encaustic,green_pvc,1646,0.1070,REJECT
tile_1647.jpg,26257,26257,1.0000,0,0,none,marble,green_pvc,1647,0.1002,APPROVE
tile_1648.jpg,63420,56118,0.8849,43260,1,shatter,encaustic,blue_pu,1648,0.2141,APPROVE
tile_1649.jpg,64104,63836,0.9958,246,1,chip,terracotta,black_rubber,1649,0.2435,APPROVE
tile_1650.jpg,21813,14921,0.6840,14094,1,shatter,stone,white_pu,1650,0.0569,REJECT
tile_1651.jpg,28922,28922,1.0000,0,0,none,glazed,green_pvc,1651,0.1103,APPROVE
tile_1652.jpg,112431,51526,0.4583,15914,1,crack,glazed,grey_pvc,1652,0.1966,REJECT
tile_1653.jpg,28671,17030,0.5940,10455,1,chip,terracotta,blue_pu,1653,0.0650,REJECT
tile_1654.jpg,48951,42270,0.8635,3407,1,crack+chip,marble,grey_pvc,1654,0.1612,APPROVE
tile_1655.jpg,51405,38016,0.7395,4726,1,crack,concrete,green_pvc,1655,0.1450,REJECT
tile_1656.jpg,59799,46356,0.7752,29476,1,chip,encaustic,black_rubber,1656,0.1768,REJECT
tile_1657.jpg,133256,133256,1.0000,0,0,none,glazed,grey_pvc,1657,0.5083,APPROVE
tile_1658.jpg,70968,70968,1.0000,0,0,none,terracotta,green_pvc,1658,0.2707,APPROVE
tile_1659.jpg,68448,49591,0.7245,6069,1,crack,concrete,grey_pvc,1659,0.1892,REJECT
tile_1660.jpg,59930,47828,0.7981,9137,1,crack+chip,glazed,blue_pu,1660,0.1824,REJECT
tile_1661.jpg,85621,85621,1.0000,0,0,none,glazed,blue_pu,1661,0.3266,APPROVE
tile_1662.jpg,147680,128234,0.8683,23095,1,chip,encaustic,white_pu,1662,0.4892,APPROVE
tile_1663.jpg,111182,111182,1.0000,0,0,none,glazed,grey_pvc,1663,0.4241,APPROVE
tile_1664.jpg,47108,26151,0.5551,21456,1,chip,stone,grey_pvc,1664,0.0998,REJECT
tile_1665.jpg,51752,51752,1.0000,0,0,none,terracotta,blue_pu,1665,0.1974,APPROVE
tile_1666.jpg,28780,28780,1.0000,0,0,none,concrete,blue_pu,1666,0.1098,APPROVE
tile_1667.jpg,120186,120186,1.0000,0,0,none,encaustic,black_rubber,1667,0.4585,APPROVE
tile_1668.jpg,70112,58429,0.8334,16085,1,chip,marble,black_rubber,1668,0.2229,REJECT
tile_1669.jpg,65727,65727,1.0000,0,0,none,glazed,blue_pu,1669,0.2507,APPROVE
tile_1670.jpg,127952,120307,0.9403,5888,1,crack+chip,encaustic,black_rubber,1670,0.4589,APPROVE
tile_1671.jpg,43258,21951,0.5074,7946,1,crack,stone,black_rubber,1671,0.0837,REJECT
tile_1672.jpg,144929,49129,0.3390,58969,1,crack+chip,concrete,white_pu,1672,0.1874,REJECT
tile_1673.jpg,34175,26733,0.7822,29911,1,shatter,marble,white_pu,1673,0.1020,REJECT
tile_1674.jpg,85033,81934,0.9636,785,1,crack+chip,terracotta,black_rubber,1674,0.3126,APPROVE
tile_1675.jpg,21041,14423,0.6855,19071,1,shatter,stone,grey_pvc,1675,0.0550,REJECT
tile_1676.jpg,17117,14550,0.8500,6342,1,chip,concrete,white_pu,1676,0.0555,APPROVE
tile_1677.jpg,49232,30498,0.6195,5760,1,crack,glazed,black_rubber,1677,0.1163,REJECT
tile_1678.jpg,102065,102065,1.0000,0,0,none,terracotta,blue_pu,1678,0.3893,APPROVE
tile_1679.jpg,91707,91707,1.0000,0,0,none,marble,grey_pvc,1679,0.3498,APPROVE
tile_1680.jpg,98451,98451,1.0000,0,0,none,encaustic,blue_pu,1680,0.3756,APPROVE
tile_1681.jpg,53320,49308,0.9248,5332,1,chip,terracotta,grey_pvc,1681,0.1881,APPROVE
tile_1682.jpg,39762,16919,0.4255,65266,1,crack+chip,encaustic,grey_pvc,1682,0.0645,REJECT
tile_1683.jpg,100438,100438,1.0000,0,0,none,stone,grey_pvc,1683,0.3831,APPROVE
tile_1684.jpg,38339,34182,0.8916,985,1,crack,terracotta,black_rubber,1684,0.1304,APPROVE
tile_1685.jpg,127710,116208,0.9099,15370,1,shatter,glazed,white_pu,1685,0.4433,APPROVE
tile_1686.jpg,24482,24482,1.0000,0,0,none,marble,black_rubber,1686,0.0934,APPROVE
tile_1687.jpg,42874,32767,0.7643,4116,1,crack,glazed,green_pvc,1687,0.1250,REJECT
tile_1688.jpg,90829,90829,1.0000,0,0,none,marble,green_pvc,1688,0.3465,APPROVE
tile_1689.jpg,69479,31341,0.4511,43293,1,shatter,terracotta,green_pvc,1689,0.1196,REJECT
tile_1690.jpg,43801,26739,0.6105,6135,1,crack,concrete,green_pvc,1690,0.1020,REJECT
tile_1691.jpg,137449,137449,1.0000,0,0,none,terracotta,green_pvc,1691,0.5243,APPROVE
tile_1692.jpg,72372,26548,0.3668,37630,1,shatter,terracotta,blue_pu,1692,0.1013,REJECT
tile_1693.jpg,99027,99027,1.0000,0,0,none,stone,green_pvc,1693,0.3778,APPROVE
tile_1694.jpg,131107,131107,1.0000,0,0,none,glazed,blue_pu,1694,0.5001,APPROVE
tile_1695.jpg,121571,121571,1.0000,0,0,none,encaustic,green_pvc,1695,0.4638,APPROVE
tile_1696.jpg,20220,11404,0.5640,15011,1,shatter,glazed,black_rubber,1696,0.0435,REJECT
tile_1697.jpg,37827,37827,1.0000,0,0,none,marble,blue_pu,1697,0.1443,APPROVE
tile_1698.jpg,53359,49941,0.9359,3153,1,chip,terracotta,black_rubber,1698,0.1905,APPROVE
tile_1699.jpg,21555,11442,0.5308,11423,1,crack+chip,terracotta,grey_pvc,1699,0.0436,REJECT
tile_1700.jpg,93036,93036,1.0000,0,0,none,stone,black_rubber,1700,0.3549,APPROVE
tile_1701.jpg,123192,123192,1.0000,0,0,none,marble,blue_pu,1701,0.4699,APPROVE
tile_1702.jpg,159020,153660,0.9663,770,1,crack,concrete,black_rubber,1702,0.5862,APPROVE
tile_1703.jpg,167143,131556,0.7871,5713,1,crack,marble,grey_pvc,1703,0.5018,REJECT
tile_1704.jpg,138833,138833,1.0000,0,0,none,terracotta,grey_pvc,1704,0.5296,APPROVE
tile_1705.jpg,154100,71238,0.4623,19424,1,crack,glazed,green_pvc,1705,0.2718,REJECT
tile_1706.jpg,49123,41985,0.8547,23752,1,shatter,glazed,blue_pu,1706,0.1602,APPROVE
tile_1707.jpg,96243,96243,1.0000,0,0,none,encaustic,grey_pvc,1707,0.3671,APPROVE
tile_1708.jpg,92788,92788,1.0000,0,0,none,terracotta,green_pvc,1708,0.3540,APPROVE
tile_1709.jpg,20210,20210,1.0000,0,0,none,glazed,black_rubber,1709,0.0771,APPROVE
tile_1710.jpg,121945,61803,0.5068,66918,1,crack+chip,stone,green_pvc,1710,0.2358,REJECT
tile_1711.jpg,41175,29499,0.7164,4898,1,crack,terracotta,grey_pvc,1711,0.1125,REJECT
tile_1712.jpg,177044,159651,0.9018,2761,1,crack,glazed,black_rubber,1712,0.6090,APPROVE
tile_1713.jpg,83527,83527,1.0000,0,0,none,marble,green_pvc,1713,0.3186,APPROVE
tile_1714.jpg,127593,48418,0.3795,43304,1,crack+chip,marble,black_rubber,1714,0.1847,REJECT
tile_1715.jpg,141022,80261,0.5691,13160,1,crack,glazed,green_pvc,1715,0.3062,REJECT
tile_1716.jpg,128385,119912,0.9340,14552,1,chip,marble,white_pu,1716,0.4574,APPROVE
tile_1717.jpg,39637,36346,0.9170,4186,1,chip,glazed,grey_pvc,1717,0.1386,APPROVE
tile_1718.jpg,95731,37946,0.3964,45976,1,crack+chip,concrete,black_rubber,1718,0.1448,REJECT
tile_1719.jpg,42605,28304,0.6643,24573,1,chip,glazed,black_rubber,1719,0.1080,REJECT
tile_1720.jpg,58168,58168,1.0000,0,0,none,encaustic,black_rubber,1720,0.2219,APPROVE
tile_1721.jpg,113326,67862,0.5988,10462,1,crack,glazed,grey_pvc,1721,0.2589,REJECT
tile_1722.jpg,133690,133690,1.0000,0,0,none,marble,grey_pvc,1722,0.5100,APPROVE
tile_1723.jpg,126134,126134,1.0000,0,0,none,stone,green_pvc,1723,0.4812,APPROVE
tile_1724.jpg,48271,40794,0.8451,43811,1,shatter,glazed,green_pvc,1724,0.1556,REJECT
tile_1725.jpg,53760,31399,0.5841,41243,1,crack+chip,marble,black_rubber,1725,0.1198,REJECT
tile_1726.jpg,152193,106521,0.6999,8295,1,crack,glazed,green_pvc,1726,0.4063,REJECT
tile_1727.jpg,126073,88140,0.6991,7867,1,crack,marble,black_rubber,1727,0.3362,REJECT
tile_1728.jpg,57342,47912,0.8355,6184,1,crack+chip,marble,black_rubber,1728,0.1828,REJECT
tile_1729.jpg,45475,37448,0.8235,2574,1,crack,glazed,black_rubber,1729,0.1429,REJECT
tile_1730.jpg,159447,159447,1.0000,0,0,none,glazed,green_pvc,1730,0.6082,APPROVE
tile_1731.jpg,62492,47225,0.7557,112936,1,shatter,glazed,black_rubber,1731,0.1801,REJECT
tile_1732.jpg,83845,82143,0.9797,482,1,crack,glazed,green_pvc,1732,0.3134,APPROVE
tile_1733.jpg,69437,64980,0.9358,1053,1,crack,concrete,black_rubber,1733,0.2479,APPROVE
tile_1734.jpg,21538,21538,1.0000,0,0,none,stone,blue_pu,1734,0.0822,APPROVE
tile_1735.jpg,50750,50750,1.0000,0,0,none,terracotta,white_pu,1735,0.1936,APPROVE
tile_1736.jpg,155754,87264,0.5603,16174,1,crack,marble,green_pvc,1736,0.3329,REJECT
tile_1737.jpg,88245,88245,1.0000,0,0,none,encaustic,black_rubber,1737,0.3366,APPROVE
tile_1738.jpg,55858,42686,0.7642,7707,1,crack+chip,stone,green_pvc,1738,0.1628,REJECT
tile_1739.jpg,36918,25280,0.6848,35284,1,shatter,marble,green_pvc,1739,0.0964,REJECT
tile_1740.jpg,61543,36968,0.6007,19843,1,crack+chip,glazed,black_rubber,1740,0.1410,REJECT
tile_1741.jpg,169204,127199,0.7517,7261,1,crack,terracotta,green_pvc,1741,0.4852,REJECT
tile_1742.jpg,39255,31223,0.7954,3388,1,crack,glazed,blue_pu,1742,0.1191,REJECT
tile_1743.jpg,41207,41207,1.0000,0,0,none,terracotta,white_pu,1743,0.1572,APPROVE
tile_1744.jpg,163879,151414,0.9239,2365,1,crack+chip,concrete,green_pvc,1744,0.5776,APPROVE
tile_1745.jpg,27658,25067,0.9063,16199,1,chip,encaustic,grey_pvc,1745,0.0956,APPROVE
tile_1746.jpg,83832,52538,0.6267,56907,1,shatter,encaustic,green_pvc,1746,0.2004,REJECT
tile_1747.jpg,141408,141408,1.0000,0,0,none,terracotta,green_pvc,1747,0.5394,APPROVE
tile_1748.jpg,126666,126666,1.0000,0,0,none,marble,blue_pu,1748,0.4832,APPROVE
tile_1749.jpg,40954,30049,0.7337,8652,1,chip,stone,white_pu,1749,0.1146,REJECT
tile_1750.jpg,128318,128318,1.0000,0,0,none,marble,black_rubber,1750,0.4895,APPROVE
tile_1751.jpg,11290,3465,0.3069,23422,1,shatter,glazed,black_rubber,1751,0.0132,REJECT
tile_1752.jpg,102103,102103,1.0000,0,0,none,encaustic,grey_pvc,1752,0.3895,APPROVE
tile_1753.jpg,62619,34473,0.5505,23348,1,crack+chip,terracotta,blue_pu,1753,0.1315,REJECT
tile_1754.jpg,55331,54001,0.9760,2549,1,chip,concrete,white_pu,1754,0.2060,APPROVE
tile_1755.jpg,79308,70070,0.8835,2609,1,crack+chip,glazed,green_pvc,1755,0.2673,APPROVE
tile_1756.jpg,56983,49955,0.8767,2154,1,crack,glazed,black_rubber,1756,0.1906,APPROVE
tile_1757.jpg,110876,49875,0.4498,43838,1,shatter,encaustic,white_pu,1757,0.1903,REJECT
tile_1758.jpg,89071,89071,1.0000,0,0,none,terracotta,green_pvc,1758,0.3398,APPROVE
tile_1759.jpg,21029,21029,1.0000,0,0,none,concrete,blue_pu,1759,0.0802,APPROVE
tile_1760.jpg,61234,61234,1.0000,0,0,none,glazed,black_rubber,1760,0.2336,APPROVE
tile_1761.jpg,135393,135393,1.0000,0,0,none,concrete,black_rubber,1761,0.5165,APPROVE
tile_1762.jpg,118809,71186,0.5992,11552,1,crack,marble,black_rubber,1762,0.2716,REJECT
tile_1763.jpg,93784,69801,0.7443,28745,1,shatter,terracotta,grey_pvc,1763,0.2663,REJECT
tile_1764.jpg,41485,19521,0.4706,8393,1,crack,glazed,grey_pvc,1764,0.0745,REJECT
tile_1765.jpg,133955,133955,1.0000,0,0,none,encaustic,blue_pu,1765,0.5110,APPROVE
tile_1766.jpg,170190,170190,1.0000,0,0,none,encaustic,white_pu,1766,0.6492,APPROVE
tile_1767.jpg,77220,48533,0.6285,18584,1,crack+chip,glazed,blue_pu,1767,0.1851,REJECT
tile_1768.jpg,44699,44699,1.0000,0,0,none,encaustic,grey_pvc,1768,0.1705,APPROVE
tile_1769.jpg,150668,143593,0.9530,6900,1,chip,concrete,white_pu,1769,0.5478,APPROVE
tile_1770.jpg,113777,113777,1.0000,0,0,none,encaustic,green_pvc,1770,0.4340,APPROVE
tile_1771.jpg,107334,107334,1.0000,0,0,none,terracotta,green_pvc,1771,0.4094,APPROVE
tile_1772.jpg,161634,161634,1.0000,0,0,none,glazed,grey_pvc,1772,0.6166,APPROVE
tile_1773.jpg,96828,96828,1.0000,0,0,none,terracotta,grey_pvc,1773,0.3694,APPROVE
tile_1774.jpg,52776,52776,1.0000,0,0,none,concrete,black_rubber,1774,0.2013,APPROVE
tile_1775.jpg,59643,59643,1.0000,0,0,none,encaustic,black_rubber,1775,0.2275,APPROVE
tile_1776.jpg,99664,81156,0.8143,46491,1,chip,encaustic,green_pvc,1776,0.3096,REJECT
tile_1777.jpg,128016,76577,0.5982,13059,1,crack,stone,black_rubber,1777,0.2921,REJECT
tile_1778.jpg,131242,131242,1.0000,0,0,none,marble,blue_pu,1778,0.5006,APPROVE
tile_1779.jpg,36895,33546,0.9092,3525,1,crack+chip,concrete,white_pu,1779,0.1280,APPROVE
tile_1780.jpg,157816,95689,0.6063,15029,1,crack,marble,white_pu,1780,0.3650,REJECT
tile_1781.jpg,49710,32676,0.6573,46730,1,shatter,marble,blue_pu,1781,0.1246,REJECT
tile_1782.jpg,81662,81662,1.0000,0,0,none,glazed,grey_pvc,1782,0.3115,APPROVE
tile_1783.jpg,29797,29797,1.0000,0,0,none,terracotta,white_pu,1783,0.1137,APPROVE
tile_1784.jpg,176519,118983,0.6741,11720,1,crack,marble,grey_pvc,1784,0.4539,REJECT
tile_1785.jpg,72858,43107,0.5917,63855,1,shatter,concrete,grey_pvc,1785,0.1644,REJECT
tile_1786.jpg,86980,86980,1.0000,0,0,none,glazed,green_pvc,1786,0.3318,APPROVE
tile_1787.jpg,112549,112549,1.0000,0,0,none,encaustic,black_rubber,1787,0.4293,APPROVE
tile_1788.jpg,139849,42017,0.3004,81224,1,crack+chip,terracotta,grey_pvc,1788,0.1603,REJECT
tile_1789.jpg,113692,49809,0.4381,50793,1,crack+chip,encaustic,black_rubber,1789,0.1900,REJECT
tile_1790.jpg,126568,69193,0.5467,50291,1,chip,glazed,black_rubber,1790,0.2640,REJECT
tile_1791.jpg,29116,29116,1.0000,0,0,none,concrete,blue_pu,1791,0.1111,APPROVE
tile_1792.jpg,35923,23975,0.6674,5171,1,crack,glazed,grey_pvc,1792,0.0915,REJECT
tile_1793.jpg,60345,25212,0.4178,55618,1,shatter,encaustic,black_rubber,1793,0.0962,REJECT
tile_1794.jpg,43566,43566,1.0000,0,0,none,marble,black_rubber,1794,0.1662,APPROVE
tile_1795.jpg,45600,28778,0.6311,5888,1,crack,encaustic,grey_pvc,1795,0.1098,REJECT
tile_1796.jpg,91259,80358,0.8805,2838,1,crack+chip,marble,black_rubber,1796,0.3065,APPROVE
tile_1797.jpg,155113,72588,0.4680,18273,1,crack,stone,blue_pu,1797,0.2769,REJECT
tile_1798.jpg,76470,55858,0.7305,21221,1,crack+chip,marble,green_pvc,1798,0.2131,REJECT
tile_1799.jpg,44413,44413,1.0000,0,0,none,terracotta,green_pvc,1799,0.1694,APPROVE
tile_1800.jpg,68609,55652,0.8111,3251,1,crack,terracotta,grey_pvc,1800,0.2123,REJECT
tile_1801.jpg,68596,64826,0.9450,3698,1,crack+chip,concrete,grey_pvc,1801,0.2473,APPROVE
tile_1802.jpg,40865,25332,0.6199,17120,1,shatter,marble,white_pu,1802,0.0966,REJECT
tile_1803.jpg,67089,67089,1.0000,0,0,none,concrete,white_pu,1803,0.2559,APPROVE
tile_1804.jpg,74424,48326,0.6493,8380,1,crack,glazed,grey_pvc,1804,0.1843,REJECT
tile_1805.jpg,54466,50542,0.9280,7044,1,chip,stone,green_pvc,1805,0.1928,APPROVE
tile_1806.jpg,26230,17763,0.6772,5015,1,crack+chip,glazed,green_pvc,1806,0.0678,REJECT
tile_1807.jpg,66171,66171,1.0000,0,0,none,marble,green_pvc,1807,0.2524,APPROVE
tile_1808.jpg,50649,34677,0.6847,5958,1,crack,concrete,grey_pvc,1808,0.1323,REJECT
tile_1809.jpg,169135,169135,1.0000,0,0,none,encaustic,black_rubber,1809,0.6452,APPROVE
tile_1810.jpg,79476,76227,0.9591,3572,1,chip,glazed,grey_pvc,1810,0.2908,APPROVE
tile_1811.jpg,29156,21796,0.7476,3973,1,crack,terracotta,white_pu,1811,0.0831,REJECT
tile_1812.jpg,31179,12645,0.4056,22648,1,crack+chip,glazed,green_pvc,1812,0.0482,REJECT
tile_1813.jpg,11187,6827,0.6103,26256,1,shatter,stone,green_pvc,1813,0.0260,REJECT
tile_1814.jpg,88766,88766,1.0000,0,0,none,terracotta,green_pvc,1814,0.3386,APPROVE
tile_1815.jpg,118550,118550,1.0000,0,0,none,terracotta,black_rubber,1815,0.4522,APPROVE
tile_1816.jpg,52429,39468,0.7528,4243,1,crack,glazed,grey_pvc,1816,0.1506,REJECT
tile_1817.jpg,56206,56206,1.0000,0,0,none,marble,green_pvc,1817,0.2144,APPROVE
tile_1818.jpg,118334,95862,0.8101,11724,1,shatter,stone,grey_pvc,1818,0.3657,REJECT
tile_1819.jpg,57882,56452,0.9753,1160,1,crack+chip,stone,black_rubber,1819,0.2153,APPROVE
tile_1820.jpg,35162,35162,1.0000,0,0,none,terracotta,grey_pvc,1820,0.1341,APPROVE
tile_1821.jpg,58451,52323,0.8952,5754,1,chip,marble,blue_pu,1821,0.1996,APPROVE
tile_1822.jpg,39653,39653,1.0000,0,0,none,terracotta,grey_pvc,1822,0.1513,APPROVE
tile_1823.jpg,86798,77027,0.8874,66631,1,chip,marble,black_rubber,1823,0.2938,APPROVE
tile_1824.jpg,80631,77704,0.9637,4768,1,chip,stone,black_rubber,1824,0.2964,APPROVE
tile_1825.jpg,122516,110742,0.9039,43042,1,chip,concrete,grey_pvc,1825,0.4224,APPROVE
tile_1826.jpg,51349,35102,0.6836,16010,1,crack+chip,stone,black_rubber,1826,0.1339,REJECT
tile_1827.jpg,42877,35473,0.8273,20545,1,chip,glazed,grey_pvc,1827,0.1353,REJECT
tile_1828.jpg,30731,20991,0.6831,4149,1,crack,stone,grey_pvc,1828,0.0801,REJECT
tile_1829.jpg,65079,65079,1.0000,0,0,none,marble,black_rubber,1829,0.2483,APPROVE
tile_1830.jpg,35175,22099,0.6283,10825,1,crack+chip,marble,black_rubber,1830,0.0843,REJECT
tile_1831.jpg,76826,76826,1.0000,0,0,none,stone,blue_pu,1831,0.2931,APPROVE
tile_1832.jpg,141167,100840,0.7143,8616,1,crack,glazed,grey_pvc,1832,0.3847,REJECT
tile_1833.jpg,63366,39907,0.6298,6316,1,crack,glazed,white_pu,1833,0.1522,REJECT
tile_1834.jpg,59237,59237,1.0000,0,0,none,glazed,black_rubber,1834,0.2260,APPROVE
tile_1835.jpg,44308,18715,0.4224,25971,1,crack+chip,encaustic,grey_pvc,1835,0.0714,REJECT
tile_1836.jpg,89150,89150,1.0000,0,0,none,glazed,blue_pu,1836,0.3401,APPROVE
tile_1837.jpg,12711,7492,0.5894,19599,1,shatter,marble,grey_pvc,1837,0.0286,REJECT
tile_1838.jpg,51894,36669,0.7066,5503,1,crack,glazed,black_rubber,1838,0.1399,REJECT
tile_1839.jpg,74997,71433,0.9525,1176,1,crack+chip,stone,grey_pvc,1839,0.2725,APPROVE
tile_1840.jpg,110956,92734,0.8358,17886,1,shatter,concrete,grey_pvc,1840,0.3538,REJECT
tile_1841.jpg,44955,14242,0.3168,37671,1,crack+chip,encaustic,black_rubber,1841,0.0543,REJECT
tile_1842.jpg,180126,92786,0.5151,23946,1,crack,terracotta,white_pu,1842,0.3540,REJECT
tile_1843.jpg,41416,26384,0.6370,6926,1,crack,marble,grey_pvc,1843,0.1006,REJECT
tile_1844.jpg,39481,20266,0.5133,82390,1,shatter,terracotta,white_pu,1844,0.0773,REJECT
tile_1845.jpg,137858,137858,1.0000,0,0,none,stone,black_rubber,1845,0.5259,APPROVE
tile_1846.jpg,40773,31134,0.7636,19375,1,chip,concrete,black_rubber,1846,0.1188,REJECT
tile_1847.jpg,75395,75395,1.0000,0,0,none,glazed,green_pvc,1847,0.2876,APPROVE
tile_1848.jpg,61308,61308,1.0000,0,0,none,glazed,grey_pvc,1848,0.2339,APPROVE
tile_1849.jpg,77213,57928,0.7502,8507,1,crack+chip,terracotta,green_pvc,1849,0.2210,REJECT
tile_1850.jpg,68847,43300,0.6289,7003,1,crack,terracotta,green_pvc,1850,0.1652,REJECT
tile_1851.jpg,47381,25874,0.5461,9034,1,crack,marble,green_pvc,1851,0.0987,REJECT
tile_1852.jpg,55314,29353,0.5307,14570,1,crack+chip,marble,grey_pvc,1852,0.1120,REJECT
tile_1853.jpg,80267,45166,0.5627,12333,1,crack,marble,blue_pu,1853,0.1723,REJECT
tile_1854.jpg,39548,32030,0.8099,2221,1,crack,encaustic,grey_pvc,1854,0.1222,REJECT
tile_1855.jpg,66788,48749,0.7299,6659,1,crack,terracotta,green_pvc,1855,0.1860,REJECT
tile_1856.jpg,78059,69806,0.8943,2753,1,crack,glazed,white_pu,1856,0.2663,APPROVE
tile_1857.jpg,43728,23101,0.5283,16180,1,shatter,terracotta,blue_pu,1857,0.0881,REJECT
tile_1858.jpg,12619,6828,0.5411,37478,1,shatter,encaustic,green_pvc,1858,0.0260,REJECT
tile_1859.jpg,165016,137020,0.8303,4741,1,crack,glazed,grey_pvc,1859,0.5227,REJECT
tile_1860.jpg,20465,14681,0.7174,7996,1,chip,terracotta,green_pvc,1860,0.0560,REJECT
tile_1861.jpg,33229,23125,0.6959,37063,1,shatter,marble,green_pvc,1861,0.0882,REJECT
tile_1862.jpg,48918,44599,0.9117,1212,1,crack,stone,grey_pvc,1862,0.1701,APPROVE
tile_1863.jpg,100464,64762,0.6446,10286,1,crack,encaustic,grey_pvc,1863,0.2470,REJECT
tile_1864.jpg,123861,99405,0.8026,20747,1,shatter,encaustic,green_pvc,1864,0.3792,REJECT
tile_1865.jpg,77094,72819,0.9445,3295,1,chip,glazed,white_pu,1865,0.2778,APPROVE
tile_1866.jpg,116764,68243,0.5845,11190,1,crack,marble,green_pvc,1866,0.2603,REJECT
tile_1867.jpg,21962,21177,0.9643,5102,1,chip,terracotta,grey_pvc,1867,0.0808,APPROVE
tile_1868.jpg,44428,44428,1.0000,0,0,none,stone,black_rubber,1868,0.1695,APPROVE
tile_1869.jpg,39668,29391,0.7409,3603,1,crack,encaustic,black_rubber,1869,0.1121,REJECT
tile_1870.jpg,55867,48521,0.8685,7135,1,chip,marble,grey_pvc,1870,0.1851,APPROVE
tile_1871.jpg,24632,24531,0.9959,145,1,chip,glazed,grey_pvc,1871,0.0936,APPROVE
tile_1872.jpg,142391,88820,0.6238,11060,1,crack,glazed,grey_pvc,1872,0.3388,REJECT
tile_1873.jpg,26270,21023,0.8003,7395,1,chip,terracotta,green_pvc,1873,0.0802,REJECT
tile_1874.jpg,59355,59355,1.0000,0,0,none,marble,black_rubber,1874,0.2264,APPROVE
tile_1875.jpg,37157,25591,0.6887,7536,1,crack+chip,marble,green_pvc,1875,0.0976,REJECT
tile_1876.jpg,20914,18137,0.8672,1087,1,crack,glazed,green_pvc,1876,0.0692,APPROVE
tile_1877.jpg,80474,68169,0.8471,17431,1,chip,glazed,black_rubber,1877,0.2600,REJECT
tile_1878.jpg,94363,79638,0.8440,18452,1,shatter,glazed,green_pvc,1878,0.3038,REJECT
tile_1879.jpg,48493,48493,1.0000,0,0,none,concrete,black_rubber,1879,0.1850,APPROVE
tile_1880.jpg,80659,80659,1.0000,0,0,none,marble,white_pu,1880,0.3077,APPROVE
tile_1881.jpg,54616,52366,0.9588,1527,1,chip,terracotta,white_pu,1881,0.1998,APPROVE
tile_1882.jpg,89306,71270,0.7980,35620,1,shatter,encaustic,blue_pu,1882,0.2719,REJECT
tile_1883.jpg,12767,10447,0.8183,9315,1,shatter,stone,green_pvc,1883,0.0399,REJECT
tile_1884.jpg,28241,28241,1.0000,0,0,none,terracotta,black_rubber,1884,0.1077,APPROVE
tile_1885.jpg,91921,73096,0.7952,6657,1,crack,marble,blue_pu,1885,0.2788,REJECT
tile_1886.jpg,36300,36300,1.0000,0,0,none,stone,white_pu,1886,0.1385,APPROVE
tile_1887.jpg,148946,127337,0.8549,5264,1,crack,terracotta,grey_pvc,1887,0.4858,APPROVE
tile_1888.jpg,101488,94186,0.9281,1575,1,crack,marble,black_rubber,1888,0.3593,APPROVE
tile_1889.jpg,131951,111169,0.8425,10577,1,shatter,encaustic,green_pvc,1889,0.4241,REJECT
tile_1890.jpg,85999,47433,0.5516,10826,1,crack,glazed,green_pvc,1890,0.1809,REJECT
tile_1891.jpg,58757,58757,1.0000,0,0,none,terracotta,grey_pvc,1891,0.2241,APPROVE
tile_1892.jpg,21936,11563,0.5271,8685,1,crack+chip,terracotta,green_pvc,1892,0.0441,REJECT
tile_1893.jpg,71565,52426,0.7326,40708,1,shatter,marble,black_rubber,1893,0.2000,REJECT
tile_1894.jpg,98484,69806,0.7088,7349,1,crack,stone,green_pvc,1894,0.2663,REJECT
tile_1895.jpg,62617,31208,0.4984,27062,1,crack+chip,marble,grey_pvc,1895,0.1190,REJECT
tile_1896.jpg,57954,34818,0.6008,10170,1,crack,terracotta,black_rubber,1896,0.1328,REJECT
tile_1897.jpg,48729,48729,1.0000,0,0,none,terracotta,green_pvc,1897,0.1859,APPROVE
tile_1898.jpg,28129,16093,0.5721,6756,1,crack,concrete,black_rubber,1898,0.0614,REJECT
tile_1899.jpg,113144,101877,0.9004,4760,1,crack+chip,stone,grey_pvc,1899,0.3886,APPROVE
tile_1900.jpg,149548,149548,1.0000,0,0,none,encaustic,blue_pu,1900,0.5705,APPROVE
tile_1901.jpg,97974,48013,0.4901,14761,1,crack,stone,white_pu,1901,0.1832,REJECT
tile_1902.jpg,47445,47445,1.0000,0,0,none,marble,black_rubber,1902,0.1810,APPROVE
tile_1903.jpg,94191,48426,0.5141,13567,1,crack,concrete,white_pu,1903,0.1847,REJECT
tile_1904.jpg,78528,57705,0.7348,5799,1,crack,encaustic,grey_pvc,1904,0.2201,REJECT
tile_1905.jpg,71441,47088,0.6591,8386,1,crack,stone,black_rubber,1905,0.1796,REJECT
tile_1906.jpg,77098,76168,0.9879,1252,1,chip,encaustic,white_pu,1906,0.2906,APPROVE
tile_1907.jpg,148334,148334,1.0000,0,0,none,encaustic,grey_pvc,1907,0.5658,APPROVE
tile_1908.jpg,174574,174574,1.0000,0,0,none,glazed,grey_pvc,1908,0.6659,APPROVE
tile_1909.jpg,30354,30354,1.0000,0,0,none,terracotta,grey_pvc,1909,0.1158,APPROVE
tile_1910.jpg,45686,32615,0.7139,67826,1,shatter,encaustic,white_pu,1910,0.1244,REJECT
tile_1911.jpg,81214,45947,0.5658,29853,1,crack+chip,encaustic,black_rubber,1911,0.1753,REJECT
tile_1912.jpg,62423,59909,0.9597,3067,1,chip,concrete,black_rubber,1912,0.2285,APPROVE
tile_1913.jpg,45819,45819,1.0000,0,0,none,marble,blue_pu,1913,0.1748,APPROVE
tile_1914.jpg,99738,80606,0.8082,13158,1,shatter,encaustic,blue_pu,1914,0.3075,REJECT
tile_1915.jpg,70874,60164,0.8489,4824,1,shatter,marble,grey_pvc,1915,0.2295,REJECT
tile_1916.jpg,21221,21221,1.0000,0,0,none,terracotta,white_pu,1916,0.0810,APPROVE
tile_1917.jpg,44570,44494,0.9983,54,1,chip,terracotta,black_rubber,1917,0.1697,APPROVE
tile_1918.jpg,57665,57665,1.0000,0,0,none,terracotta,grey_pvc,1918,0.2200,APPROVE
tile_1919.jpg,148430,100814,0.6792,9827,1,crack,stone,grey_pvc,1919,0.3846,REJECT
tile_1920.jpg,169296,169296,1.0000,0,0,none,encaustic,black_rubber,1920,0.6458,APPROVE
tile_1921.jpg,37104,28491,0.7679,22411,1,chip,glazed,green_pvc,1921,0.1087,REJECT
tile_1922.jpg,74085,66926,0.9034,5419,1,chip,concrete,grey_pvc,1922,0.2553,APPROVE
tile_1923.jpg,48280,33696,0.6979,83202,1,shatter,glazed,black_rubber,1923,0.1285,REJECT
tile_1924.jpg,82080,55478,0.6759,7544,1,crack,encaustic,black_rubber,1924,0.2116,REJECT
tile_1925.jpg,48575,24821,0.5110,55350,1,chip,marble,black_rubber,1925,0.0947,REJECT
tile_1926.jpg,96118,68673,0.7145,5644,1,crack,stone,black_rubber,1926,0.2620,REJECT
tile_1927.jpg,39463,39463,1.0000,0,0,none,glazed,grey_pvc,1927,0.1505,APPROVE
tile_1928.jpg,121693,121693,1.0000,0,0,none,terracotta,green_pvc,1928,0.4642,APPROVE
tile_1929.jpg,64717,46895,0.7246,30647,1,shatter,terracotta,grey_pvc,1929,0.1789,REJECT
tile_1930.jpg,41195,31856,0.7733,3080,1,crack,marble,green_pvc,1930,0.1215,REJECT
tile_1931.jpg,125973,110842,0.8799,16661,1,chip,terracotta,white_pu,1931,0.4228,APPROVE
tile_1932.jpg,84695,49976,0.5901,12029,1,crack,glazed,grey_pvc,1932,0.1906,REJECT
tile_1933.jpg,164180,164180,1.0000,0,0,none,encaustic,grey_pvc,1933,0.6263,APPROVE
tile_1934.jpg,90886,74193,0.8163,78637,1,crack+chip,encaustic,black_rubber,1934,0.2830,REJECT
tile_1935.jpg,77274,77274,1.0000,0,0,none,glazed,black_rubber,1935,0.2948,APPROVE
tile_1936.jpg,40474,39816,0.9837,476,1,chip,terracotta,grey_pvc,1936,0.1519,APPROVE
tile_1937.jpg,68013,64494,0.9483,8777,1,chip,marble,white_pu,1937,0.2460,APPROVE
tile_1938.jpg,29936,28387,0.9483,5703,1,chip,stone,green_pvc,1938,0.1083,APPROVE
tile_1939.jpg,37645,35267,0.9368,2616,1,chip,terracotta,white_pu,1939,0.1345,APPROVE
tile_1940.jpg,92209,50752,0.5504,34814,1,shatter,encaustic,black_rubber,1940,0.1936,REJECT
tile_1941.jpg,88229,80643,0.9140,9355,1,chip,glazed,green_pvc,1941,0.3076,APPROVE
tile_1942.jpg,57557,30192,0.5246,51975,1,shatter,glazed,grey_pvc,1942,0.1152,REJECT
tile_1943.jpg,36355,36355,1.0000,0,0,none,concrete,blue_pu,1943,0.1387,APPROVE
tile_1944.jpg,40723,40723,1.0000,0,0,none,encaustic,green_pvc,1944,0.1553,APPROVE
tile_1945.jpg,63362,63362,1.0000,0,0,none,terracotta,grey_pvc,1945,0.2417,APPROVE
tile_1946.jpg,115733,60022,0.5186,14464,1,crack,terracotta,green_pvc,1946,0.2290,REJECT
tile_1947.jpg,51885,36096,0.6957,11516,1,crack+chip,glazed,green_pvc,1947,0.1377,REJECT
tile_1948.jpg,102965,51250,0.4977,13129,1,crack,encaustic,blue_pu,1948,0.1955,REJECT
tile_1949.jpg,72212,71223,0.9863,665,1,chip,stone,black_rubber,1949,0.2717,APPROVE
tile_1950.jpg,97332,68724,0.7061,84923,1,shatter,terracotta,grey_pvc,1950,0.2622,REJECT
tile_1951.jpg,38366,38366,1.0000,0,0,none,concrete,green_pvc,1951,0.1464,APPROVE
tile_1952.jpg,47695,47695,1.0000,0,0,none,glazed,green_pvc,1952,0.1819,APPROVE
tile_1953.jpg,137049,94758,0.6914,59365,1,chip,encaustic,grey_pvc,1953,0.3615,REJECT
tile_1954.jpg,84684,84684,1.0000,0,0,none,stone,blue_pu,1954,0.3230,APPROVE
tile_1955.jpg,103270,72040,0.6976,20755,1,shatter,marble,grey_pvc,1955,0.2748,REJECT
tile_1956.jpg,112209,102951,0.9175,1661,1,crack,stone,white_pu,1956,0.3927,APPROVE
tile_1957.jpg,55349,40554,0.7327,31237,1,chip,glazed,green_pvc,1957,0.1547,REJECT
tile_1958.jpg,32590,32590,1.0000,0,0,none,marble,blue_pu,1958,0.1243,APPROVE
tile_1959.jpg,128218,128218,1.0000,0,0,none,glazed,white_pu,1959,0.4891,APPROVE
tile_1960.jpg,45602,29449,0.6458,5137,1,crack,encaustic,green_pvc,1960,0.1123,REJECT
tile_1961.jpg,37090,37090,1.0000,0,0,none,glazed,white_pu,1961,0.1415,APPROVE
tile_1962.jpg,74320,74320,1.0000,0,0,none,concrete,black_rubber,1962,0.2835,APPROVE
tile_1963.jpg,139876,125395,0.8965,31130,1,shatter,concrete,black_rubber,1963,0.4783,APPROVE
tile_1964.jpg,40404,28640,0.7088,4839,1,crack,marble,green_pvc,1964,0.1093,REJECT
tile_1965.jpg,68113,19899,0.2921,52701,1,crack+chip,concrete,grey_pvc,1965,0.0759,REJECT
tile_1966.jpg,44747,44747,1.0000,0,0,none,stone,grey_pvc,1966,0.1707,APPROVE
tile_1967.jpg,107587,62532,0.5812,10699,1,crack,terracotta,blue_pu,1967,0.2385,REJECT
tile_1968.jpg,60245,60245,1.0000,0,0,none,encaustic,black_rubber,1968,0.2298,APPROVE
tile_1969.jpg,83317,60587,0.7272,5840,1,crack,terracotta,white_pu,1969,0.2311,REJECT
tile_1970.jpg,49970,49970,1.0000,0,0,none,marble,grey_pvc,1970,0.1906,APPROVE
tile_1971.jpg,93992,93992,1.0000,0,0,none,terracotta,black_rubber,1971,0.3586,APPROVE
tile_1972.jpg,50840,50840,1.0000,0,0,none,terracotta,green_pvc,1972,0.1939,APPROVE
tile_1973.jpg,127068,127068,1.0000,0,0,none,terracotta,green_pvc,1973,0.4847,APPROVE
tile_1974.jpg,92142,59190,0.6424,7628,1,crack,encaustic,black_rubber,1974,0.2258,REJECT
tile_1975.jpg,61660,29224,0.4740,103100,1,shatter,encaustic,white_pu,1975,0.1115,REJECT
tile_1976.jpg,101276,71493,0.7059,77562,1,shatter,concrete,black_rubber,1976,0.2727,REJECT
tile_1977.jpg,150973,106660,0.7065,9426,1,crack,stone,white_pu,1977,0.4069,REJECT
tile_1978.jpg,28456,15296,0.5375,5454,1,crack,glazed,green_pvc,1978,0.0583,REJECT
tile_1979.jpg,72526,72526,1.0000,0,0,none,stone,blue_pu,1979,0.2767,APPROVE
tile_1980.jpg,79477,79477,1.0000,0,0,none,stone,green_pvc,1980,0.3032,APPROVE
tile_1981.jpg,22438,22438,1.0000,0,0,none,concrete,grey_pvc,1981,0.0856,APPROVE
tile_1982.jpg,85570,58051,0.6784,7969,1,crack,stone,green_pvc,1982,0.2214,REJECT
tile_1983.jpg,21031,21031,1.0000,0,0,none,glazed,black_rubber,1983,0.0802,APPROVE
tile_1984.jpg,18919,15435,0.8158,10729,1,shatter,glazed,blue_pu,1984,0.0589,REJECT
tile_1985.jpg,130103,130103,1.0000,0,0,none,encaustic,green_pvc,1985,0.4963,APPROVE
tile_1986.jpg,46179,46179,1.0000,0,0,none,terracotta,blue_pu,1986,0.1762,APPROVE
tile_1987.jpg,44781,44781,1.0000,0,0,none,marble,blue_pu,1987,0.1708,APPROVE
tile_1988.jpg,43631,39843,0.9132,2634,1,chip,marble,green_pvc,1988,0.1520,APPROVE
tile_1989.jpg,65314,41792,0.6399,12526,1,crack+chip,stone,grey_pvc,1989,0.1594,REJECT
tile_1990.jpg,76291,53203,0.6974,6552,1,crack,marble,blue_pu,1990,0.2030,REJECT
tile_1991.jpg,47588,47149,0.9908,275,1,chip,marble,grey_pvc,1991,0.1799,APPROVE
tile_1992.jpg,22932,22932,1.0000,0,0,none,glazed,green_pvc,1992,0.0875,APPROVE
tile_1993.jpg,119389,119389,1.0000,0,0,none,stone,green_pvc,1993,0.4554,APPROVE
tile_1994.jpg,131088,51327,0.3915,19436,1,crack,marble,black_rubber,1994,0.1958,REJECT
tile_1995.jpg,44617,23352,0.5234,8165,1,crack,encaustic,green_pvc,1995,0.0891,REJECT
tile_1996.jpg,77813,70972,0.9121,1768,1,crack,marble,white_pu,1996,0.2707,APPROVE
tile_1997.jpg,79307,73669,0.9289,4120,1,chip,glazed,green_pvc,1997,0.2810,APPROVE
tile_1998.jpg,55246,36168,0.6547,11870,1,crack+chip,glazed,blue_pu,1998,0.1380,REJECT
tile_1999.jpg,48769,37635,0.7717,3452,1,crack,concrete,blue_pu,1999,0.1436,REJECT
tile_2000.jpg,44031,33656,0.7644,7488,1,crack+chip,glazed,black_rubber,2000,0.1284,REJECT
tile_2001.jpg,154894,154894,1.0000,0,0,none,encaustic,grey_pvc,2001,0.5909,APPROVE
tile_2002.jpg,146013,146013,1.0000,0,0,none,encaustic,blue_pu,2002,0.5570,APPROVE
tile_2003.jpg,52200,52200,1.0000,0,0,none,glazed,grey_pvc,2003,0.1991,APPROVE
tile_2004.jpg,27236,21996,0.8076,2535,1,crack,stone,black_rubber,2004,0.0839,REJECT
tile_2005.jpg,31943,22140,0.6931,11683,1,shatter,concrete,green_pvc,2005,0.0845,REJECT
tile_2006.jpg,122895,77471,0.6304,18131,1,crack+chip,marble,green_pvc,2006,0.2955,REJECT
tile_2007.jpg,158661,158661,1.0000,0,0,none,concrete,black_rubber,2007,0.6052,APPROVE
tile_2008.jpg,89663,85656,0.9553,695,1,crack,encaustic,blue_pu,2008,0.3268,APPROVE
tile_2009.jpg,150749,150749,1.0000,0,0,none,marble,black_rubber,2009,0.5751,APPROVE
tile_2010.jpg,79379,41332,0.5207,61794,1,shatter,terracotta,black_rubber,2010,0.1577,REJECT
tile_2011.jpg,46820,46820,1.0000,0,0,none,terracotta,black_rubber,2011,0.1786,APPROVE
tile_2012.jpg,103955,67228,0.6467,9309,1,crack,terracotta,black_rubber,2012,0.2565,REJECT
tile_2013.jpg,27581,22365,0.8109,14869,1,shatter,terracotta,black_rubber,2013,0.0853,REJECT
tile_2014.jpg,61985,48728,0.7861,4540,1,crack,glazed,blue_pu,2014,0.1859,REJECT
tile_2015.jpg,69665,45407,0.6518,8751,1,crack,concrete,green_pvc,2015,0.1732,REJECT
tile_2016.jpg,88980,58870,0.6616,8019,1,crack,marble,blue_pu,2016,0.2246,REJECT
tile_2017.jpg,52073,50249,0.9650,1025,1,crack+chip,concrete,white_pu,2017,0.1917,APPROVE
tile_2018.jpg,42798,29871,0.6980,5544,1,crack,concrete,black_rubber,2018,0.1139,REJECT
tile_2019.jpg,117013,88406,0.7555,7324,1,crack,encaustic,green_pvc,2019,0.3372,REJECT
tile_2020.jpg,91681,91681,1.0000,0,0,none,encaustic,white_pu,2020,0.3497,APPROVE
tile_2021.jpg,27150,15589,0.5742,17928,1,crack+chip,encaustic,green_pvc,2021,0.0595,REJECT
tile_2022.jpg,47183,47183,1.0000,0,0,none,encaustic,white_pu,2022,0.1800,APPROVE
tile_2023.jpg,17674,14331,0.8109,20419,1,shatter,marble,grey_pvc,2023,0.0547,REJECT
tile_2024.jpg,34859,24523,0.7035,4443,1,crack,stone,blue_pu,2024,0.0935,REJECT
tile_2025.jpg,90484,55644,0.6150,77263,1,shatter,terracotta,black_rubber,2025,0.2123,REJECT
tile_2026.jpg,123229,123229,1.0000,0,0,none,encaustic,black_rubber,2026,0.4701,APPROVE
tile_2027.jpg,140274,74480,0.5310,16833,1,crack,glazed,grey_pvc,2027,0.2841,REJECT
tile_2028.jpg,48784,27523,0.5642,7886,1,crack,glazed,blue_pu,2028,0.1050,REJECT
tile_2029.jpg,72114,66650,0.9242,7924,1,chip,glazed,blue_pu,2029,0.2542,APPROVE
tile_2030.jpg,147795,147795,1.0000,0,0,none,encaustic,blue_pu,2030,0.5638,APPROVE
tile_2031.jpg,18682,17713,0.9481,4193,1,chip,concrete,white_pu,2031,0.0676,APPROVE
tile_2032.jpg,38502,33501,0.8701,3956,1,chip,concrete,green_pvc,2032,0.1278,APPROVE
tile_2033.jpg,59231,59231,1.0000,0,0,none,encaustic,green_pvc,2033,0.2259,APPROVE
tile_2034.jpg,56060,35034,0.6249,34548,1,shatter,stone,grey_pvc,2034,0.1336,REJECT
tile_2035.jpg,63592,63592,1.0000,0,0,none,marble,white_pu,2035,0.2426,APPROVE
tile_2036.jpg,81022,58561,0.7228,14281,1,crack+chip,terracotta,blue_pu,2036,0.2234,REJECT
tile_2037.jpg,23260,14664,0.6304,7460,1,chip,stone,green_pvc,2037,0.0559,REJECT
tile_2038.jpg,28713,21632,0.7534,3668,1,crack,terracotta,blue_pu,2038,0.0825,REJECT
tile_2039.jpg,90591,90591,1.0000,0,0,none,glazed,green_pvc,2039,0.3456,APPROVE
tile_2040.jpg,29974,29266,0.9764,1660,1,chip,marble,grey_pvc,2040,0.1116,APPROVE
tile_2041.jpg,65996,49801,0.7546,19581,1,shatter,encaustic,grey_pvc,2041,0.1900,REJECT
tile_2042.jpg,42706,19206,0.4497,51679,1,shatter,marble,white_pu,2042,0.0733,REJECT
tile_2043.jpg,47765,34297,0.7180,4035,1,crack,encaustic,black_rubber,2043,0.1308,REJECT
tile_2044.jpg,156735,156735,1.0000,0,0,none,terracotta,white_pu,2044,0.5979,APPROVE
tile_2045.jpg,72616,72616,1.0000,0,0,none,stone,green_pvc,2045,0.2770,APPROVE
tile_2046.jpg,137094,126359,0.9217,26568,1,chip,concrete,black_rubber,2046,0.4820,APPROVE
tile_2047.jpg,63476,56180,0.8851,3813,1,crack+chip,terracotta,black_rubber,2047,0.2143,APPROVE
tile_2048.jpg,88609,79204,0.8939,2842,1,crack+chip,glazed,black_rubber,2048,0.3021,APPROVE
tile_2049.jpg,82411,82411,1.0000,0,0,none,glazed,black_rubber,2049,0.3144,APPROVE
tile_2050.jpg,51270,51270,1.0000,0,0,none,concrete,grey_pvc,2050,0.1956,APPROVE
tile_2051.jpg,48904,48904,1.0000,0,0,none,glazed,blue_pu,2051,0.1866,APPROVE
tile_2052.jpg,82728,82728,1.0000,0,0,none,encaustic,green_pvc,2052,0.3156,APPROVE
tile_2053.jpg,106175,106175,1.0000,0,0,none,glazed,grey_pvc,2053,0.4050,APPROVE
tile_2054.jpg,110293,46742,0.4238,74815,1,shatter,encaustic,green_pvc,2054,0.1783,REJECT
tile_2055.jpg,154815,92290,0.5961,61113,1,chip,marble,grey_pvc,2055,0.3521,REJECT
tile_2056.jpg,76964,55620,0.7227,7820,1,crack,glazed,black_rubber,2056,0.2122,REJECT
tile_2057.jpg,79129,79129,1.0000,0,0,none,stone,blue_pu,2057,0.3019,APPROVE
tile_2058.jpg,48243,48243,1.0000,0,0,none,marble,black_rubber,2058,0.1840,APPROVE
tile_2059.jpg,155815,65490,0.4203,94831,1,chip,terracotta,green_pvc,2059,0.2498,REJECT
tile_2060.jpg,24809,15117,0.6093,8115,1,crack+chip,terracotta,green_pvc,2060,0.0577,REJECT
tile_2061.jpg,66272,66272,1.0000,0,0,none,stone,green_pvc,2061,0.2528,APPROVE
tile_2062.jpg,94699,94699,1.0000,0,0,none,concrete,blue_pu,2062,0.3612,APPROVE
tile_2063.jpg,150878,125442,0.8314,5222,1,crack,terracotta,white_pu,2063,0.4785,REJECT
tile_2064.jpg,111583,76789,0.6882,8984,1,crack,encaustic,grey_pvc,2064,0.2929,REJECT
tile_2065.jpg,75490,17745,0.2351,96316,1,crack+chip,encaustic,grey_pvc,2065,0.0677,REJECT
tile_2066.jpg,48397,35788,0.7395,3966,1,crack,encaustic,blue_pu,2066,0.1365,REJECT
tile_2067.jpg,104922,104922,1.0000,0,0,none,stone,black_rubber,2067,0.4002,APPROVE
tile_2068.jpg,50615,50615,1.0000,0,0,none,encaustic,black_rubber,2068,0.1931,APPROVE
tile_2069.jpg,135514,135514,1.0000,0,0,none,encaustic,black_rubber,2069,0.5169,APPROVE
tile_2070.jpg,24219,20789,0.8584,4541,1,crack+chip,glazed,grey_pvc,2070,0.0793,APPROVE
tile_2071.jpg,29797,29797,1.0000,0,0,none,glazed,grey_pvc,2071,0.1137,APPROVE
tile_2072.jpg,33773,26368,0.7807,3491,1,crack+chip,stone,blue_pu,2072,0.1006,REJECT
tile_2073.jpg,25973,22186,0.8542,1893,1,crack+chip,terracotta,white_pu,2073,0.0846,APPROVE
tile_2074.jpg,89197,54510,0.6111,13055,1,crack,marble,green_pvc,2074,0.2079,REJECT
tile_2075.jpg,40703,25276,0.6210,44790,1,shatter,encaustic,black_rubber,2075,0.0964,REJECT
tile_2076.jpg,89953,89953,1.0000,0,0,none,stone,grey_pvc,2076,0.3431,APPROVE
tile_2077.jpg,40376,17804,0.4410,8359,1,crack,encaustic,green_pvc,2077,0.0679,REJECT
tile_2078.jpg,162304,127386,0.7849,6840,1,crack,marble,grey_pvc,2078,0.4859,REJECT
tile_2079.jpg,40803,35797,0.8773,11453,1,chip,encaustic,grey_pvc,2079,0.1366,APPROVE
tile_2080.jpg,78551,50565,0.6437,15477,1,crack+chip,glazed,black_rubber,2080,0.1929,REJECT
tile_2081.jpg,109726,109726,1.0000,0,0,none,glazed,green_pvc,2081,0.4186,APPROVE
tile_2082.jpg,54086,32899,0.6083,8081,1,crack,stone,green_pvc,2082,0.1255,REJECT
tile_2083.jpg,127567,127567,1.0000,0,0,none,glazed,blue_pu,2083,0.4866,APPROVE
tile_2084.jpg,67326,63329,0.9406,797,1,crack,encaustic,grey_pvc,2084,0.2416,APPROVE
tile_2085.jpg,184178,184178,1.0000,0,0,none,encaustic,black_rubber,2085,0.7026,APPROVE
tile_2086.jpg,128034,128034,1.0000,0,0,none,encaustic,white_pu,2086,0.4884,APPROVE
tile_2087.jpg,50734,43665,0.8607,18964,1,chip,marble,grey_pvc,2087,0.1666,APPROVE
tile_2088.jpg,95914,60393,0.6297,9004,1,crack,glazed,black_rubber,2088,0.2304,REJECT
tile_2089.jpg,33161,25288,0.7626,5707,1,crack+chip,marble,blue_pu,2089,0.0965,REJECT
tile_2090.jpg,86120,86120,1.0000,0,0,none,glazed,black_rubber,2090,0.3285,APPROVE
tile_2091.jpg,79460,79460,1.0000,0,0,none,encaustic,grey_pvc,2091,0.3031,APPROVE
tile_2092.jpg,75339,75339,1.0000,0,0,none,marble,black_rubber,2092,0.2874,APPROVE
tile_2093.jpg,58247,30078,0.5164,23886,1,chip,marble,white_pu,2093,0.1147,REJECT
tile_2094.jpg,115501,115501,1.0000,0,0,none,terracotta,white_pu,2094,0.4406,APPROVE
tile_2095.jpg,42593,30087,0.7064,4291,1,crack,encaustic,blue_pu,2095,0.1148,REJECT
tile_2096.jpg,27531,27531,1.0000,0,0,none,glazed,grey_pvc,2096,0.1050,APPROVE
tile_2097.jpg,62740,52080,0.8301,4022,1,crack,marble,black_rubber,2097,0.1987,REJECT
tile_2098.jpg,47619,27590,0.5794,7177,1,crack,terracotta,blue_pu,2098,0.1052,REJECT
tile_2099.jpg,67575,41314,0.6114,12605,1,crack+chip,marble,blue_pu,2099,0.1576,REJECT
tile_2100.jpg,158510,158510,1.0000,0,0,none,marble,green_pvc,2100,0.6047,APPROVE
tile_2101.jpg,105875,55077,0.5202,13367,1,crack,stone,green_pvc,2101,0.2101,REJECT
tile_2102.jpg,80230,61011,0.7605,6054,1,crack,stone,black_rubber,2102,0.2327,REJECT
tile_2103.jpg,81583,81583,1.0000,0,0,none,concrete,green_pvc,2103,0.3112,APPROVE
tile_2104.jpg,67973,67973,1.0000,0,0,none,glazed,grey_pvc,2104,0.2593,APPROVE
tile_2105.jpg,52192,52192,1.0000,0,0,none,glazed,black_rubber,2105,0.1991,APPROVE
tile_2106.jpg,63559,63559,1.0000,0,0,none,glazed,black_rubber,2106,0.2425,APPROVE
tile_2107.jpg,47246,47246,1.0000,0,0,none,terracotta,green_pvc,2107,0.1802,APPROVE
tile_2108.jpg,114873,114873,1.0000,0,0,none,glazed,white_pu,2108,0.4382,APPROVE
tile_2109.jpg,75719,74841,0.9884,477,1,chip,encaustic,blue_pu,2109,0.2855,APPROVE
tile_2110.jpg,46973,46973,1.0000,0,0,none,glazed,green_pvc,2110,0.1792,APPROVE
tile_2111.jpg,56511,48795,0.8635,2125,1,crack,stone,grey_pvc,2111,0.1861,APPROVE
tile_2112.jpg,47301,47301,1.0000,0,0,none,encaustic,green_pvc,2112,0.1804,APPROVE
tile_2113.jpg,159552,159552,1.0000,0,0,none,encaustic,black_rubber,2113,0.6086,APPROVE
tile_2114.jpg,74037,74037,1.0000,0,0,none,glazed,black_rubber,2114,0.2824,APPROVE
tile_2115.jpg,37370,30110,0.8057,2663,1,crack,stone,green_pvc,2115,0.1149,REJECT
tile_2116.jpg,53362,37603,0.7047,8035,1,crack+chip,terracotta,green_pvc,2116,0.1434,REJECT
tile_2117.jpg,37601,28632,0.7615,28707,1,shatter,glazed,grey_pvc,2117,0.1092,REJECT
tile_2118.jpg,57912,55731,0.9623,2160,1,chip,stone,grey_pvc,2118,0.2126,APPROVE
tile_2119.jpg,86828,52515,0.6048,41365,1,crack+chip,encaustic,grey_pvc,2119,0.2003,REJECT
tile_2120.jpg,151312,151312,1.0000,0,0,none,encaustic,green_pvc,2120,0.5772,APPROVE
tile_2121.jpg,49589,36230,0.7306,17174,1,chip,glazed,blue_pu,2121,0.1382,REJECT
tile_2122.jpg,37398,30832,0.8244,2834,1,crack,terracotta,green_pvc,2122,0.1176,REJECT
tile_2123.jpg,43324,43324,1.0000,0,0,none,marble,black_rubber,2123,0.1653,APPROVE
tile_2124.jpg,26724,16646,0.6229,5229,1,crack,glazed,black_rubber,2124,0.0635,REJECT
tile_2125.jpg,50113,37839,0.7551,5133,1,crack,terracotta,grey_pvc,2125,0.1443,REJECT
tile_2126.jpg,78678,66087,0.8400,15562,1,chip,marble,grey_pvc,2126,0.2521,REJECT
tile_2127.jpg,19657,11378,0.5788,4533,1,crack,marble,black_rubber,2127,0.0434,REJECT
tile_2128.jpg,70764,70764,1.0000,0,0,none,stone,blue_pu,2128,0.2699,APPROVE
tile_2129.jpg,97300,97300,1.0000,0,0,none,glazed,grey_pvc,2129,0.3712,APPROVE
tile_2130.jpg,72002,62755,0.8716,1990,1,crack,concrete,grey_pvc,2130,0.2394,APPROVE
tile_2131.jpg,96796,83052,0.8580,51228,1,chip,encaustic,blue_pu,2131,0.3168,APPROVE
tile_2132.jpg,30355,17581,0.5792,5756,1,crack,terracotta,black_rubber,2132,0.0671,REJECT
tile_2133.jpg,49072,40483,0.8250,12484,1,chip,stone,grey_pvc,2133,0.1544,REJECT
tile_2134.jpg,46520,31788,0.6833,20086,1,shatter,concrete,white_pu,2134,0.1213,REJECT
tile_2135.jpg,105025,57730,0.5497,52052,1,crack+chip,encaustic,grey_pvc,2135,0.2202,REJECT
tile_2136.jpg,47744,47744,1.0000,0,0,none,concrete,grey_pvc,2136,0.1821,APPROVE
tile_2137.jpg,171694,123318,0.7182,9622,1,crack,terracotta,black_rubber,2137,0.4704,REJECT
tile_2138.jpg,49129,47212,0.9610,3591,1,chip,stone,white_pu,2138,0.1801,APPROVE
tile_2139.jpg,52590,37914,0.7209,4311,1,crack,concrete,green_pvc,2139,0.1446,REJECT
tile_2140.jpg,104618,91376,0.8734,35518,1,chip,glazed,green_pvc,2140,0.3486,APPROVE
tile_2141.jpg,85140,85140,1.0000,0,0,none,stone,green_pvc,2141,0.3248,APPROVE
tile_2142.jpg,124238,118468,0.9536,15078,1,chip,encaustic,black_rubber,2142,0.4519,APPROVE
tile_2143.jpg,27290,15044,0.5513,12317,1,chip,concrete,blue_pu,2143,0.0574,REJECT
tile_2144.jpg,61248,61248,1.0000,0,0,none,terracotta,blue_pu,2144,0.2336,APPROVE
tile_2145.jpg,84311,44264,0.5250,34865,1,crack+chip,terracotta,grey_pvc,2145,0.1689,REJECT
tile_2146.jpg,127012,65926,0.5191,45995,1,crack+chip,stone,green_pvc,2146,0.2515,REJECT
tile_2147.jpg,165319,56781,0.3435,70090,1,crack+chip,concrete,green_pvc,2147,0.2166,REJECT
tile_2148.jpg,93700,85640,0.9140,2078,1,crack,marble,white_pu,2148,0.3267,APPROVE
tile_2149.jpg,89526,89526,1.0000,0,0,none,glazed,black_rubber,2149,0.3415,APPROVE
tile_2150.jpg,32668,32668,1.0000,0,0,none,terracotta,grey_pvc,2150,0.1246,APPROVE
tile_2151.jpg,55100,55100,1.0000,0,0,none,glazed,blue_pu,2151,0.2102,APPROVE
tile_2152.jpg,41848,41848,1.0000,0,0,none,stone,black_rubber,2152,0.1596,APPROVE
tile_2153.jpg,37851,36746,0.9708,751,1,chip,marble,white_pu,2153,0.1402,APPROVE
tile_2154.jpg,25264,18478,0.7314,19065,1,shatter,marble,white_pu,2154,0.0705,REJECT
tile_2155.jpg,41022,41022,1.0000,0,0,none,glazed,blue_pu,2155,0.1565,APPROVE
tile_2156.jpg,122736,83785,0.6826,42441,1,crack+chip,encaustic,grey_pvc,2156,0.3196,REJECT
tile_2157.jpg,96446,96446,1.0000,0,0,none,encaustic,green_pvc,2157,0.3679,APPROVE
tile_2158.jpg,62382,62382,1.0000,0,0,none,concrete,green_pvc,2158,0.2380,APPROVE
tile_2159.jpg,58708,56378,0.9603,482,1,crack,terracotta,white_pu,2159,0.2151,APPROVE
tile_2160.jpg,83933,43093,0.5134,14770,1,crack,glazed,black_rubber,2160,0.1644,REJECT
tile_2161.jpg,27778,21675,0.7803,15073,1,shatter,terracotta,black_rubber,2161,0.0827,REJECT
tile_2162.jpg,83756,83756,1.0000,0,0,none,encaustic,blue_pu,2162,0.3195,APPROVE
tile_2163.jpg,36895,36895,1.0000,0,0,none,stone,white_pu,2163,0.1407,APPROVE
tile_2164.jpg,54391,48273,0.8875,11090,1,chip,glazed,black_rubber,2164,0.1841,APPROVE
tile_2165.jpg,44279,20949,0.4731,8708,1,crack,glazed,white_pu,2165,0.0799,REJECT
tile_2166.jpg,72555,49629,0.6840,52664,1,chip,marble,black_rubber,2166,0.1893,REJECT
tile_2167.jpg,82655,82655,1.0000,0,0,none,marble,green_pvc,2167,0.3153,APPROVE
tile_2168.jpg,49190,22842,0.4644,39347,1,shatter,marble,grey_pvc,2168,0.0871,REJECT
tile_2169.jpg,20411,20411,1.0000,0,0,none,terracotta,blue_pu,2169,0.0779,APPROVE
tile_2170.jpg,39565,37280,0.9422,982,1,crack+chip,stone,black_rubber,2170,0.1422,APPROVE
tile_2171.jpg,21209,12736,0.6005,19481,1,shatter,concrete,black_rubber,2171,0.0486,REJECT
tile_2172.jpg,92184,52271,0.5670,29622,1,crack+chip,glazed,green_pvc,2172,0.1994,REJECT
tile_2173.jpg,36076,36076,1.0000,0,0,none,glazed,black_rubber,2173,0.1376,APPROVE
tile_2174.jpg,55454,55454,1.0000,0,0,none,encaustic,black_rubber,2174,0.2115,APPROVE
tile_2175.jpg,51655,47814,0.9256,884,1,crack,concrete,green_pvc,2175,0.1824,APPROVE
tile_2176.jpg,65789,42451,0.6453,53991,1,chip,encaustic,blue_pu,2176,0.1619,REJECT
tile_2177.jpg,36050,28180,0.7817,12062,1,shatter,terracotta,green_pvc,2177,0.1075,REJECT
tile_2178.jpg,93197,40866,0.4385,82665,1,crack+chip,encaustic,white_pu,2178,0.1559,REJECT
tile_2179.jpg,39676,31688,0.7987,16907,1,shatter,stone,grey_pvc,2179,0.1209,REJECT
tile_2180.jpg,37357,37357,1.0000,0,0,none,concrete,blue_pu,2180,0.1425,APPROVE
tile_2181.jpg,48959,39645,0.8098,9920,1,shatter,stone,blue_pu,2181,0.1512,REJECT
tile_2182.jpg,34349,24756,0.7207,37359,1,shatter,stone,grey_pvc,2182,0.0944,REJECT
tile_2183.jpg,43126,43126,1.0000,0,0,none,terracotta,grey_pvc,2183,0.1645,APPROVE
tile_2184.jpg,66290,64105,0.9670,1629,1,crack+chip,terracotta,green_pvc,2184,0.2445,APPROVE
tile_2185.jpg,121164,87262,0.7202,19236,1,crack+chip,encaustic,blue_pu,2185,0.3329,REJECT
tile_2186.jpg,49726,47040,0.9460,5331,1,chip,concrete,black_rubber,2186,0.1794,APPROVE
tile_2187.jpg,59846,42828,0.7156,10442,1,crack+chip,terracotta,green_pvc,2187,0.1634,REJECT
tile_2188.jpg,77887,77887,1.0000,0,0,none,glazed,black_rubber,2188,0.2971,APPROVE
tile_2189.jpg,50188,50188,1.0000,0,0,none,terracotta,black_rubber,2189,0.1915,APPROVE
tile_2190.jpg,57366,46020,0.8022,13468,1,shatter,marble,black_rubber,2190,0.1756,REJECT
tile_2191.jpg,29326,22611,0.7710,3396,1,crack,concrete,black_rubber,2191,0.0863,REJECT
tile_2192.jpg,71949,57495,0.7991,4353,1,crack,stone,blue_pu,2192,0.2193,REJECT
tile_2193.jpg,79524,79524,1.0000,0,0,none,glazed,black_rubber,2193,0.3034,APPROVE
tile_2194.jpg,48144,48144,1.0000,0,0,none,glazed,grey_pvc,2194,0.1837,APPROVE
tile_2195.jpg,56749,40522,0.7141,26107,1,shatter,terracotta,grey_pvc,2195,0.1546,REJECT
tile_2196.jpg,89096,89096,1.0000,0,0,none,terracotta,green_pvc,2196,0.3399,APPROVE
tile_2197.jpg,55128,31144,0.5649,75511,1,shatter,terracotta,black_rubber,2197,0.1188,REJECT
tile_2198.jpg,53655,53655,1.0000,0,0,none,encaustic,black_rubber,2198,0.2047,APPROVE
tile_2199.jpg,59574,48877,0.8204,2295,1,crack,glazed,green_pvc,2199,0.1865,REJECT
tile_2200.jpg,30748,22626,0.7359,7947,1,chip,glazed,black_rubber,2200,0.0863,REJECT
tile_2201.jpg,51022,51022,1.0000,0,0,none,terracotta,black_rubber,2201,0.1946,APPROVE
tile_2202.jpg,65669,47292,0.7202,45085,1,shatter,marble,black_rubber,2202,0.1804,REJECT
tile_2203.jpg,146245,98508,0.6736,9541,1,crack,encaustic,black_rubber,2203,0.3758,REJECT
tile_2204.jpg,36232,19229,0.5307,26399,1,chip,terracotta,green_pvc,2204,0.0734,REJECT
tile_2205.jpg,85707,85707,1.0000,0,0,none,encaustic,black_rubber,2205,0.3269,APPROVE
tile_2206.jpg,158144,158144,1.0000,0,0,none,encaustic,blue_pu,2206,0.6033,APPROVE
tile_2207.jpg,143898,82169,0.5710,13619,1,crack,terracotta,green_pvc,2207,0.3134,REJECT
tile_2208.jpg,43863,18796,0.4285,9339,1,crack,terracotta,black_rubber,2208,0.0717,REJECT
tile_2209.jpg,22680,22680,1.0000,0,0,none,concrete,green_pvc,2209,0.0865,APPROVE
tile_2210.jpg,46236,46236,1.0000,0,0,none,marble,blue_pu,2210,0.1764,APPROVE
tile_2211.jpg,49619,28389,0.5721,23720,1,shatter,encaustic,green_pvc,2211,0.1083,REJECT
tile_2212.jpg,77821,70074,0.9005,8092,1,chip,stone,white_pu,2212,0.2673,APPROVE
tile_2213.jpg,91558,71872,0.7850,6179,1,crack+chip,concrete,green_pvc,2213,0.2742,REJECT
tile_2214.jpg,76678,76678,1.0000,0,0,none,marble,grey_pvc,2214,0.2925,APPROVE
tile_2215.jpg,62465,44294,0.7091,6323,1,crack,glazed,grey_pvc,2215,0.1690,REJECT
tile_2216.jpg,47918,31007,0.6471,18152,1,chip,glazed,grey_pvc,2216,0.1183,REJECT
tile_2217.jpg,27549,21841,0.7928,2733,1,crack,marble,white_pu,2217,0.0833,REJECT
tile_2218.jpg,162421,133026,0.8190,6938,1,crack,terracotta,white_pu,2218,0.5075,REJECT
tile_2219.jpg,49061,39831,0.8119,2063,1,crack,encaustic,white_pu,2219,0.1519,REJECT
tile_2220.jpg,56471,26774,0.4741,11479,1,crack,encaustic,green_pvc,2220,0.1021,REJECT
tile_2221.jpg,118349,118349,1.0000,0,0,none,encaustic,black_rubber,2221,0.4515,APPROVE
tile_2222.jpg,56973,21737,0.3815,12702,1,crack,concrete,green_pvc,2222,0.0829,REJECT
tile_2223.jpg,142239,142239,1.0000,0,0,none,encaustic,grey_pvc,2223,0.5426,APPROVE
tile_2224.jpg,90104,85377,0.9475,3406,1,chip,terracotta,green_pvc,2224,0.3257,APPROVE
tile_2225.jpg,71536,60159,0.8410,7805,1,crack+chip,encaustic,black_rubber,2225,0.2295,REJECT
tile_2226.jpg,128243,78004,0.6083,51442,1,chip,stone,black_rubber,2226,0.2976,REJECT
tile_2227.jpg,70896,57272,0.8078,23195,1,chip,terracotta,white_pu,2227,0.2185,REJECT
tile_2228.jpg,161106,161106,1.0000,0,0,none,stone,black_rubber,2228,0.6146,APPROVE
tile_2229.jpg,68262,68262,1.0000,0,0,none,glazed,black_rubber,2229,0.2604,APPROVE
tile_2230.jpg,85098,85098,1.0000,0,0,none,terracotta,white_pu,2230,0.3246,APPROVE
tile_2231.jpg,49379,28591,0.5790,38942,1,shatter,glazed,black_rubber,2231,0.1091,REJECT
tile_2232.jpg,58800,44417,0.7554,4570,1,crack,marble,grey_pvc,2232,0.1694,REJECT
tile_2233.jpg,42708,38890,0.9106,1534,1,crack+chip,marble,black_rubber,2233,0.1484,APPROVE
tile_2234.jpg,84485,84485,1.0000,0,0,none,marble,blue_pu,2234,0.3223,APPROVE
tile_2235.jpg,57325,24633,0.4297,11250,1,crack,concrete,blue_pu,2235,0.0940,REJECT
tile_2236.jpg,86285,82455,0.9556,11156,1,chip,encaustic,grey_pvc,2236,0.3145,APPROVE
tile_2237.jpg,136240,81454,0.5979,47125,1,shatter,marble,grey_pvc,2237,0.3107,REJECT
tile_2238.jpg,54119,48108,0.8889,3008,1,crack+chip,concrete,blue_pu,2238,0.1835,APPROVE
tile_2239.jpg,67599,65053,0.9623,1336,1,chip,stone,grey_pvc,2239,0.2482,APPROVE
tile_2240.jpg,115322,115322,1.0000,0,0,none,terracotta,green_pvc,2240,0.4399,APPROVE
tile_2241.jpg,58757,29595,0.5037,35317,1,crack+chip,encaustic,blue_pu,2241,0.1129,REJECT
tile_2242.jpg,123871,123871,1.0000,0,0,none,glazed,black_rubber,2242,0.4725,APPROVE
tile_2243.jpg,63276,63276,1.0000,0,0,none,stone,black_rubber,2243,0.2414,APPROVE
tile_2244.jpg,66535,66535,1.0000,0,0,none,concrete,white_pu,2244,0.2538,APPROVE
tile_2245.jpg,141371,141371,1.0000,0,0,none,terracotta,black_rubber,2245,0.5393,APPROVE
tile_2246.jpg,60490,44569,0.7368,6048,1,crack,glazed,white_pu,2246,0.1700,REJECT
tile_2247.jpg,67897,45726,0.6735,8196,1,crack,glazed,black_rubber,2247,0.1744,REJECT
tile_2248.jpg,26077,18094,0.6939,4080,1,crack,concrete,black_rubber,2248,0.0690,REJECT
tile_2249.jpg,67174,67174,1.0000,0,0,none,glazed,black_rubber,2249,0.2562,APPROVE
tile_2250.jpg,79035,62071,0.7854,11825,1,crack+chip,glazed,grey_pvc,2250,0.2368,REJECT
tile_2251.jpg,61795,61795,1.0000,0,0,none,marble,blue_pu,2251,0.2357,APPROVE
tile_2252.jpg,77497,74713,0.9641,753,1,crack,stone,white_pu,2252,0.2850,APPROVE
tile_2253.jpg,34958,34958,1.0000,0,0,none,terracotta,black_rubber,2253,0.1334,APPROVE
tile_2254.jpg,22574,16199,0.7176,39411,1,chip,encaustic,black_rubber,2254,0.0618,REJECT
tile_2255.jpg,50690,38829,0.7660,38037,1,shatter,stone,green_pvc,2255,0.1481,REJECT
tile_2256.jpg,60625,29182,0.4814,53409,1,chip,glazed,black_rubber,2256,0.1113,REJECT
tile_2257.jpg,139974,126699,0.9052,12842,1,chip,marble,black_rubber,2257,0.4833,APPROVE
tile_2258.jpg,87553,80259,0.9167,3542,1,crack+chip,glazed,white_pu,2258,0.3062,APPROVE
tile_2259.jpg,28969,20983,0.7243,11686,1,shatter,stone,grey_pvc,2259,0.0800,REJECT
tile_2260.jpg,41484,28597,0.6894,28110,1,shatter,glazed,green_pvc,2260,0.1091,REJECT
tile_2261.jpg,42866,31909,0.7444,6960,1,shatter,stone,black_rubber,2261,0.1217,REJECT
tile_2262.jpg,62032,35477,0.5719,10704,1,crack,terracotta,black_rubber,2262,0.1353,REJECT
tile_2263.jpg,54881,54881,1.0000,0,0,none,stone,black_rubber,2263,0.2094,APPROVE
tile_2264.jpg,111865,77497,0.6928,8307,1,crack,terracotta,black_rubber,2264,0.2956,REJECT
tile_2265.jpg,168830,168830,1.0000,0,0,none,glazed,black_rubber,2265,0.6440,APPROVE
tile_2266.jpg,125961,114088,0.9057,9367,1,chip,terracotta,black_rubber,2266,0.4352,APPROVE
tile_2267.jpg,31382,16622,0.5297,6445,1,crack,terracotta,green_pvc,2267,0.0634,REJECT
tile_2268.jpg,134371,116357,0.8659,4072,1,crack+chip,concrete,black_rubber,2268,0.4439,APPROVE
tile_2269.jpg,46532,34609,0.7438,33925,1,shatter,concrete,black_rubber,2269,0.1320,REJECT
tile_2270.jpg,85087,64801,0.7616,4933,1,crack,glazed,black_rubber,2270,0.2472,REJECT
tile_2271.jpg,63928,31043,0.4856,70001,1,crack+chip,encaustic,black_rubber,2271,0.1184,REJECT
tile_2272.jpg,113509,113509,1.0000,0,0,none,terracotta,blue_pu,2272,0.4330,APPROVE
tile_2273.jpg,105684,59887,0.5667,72171,1,shatter,encaustic,blue_pu,2273,0.2285,REJECT
tile_2274.jpg,71520,55589,0.7773,3098,1,crack,concrete,green_pvc,2274,0.2121,REJECT
tile_2275.jpg,47398,47398,1.0000,0,0,none,stone,black_rubber,2275,0.1808,APPROVE
tile_2276.jpg,46120,42344,0.9181,7940,1,chip,stone,green_pvc,2276,0.1615,APPROVE
tile_2277.jpg,66620,62948,0.9449,8923,1,chip,concrete,white_pu,2277,0.2401,APPROVE
tile_2278.jpg,27492,27492,1.0000,0,0,none,stone,white_pu,2278,0.1049,APPROVE
tile_2279.jpg,125159,118022,0.9430,4658,1,chip,glazed,blue_pu,2279,0.4502,APPROVE
tile_2280.jpg,141629,141629,1.0000,0,0,none,concrete,grey_pvc,2280,0.5403,APPROVE
tile_2281.jpg,92536,55926,0.6044,9533,1,crack,encaustic,black_rubber,2281,0.2133,REJECT
tile_2282.jpg,71819,59716,0.8315,29335,1,shatter,glazed,grey_pvc,2282,0.2278,REJECT
tile_2283.jpg,38614,27493,0.7120,3982,1,crack,marble,black_rubber,2283,0.1049,REJECT
tile_2284.jpg,39332,36872,0.9375,759,1,crack,stone,white_pu,2284,0.1407,APPROVE
tile_2285.jpg,151801,151801,1.0000,0,0,none,terracotta,green_pvc,2285,0.5791,APPROVE
tile_2286.jpg,79316,26185,0.3301,45785,1,crack+chip,terracotta,black_rubber,2286,0.0999,REJECT
tile_2287.jpg,75292,64800,0.8606,42490,1,chip,encaustic,grey_pvc,2287,0.2472,APPROVE
tile_2288.jpg,75662,62833,0.8304,3119,1,crack,encaustic,green_pvc,2288,0.2397,REJECT
tile_2289.jpg,71891,71891,1.0000,0,0,none,glazed,green_pvc,2289,0.2742,APPROVE
tile_2290.jpg,59491,32583,0.5477,44291,1,shatter,encaustic,black_rubber,2290,0.1243,REJECT
tile_2291.jpg,50273,29830,0.5934,6406,1,crack,marble,black_rubber,2291,0.1138,REJECT
tile_2292.jpg,83450,61773,0.7402,7213,1,crack,concrete,grey_pvc,2292,0.2356,REJECT
tile_2293.jpg,13425,9510,0.7084,8747,1,crack+chip,glazed,black_rubber,2293,0.0363,REJECT
tile_2294.jpg,117170,60077,0.5127,16962,1,crack,terracotta,green_pvc,2294,0.2292,REJECT
tile_2295.jpg,50249,43432,0.8643,8033,1,shatter,concrete,green_pvc,2295,0.1657,APPROVE
tile_2296.jpg,129939,120938,0.9307,1396,1,crack,encaustic,black_rubber,2296,0.4613,APPROVE
tile_2297.jpg,67057,59622,0.8891,1959,1,crack,terracotta,green_pvc,2297,0.2274,APPROVE
tile_2298.jpg,50785,33567,0.6610,29045,1,shatter,terracotta,black_rubber,2298,0.1280,REJECT
tile_2299.jpg,29653,27137,0.9152,12424,1,chip,encaustic,blue_pu,2299,0.1035,APPROVE
tile_2300.jpg,87470,87470,1.0000,0,0,none,terracotta,black_rubber,2300,0.3337,APPROVE
tile_2301.jpg,89271,89271,1.0000,0,0,none,terracotta,white_pu,2301,0.3405,APPROVE
tile_2302.jpg,52563,52563,1.0000,0,0,none,stone,green_pvc,2302,0.2005,APPROVE
tile_2303.jpg,92098,70029,0.7604,6838,1,crack,marble,white_pu,2303,0.2671,REJECT
tile_2304.jpg,58387,58387,1.0000,0,0,none,marble,blue_pu,2304,0.2227,APPROVE
tile_2305.jpg,37098,37098,1.0000,0,0,none,glazed,black_rubber,2305,0.1415,APPROVE
tile_2306.jpg,39968,34002,0.8507,3033,1,crack+chip,encaustic,blue_pu,2306,0.1297,APPROVE
tile_2307.jpg,82308,78163,0.9496,3407,1,chip,stone,grey_pvc,2307,0.2982,APPROVE
tile_2308.jpg,48146,48146,1.0000,0,0,none,concrete,grey_pvc,2308,0.1837,APPROVE
tile_2309.jpg,103838,81684,0.7866,14965,1,crack+chip,terracotta,blue_pu,2309,0.3116,REJECT
tile_2310.jpg,136574,124465,0.9113,4352,1,crack+chip,stone,grey_pvc,2310,0.4748,APPROVE
tile_2311.jpg,43261,41680,0.9635,3320,1,chip,stone,grey_pvc,2311,0.1590,APPROVE
tile_2312.jpg,48538,39172,0.8070,3083,1,crack,concrete,green_pvc,2312,0.1494,REJECT
tile_2313.jpg,88470,88470,1.0000,0,0,none,terracotta,black_rubber,2313,0.3375,APPROVE
tile_2314.jpg,53740,53740,1.0000,0,0,none,marble,black_rubber,2314,0.2050,APPROVE
tile_2315.jpg,117975,116111,0.9842,6780,1,chip,marble,black_rubber,2315,0.4429,APPROVE
tile_2316.jpg,80636,80636,1.0000,0,0,none,encaustic,green_pvc,2316,0.3076,APPROVE
tile_2317.jpg,86141,39424,0.4577,60537,1,crack+chip,marble,grey_pvc,2317,0.1504,REJECT
tile_2318.jpg,43725,19834,0.4536,31368,1,chip,terracotta,black_rubber,2318,0.0757,REJECT
tile_2319.jpg,85329,55336,0.6485,9384,1,crack,glazed,green_pvc,2319,0.2111,REJECT
tile_2320.jpg,89872,80885,0.9000,4651,1,crack+chip,concrete,black_rubber,2320,0.3086,APPROVE
tile_2321.jpg,52178,29577,0.5668,7833,1,crack,glazed,green_pvc,2321,0.1128,REJECT
tile_2322.jpg,42988,42988,1.0000,0,0,none,glazed,green_pvc,2322,0.1640,APPROVE
tile_2323.jpg,65181,57042,0.8751,2383,1,crack,terracotta,blue_pu,2323,0.2176,APPROVE
tile_2324.jpg,90461,58921,0.6513,57217,1,crack+chip,encaustic,green_pvc,2324,0.2248,REJECT
tile_2325.jpg,50966,50966,1.0000,0,0,none,concrete,black_rubber,2325,0.1944,APPROVE
tile_2326.jpg,166862,147800,0.8858,2753,1,crack,glazed,black_rubber,2326,0.5638,APPROVE
tile_2327.jpg,27327,25391,0.9292,881,1,crack+chip,glazed,black_rubber,2327,0.0969,APPROVE
tile_2328.jpg,97679,58709,0.6010,10479,1,crack,encaustic,blue_pu,2328,0.2240,REJECT
tile_2329.jpg,58044,52770,0.9091,7647,1,chip,concrete,white_pu,2329,0.2013,APPROVE
tile_2330.jpg,47517,42009,0.8841,32852,1,chip,stone,green_pvc,2330,0.1603,APPROVE
tile_2331.jpg,66130,66130,1.0000,0,0,none,glazed,grey_pvc,2331,0.2523,APPROVE
tile_2332.jpg,148602,86284,0.5806,40143,1,crack+chip,encaustic,white_pu,2332,0.3291,REJECT
tile_2333.jpg,170449,123765,0.7261,17635,1,crack+chip,glazed,white_pu,2333,0.4721,REJECT
tile_2334.jpg,157470,157470,1.0000,0,0,none,encaustic,black_rubber,2334,0.6007,APPROVE
tile_2335.jpg,86457,49050,0.5673,11135,1,crack,stone,green_pvc,2335,0.1871,REJECT
tile_2336.jpg,49967,46118,0.9230,1105,1,crack,glazed,white_pu,2336,0.1759,APPROVE
tile_2337.jpg,109143,61896,0.5671,11962,1,crack,encaustic,grey_pvc,2337,0.2361,REJECT
tile_2338.jpg,73113,73113,1.0000,0,0,none,terracotta,green_pvc,2338,0.2789,APPROVE
tile_2339.jpg,93405,93405,1.0000,0,0,none,glazed,white_pu,2339,0.3563,APPROVE
tile_2340.jpg,54160,54160,1.0000,0,0,none,marble,black_rubber,2340,0.2066,APPROVE
tile_2341.jpg,68743,45456,0.6612,28302,1,chip,terracotta,white_pu,2341,0.1734,REJECT
tile_2342.jpg,46659,46659,1.0000,0,0,none,terracotta,white_pu,2342,0.1780,APPROVE
tile_2343.jpg,55992,28564,0.5101,9312,1,crack,terracotta,grey_pvc,2343,0.1090,REJECT
tile_2344.jpg,43007,34603,0.8046,3238,1,crack,marble,grey_pvc,2344,0.1320,REJECT
tile_2345.jpg,111699,94289,0.8441,23097,1,chip,marble,green_pvc,2345,0.3597,REJECT
tile_2346.jpg,117048,62770,0.5363,82716,1,chip,terracotta,black_rubber,2346,0.2394,REJECT
tile_2347.jpg,20931,17116,0.8177,4032,1,crack+chip,terracotta,green_pvc,2347,0.0653,REJECT
tile_2348.jpg,98794,63184,0.6396,8829,1,crack,glazed,black_rubber,2348,0.2410,REJECT
tile_2349.jpg,23614,23614,1.0000,0,0,none,concrete,black_rubber,2349,0.0901,APPROVE
tile_2350.jpg,78860,78860,1.0000,0,0,none,glazed,grey_pvc,2350,0.3008,APPROVE
tile_2351.jpg,85477,85477,1.0000,0,0,none,concrete,black_rubber,2351,0.3261,APPROVE
tile_2352.jpg,114929,102711,0.8937,3859,1,crack+chip,encaustic,blue_pu,2352,0.3918,APPROVE
tile_2353.jpg,41942,33140,0.7901,10010,1,crack+chip,marble,black_rubber,2353,0.1264,REJECT
tile_2354.jpg,25853,14733,0.5699,15001,1,crack+chip,glazed,grey_pvc,2354,0.0562,REJECT
tile_2355.jpg,134094,134094,1.0000,0,0,none,encaustic,black_rubber,2355,0.5115,APPROVE
tile_2356.jpg,131064,90149,0.6878,9272,1,crack,encaustic,blue_pu,2356,0.3439,REJECT
tile_2357.jpg,64422,64422,1.0000,0,0,none,encaustic,blue_pu,2357,0.2458,APPROVE
tile_2358.jpg,51277,49864,0.9724,1827,1,chip,marble,white_pu,2358,0.1902,APPROVE
tile_2359.jpg,70092,70092,1.0000,0,0,none,marble,black_rubber,2359,0.2674,APPROVE
tile_2360.jpg,121466,110632,0.9108,8082,1,crack+chip,encaustic,green_pvc,2360,0.4220,APPROVE
tile_2361.jpg,35928,24816,0.6907,13601,1,chip,stone,grey_pvc,2361,0.0947,REJECT
tile_2362.jpg,128288,125438,0.9778,1383,1,chip,terracotta,green_pvc,2362,0.4785,APPROVE
tile_2363.jpg,91997,79977,0.8693,36195,1,shatter,encaustic,blue_pu,2363,0.3051,APPROVE
tile_2364.jpg,100181,100181,1.0000,0,0,none,terracotta,white_pu,2364,0.3822,APPROVE
tile_2365.jpg,62813,35207,0.5605,34274,1,crack+chip,terracotta,black_rubber,2365,0.1343,REJECT
tile_2366.jpg,46399,46399,1.0000,0,0,none,marble,green_pvc,2366,0.1770,APPROVE
tile_2367.jpg,121580,121580,1.0000,0,0,none,stone,green_pvc,2367,0.4638,APPROVE
tile_2368.jpg,87613,82865,0.9458,5150,1,chip,marble,black_rubber,2368,0.3161,APPROVE
tile_2369.jpg,117213,117213,1.0000,0,0,none,marble,black_rubber,2369,0.4471,APPROVE
tile_2370.jpg,81086,46062,0.5681,12177,1,crack,stone,black_rubber,2370,0.1757,REJECT
tile_2371.jpg,46612,46612,1.0000,0,0,none,encaustic,blue_pu,2371,0.1778,APPROVE
tile_2372.jpg,25511,25511,1.0000,0,0,none,terracotta,green_pvc,2372,0.0973,APPROVE
tile_2373.jpg,53141,53141,1.0000,0,0,none,terracotta,green_pvc,2373,0.2027,APPROVE
tile_2374.jpg,143366,143366,1.0000,0,0,none,concrete,blue_pu,2374,0.5469,APPROVE
tile_2375.jpg,62350,62350,1.0000,0,0,none,encaustic,black_rubber,2375,0.2378,APPROVE
tile_2376.jpg,76475,72400,0.9467,756,1,crack,encaustic,blue_pu,2376,0.2762,APPROVE
tile_2377.jpg,47444,47444,1.0000,0,0,none,terracotta,black_rubber,2377,0.1810,APPROVE
tile_2378.jpg,54425,37644,0.6917,36181,1,shatter,stone,black_rubber,2378,0.1436,REJECT
tile_2379.jpg,103448,103448,1.0000,0,0,none,marble,white_pu,2379,0.3946,APPROVE
tile_2380.jpg,100051,72564,0.7253,17630,1,crack+chip,stone,green_pvc,2380,0.2768,REJECT
tile_2381.jpg,29861,11186,0.3746,41720,1,crack+chip,encaustic,black_rubber,2381,0.0427,REJECT
tile_2382.jpg,131675,131675,1.0000,0,0,none,encaustic,grey_pvc,2382,0.5023,APPROVE
tile_2383.jpg,37450,30943,0.8262,2231,1,crack,concrete,grey_pvc,2383,0.1180,REJECT
tile_2384.jpg,171247,171247,1.0000,0,0,none,encaustic,white_pu,2384,0.6533,APPROVE
tile_2385.jpg,72689,33019,0.4543,12598,1,crack,glazed,black_rubber,2385,0.1260,REJECT
tile_2386.jpg,32648,32648,1.0000,0,0,none,terracotta,white_pu,2386,0.1245,APPROVE
tile_2387.jpg,132833,132833,1.0000,0,0,none,glazed,black_rubber,2387,0.5067,APPROVE
tile_2388.jpg,54182,42997,0.7936,3931,1,crack,terracotta,green_pvc,2388,0.1640,REJECT
tile_2389.jpg,32940,32940,1.0000,0,0,none,terracotta,grey_pvc,2389,0.1257,APPROVE
tile_2390.jpg,42158,37340,0.8857,1618,1,crack,marble,blue_pu,2390,0.1424,APPROVE
tile_2391.jpg,23273,19037,0.8180,9898,1,chip,concrete,green_pvc,2391,0.0726,REJECT
tile_2392.jpg,37068,23725,0.6400,15747,1,crack+chip,stone,grey_pvc,2392,0.0905,REJECT
tile_2393.jpg,85224,85224,1.0000,0,0,none,marble,green_pvc,2393,0.3251,APPROVE
tile_2394.jpg,65419,55834,0.8535,3094,1,crack+chip,encaustic,white_pu,2394,0.2130,APPROVE
tile_2395.jpg,34570,27496,0.7954,2850,1,crack,marble,grey_pvc,2395,0.1049,REJECT
tile_2396.jpg,68763,53521,0.7783,3940,1,crack,terracotta,black_rubber,2396,0.2042,REJECT
tile_2397.jpg,50774,50774,1.0000,0,0,none,terracotta,green_pvc,2397,0.1937,APPROVE
tile_2398.jpg,45508,45011,0.9891,310,1,chip,terracotta,green_pvc,2398,0.1717,APPROVE
tile_2399.jpg,48868,42434,0.8683,4363,1,shatter,encaustic,grey_pvc,2399,0.1619,APPROVE
tile_2400.jpg,74846,70137,0.9371,20876,1,chip,encaustic,black_rubber,2400,0.2676,APPROVE
tile_2401.jpg,49679,49679,1.0000,0,0,none,glazed,black_rubber,2401,0.1895,APPROVE
tile_2402.jpg,120194,120194,1.0000,0,0,none,marble,blue_pu,2402,0.4585,APPROVE
tile_2403.jpg,59024,44838,0.7597,16162,1,chip,marble,black_rubber,2403,0.1710,REJECT
tile_2404.jpg,46162,38381,0.8314,9121,1,shatter,glazed,black_rubber,2404,0.1464,REJECT
tile_2405.jpg,92213,84671,0.9182,47812,1,chip,encaustic,black_rubber,2405,0.3230,APPROVE
tile_2406.jpg,50730,47194,0.9303,17986,1,chip,concrete,black_rubber,2406,0.1800,APPROVE
tile_2407.jpg,95790,64364,0.6719,8191,1,crack,glazed,blue_pu,2407,0.2455,REJECT
tile_2408.jpg,31550,24260,0.7689,2714,1,crack,glazed,grey_pvc,2408,0.0925,REJECT
tile_2409.jpg,23688,23688,1.0000,0,0,none,glazed,green_pvc,2409,0.0904,APPROVE
tile_2410.jpg,28011,26386,0.9420,12651,1,chip,marble,black_rubber,2410,0.1007,APPROVE
tile_2411.jpg,79347,79347,1.0000,0,0,none,encaustic,green_pvc,2411,0.3027,APPROVE
tile_2412.jpg,155243,155243,1.0000,0,0,none,stone,blue_pu,2412,0.5922,APPROVE
tile_2413.jpg,73199,36319,0.4962,81071,1,shatter,encaustic,white_pu,2413,0.1385,REJECT
tile_2414.jpg,47037,45128,0.9594,608,1,crack,terracotta,white_pu,2414,0.1721,APPROVE
tile_2415.jpg,45184,38644,0.8553,1798,1,crack,glazed,blue_pu,2415,0.1474,APPROVE
tile_2416.jpg,87632,87632,1.0000,0,0,none,glazed,white_pu,2416,0.3343,APPROVE
tile_2417.jpg,56545,56545,1.0000,0,0,none,terracotta,blue_pu,2417,0.2157,APPROVE
tile_2418.jpg,28491,19191,0.6736,7102,1,crack+chip,glazed,green_pvc,2418,0.0732,REJECT
tile_2419.jpg,80203,80203,1.0000,0,0,none,marble,grey_pvc,2419,0.3060,APPROVE
tile_2420.jpg,48696,48696,1.0000,0,0,none,terracotta,white_pu,2420,0.1858,APPROVE
tile_2421.jpg,153956,153956,1.0000,0,0,none,encaustic,grey_pvc,2421,0.5873,APPROVE
tile_2422.jpg,112271,112271,1.0000,0,0,none,encaustic,grey_pvc,2422,0.4283,APPROVE
tile_2423.jpg,67214,49577,0.7376,57238,1,shatter,terracotta,black_rubber,2423,0.1891,REJECT
tile_2424.jpg,65271,65076,0.9970,219,1,chip,glazed,grey_pvc,2424,0.2482,APPROVE
tile_2425.jpg,24997,21229,0.8493,2499,1,crack+chip,glazed,grey_pvc,2425,0.0810,REJECT
tile_2426.jpg,39872,34331,0.8610,2142,1,crack,glazed,green_pvc,2426,0.1310,APPROVE
tile_2427.jpg,68075,46413,0.6818,15617,1,crack+chip,stone,grey_pvc,2427,0.1771,REJECT
tile_2428.jpg,81743,81743,1.0000,0,0,none,terracotta,white_pu,2428,0.3118,APPROVE
tile_2429.jpg,64754,64754,1.0000,0,0,none,terracotta,blue_pu,2429,0.2470,APPROVE
tile_2430.jpg,46330,46330,1.0000,0,0,none,terracotta,grey_pvc,2430,0.1767,APPROVE
tile_2431.jpg,72316,34156,0.4723,13592,1,crack,glazed,grey_pvc,2431,0.1303,REJECT
tile_2432.jpg,87160,87160,1.0000,0,0,none,marble,grey_pvc,2432,0.3325,APPROVE
tile_2433.jpg,75985,75985,1.0000,0,0,none,glazed,blue_pu,2433,0.2899,APPROVE
tile_2434.jpg,24215,15858,0.6549,29868,1,shatter,terracotta,black_rubber,2434,0.0605,REJECT
tile_2435.jpg,39004,39004,1.0000,0,0,none,marble,black_rubber,2435,0.1488,APPROVE
tile_2436.jpg,67972,67972,1.0000,0,0,none,encaustic,black_rubber,2436,0.2593,APPROVE
tile_2437.jpg,39259,39259,1.0000,0,0,none,marble,green_pvc,2437,0.1498,APPROVE
tile_2438.jpg,19626,19626,1.0000,0,0,none,glazed,black_rubber,2438,0.0749,APPROVE
tile_2439.jpg,152989,152989,1.0000,0,0,none,stone,black_rubber,2439,0.5836,APPROVE
tile_2440.jpg,81075,81075,1.0000,0,0,none,glazed,black_rubber,2440,0.3093,APPROVE
tile_2441.jpg,98233,91579,0.9323,3516,1,crack+chip,marble,grey_pvc,2441,0.3493,APPROVE
tile_2442.jpg,27987,27987,1.0000,0,0,none,terracotta,blue_pu,2442,0.1068,APPROVE
tile_2443.jpg,92465,46955,0.5078,99170,1,shatter,glazed,green_pvc,2443,0.1791,REJECT
tile_2444.jpg,65285,57623,0.8826,5291,1,chip,terracotta,black_rubber,2444,0.2198,APPROVE
tile_2445.jpg,44708,44708,1.0000,0,0,none,concrete,black_rubber,2445,0.1705,APPROVE
tile_2446.jpg,71076,24932,0.3508,29780,1,crack+chip,marble,blue_pu,2446,0.0951,REJECT
tile_2447.jpg,70319,70319,1.0000,0,0,none,terracotta,black_rubber,2447,0.2682,APPROVE
tile_2448.jpg,21627,12406,0.5736,4899,1,crack,marble,white_pu,2448,0.0473,REJECT
tile_2449.jpg,70784,70784,1.0000,0,0,none,stone,blue_pu,2449,0.2700,APPROVE
tile_2450.jpg,60971,53921,0.8844,1487,1,crack,stone,black_rubber,2450,0.2057,APPROVE
tile_2451.jpg,65484,57565,0.8791,2274,1,crack+chip,encaustic,grey_pvc,2451,0.2196,APPROVE
tile_2452.jpg,41691,34121,0.8184,5805,1,crack+chip,marble,green_pvc,2452,0.1302,REJECT
tile_2453.jpg,44915,31798,0.7080,8165,1,crack+chip,marble,black_rubber,2453,0.1213,REJECT
tile_2454.jpg,110382,47154,0.4272,17758,1,crack,concrete,white_pu,2454,0.1799,REJECT
tile_2455.jpg,55434,40278,0.7266,15238,1,chip,glazed,white_pu,2455,0.1536,REJECT
tile_2456.jpg,54599,54599,1.0000,0,0,none,glazed,white_pu,2456,0.2083,APPROVE
tile_2457.jpg,30195,22106,0.7321,3004,1,crack,stone,black_rubber,2457,0.0843,REJECT
tile_2458.jpg,103946,103946,1.0000,0,0,none,concrete,black_rubber,2458,0.3965,APPROVE
tile_2459.jpg,158042,158042,1.0000,0,0,none,encaustic,grey_pvc,2459,0.6029,APPROVE
tile_2460.jpg,55601,35286,0.6346,8426,1,crack,stone,blue_pu,2460,0.1346,REJECT
tile_2461.jpg,116114,116114,1.0000,0,0,none,glazed,black_rubber,2461,0.4429,APPROVE
tile_2462.jpg,133036,118199,0.8885,2652,1,crack,terracotta,green_pvc,2462,0.4509,APPROVE
tile_2463.jpg,51194,33380,0.6520,7204,1,crack,concrete,black_rubber,2463,0.1273,REJECT
tile_2464.jpg,86097,86097,1.0000,0,0,none,marble,black_rubber,2464,0.3284,APPROVE
tile_2465.jpg,35877,35877,1.0000,0,0,none,glazed,grey_pvc,2465,0.1369,APPROVE
tile_2466.jpg,114727,89333,0.7787,5023,1,crack,stone,black_rubber,2466,0.3408,REJECT
tile_2467.jpg,101397,87092,0.8589,29612,1,chip,encaustic,blue_pu,2467,0.3322,APPROVE
tile_2468.jpg,54697,47343,0.8656,10785,1,chip,glazed,black_rubber,2468,0.1806,APPROVE
tile_2469.jpg,96526,55675,0.5768,12367,1,crack,terracotta,black_rubber,2469,0.2124,REJECT
tile_2470.jpg,122860,105651,0.8599,34890,1,shatter,encaustic,black_rubber,2470,0.4030,APPROVE
tile_2471.jpg,138302,138302,1.0000,0,0,none,encaustic,grey_pvc,2471,0.5276,APPROVE
tile_2472.jpg,37424,34567,0.9237,1001,1,crack,concrete,black_rubber,2472,0.1319,APPROVE
tile_2473.jpg,26822,26822,1.0000,0,0,none,concrete,black_rubber,2473,0.1023,APPROVE
tile_2474.jpg,47088,47088,1.0000,0,0,none,stone,white_pu,2474,0.1796,APPROVE
tile_2475.jpg,29734,29734,1.0000,0,0,none,glazed,black_rubber,2475,0.1134,APPROVE
tile_2476.jpg,41198,41198,1.0000,0,0,none,stone,grey_pvc,2476,0.1572,APPROVE
tile_2477.jpg,50170,50170,1.0000,0,0,none,stone,blue_pu,2477,0.1914,APPROVE
tile_2478.jpg,132309,132309,1.0000,0,0,none,glazed,grey_pvc,2478,0.5047,APPROVE
tile_2479.jpg,109865,102607,0.9339,2031,1,crack+chip,concrete,green_pvc,2479,0.3914,APPROVE
tile_2480.jpg,38839,28153,0.7249,4071,1,crack,marble,green_pvc,2480,0.1074,REJECT
tile_2481.jpg,48053,38028,0.7914,3747,1,crack,glazed,green_pvc,2481,0.1451,REJECT
tile_2482.jpg,65898,65898,1.0000,0,0,none,marble,black_rubber,2482,0.2514,APPROVE
tile_2483.jpg,80729,80729,1.0000,0,0,none,terracotta,grey_pvc,2483,0.3080,APPROVE
tile_2484.jpg,66909,66909,1.0000,0,0,none,glazed,black_rubber,2484,0.2552,APPROVE
tile_2485.jpg,34659,21226,0.6124,11340,1,shatter,terracotta,grey_pvc,2485,0.0810,REJECT
tile_2486.jpg,117544,117544,1.0000,0,0,none,marble,black_rubber,2486,0.4484,APPROVE
tile_2487.jpg,188508,188508,1.0000,0,0,none,encaustic,black_rubber,2487,0.7191,APPROVE
tile_2488.jpg,150705,68678,0.4557,18297,1,crack,concrete,white_pu,2488,0.2620,REJECT
tile_2489.jpg,22631,22631,1.0000,0,0,none,glazed,white_pu,2489,0.0863,APPROVE
tile_2490.jpg,82722,82722,1.0000,0,0,none,marble,black_rubber,2490,0.3156,APPROVE
tile_2491.jpg,45384,45384,1.0000,0,0,none,stone,black_rubber,2491,0.1731,APPROVE
tile_2492.jpg,104532,83004,0.7941,17543,1,shatter,concrete,white_pu,2492,0.3166,REJECT
tile_2493.jpg,113279,78296,0.6912,9726,1,crack,glazed,green_pvc,2493,0.2987,REJECT
tile_2494.jpg,109685,68426,0.6238,10524,1,crack,encaustic,blue_pu,2494,0.2610,REJECT
tile_2495.jpg,100946,73128,0.7244,24610,1,shatter,stone,green_pvc,2495,0.2790,REJECT
tile_2496.jpg,75206,75206,1.0000,0,0,none,stone,blue_pu,2496,0.2869,APPROVE
tile_2497.jpg,68446,46766,0.6833,50674,1,chip,terracotta,green_pvc,2497,0.1784,REJECT
tile_2498.jpg,115447,61612,0.5337,65821,1,crack+chip,encaustic,black_rubber,2498,0.2350,REJECT
tile_2499.jpg,37552,29303,0.7803,3498,1,crack,glazed,grey_pvc,2499,0.1118,REJECT
tile_2500.jpg,47497,27775,0.5848,23389,1,shatter,marble,grey_pvc,2500,0.1060,REJECT
tile_2501.jpg,162052,78572,0.4849,37373,1,crack+chip,glazed,blue_pu,2501,0.2997,REJECT
tile_2502.jpg,38745,36621,0.9452,784,1,crack,glazed,black_rubber,2502,0.1397,APPROVE
tile_2503.jpg,70338,47741,0.6787,6371,1,crack,stone,black_rubber,2503,0.1821,REJECT
tile_2504.jpg,27638,19246,0.6964,5859,1,crack+chip,marble,green_pvc,2504,0.0734,REJECT
tile_2505.jpg,114425,114425,1.0000,0,0,none,concrete,black_rubber,2505,0.4365,APPROVE
tile_2506.jpg,121063,112743,0.9313,1332,1,crack,encaustic,green_pvc,2506,0.4301,APPROVE
tile_2507.jpg,71420,71420,1.0000,0,0,none,marble,black_rubber,2507,0.2724,APPROVE
tile_2508.jpg,87204,87204,1.0000,0,0,none,glazed,grey_pvc,2508,0.3327,APPROVE
tile_2509.jpg,179326,168888,0.9418,7730,1,chip,marble,blue_pu,2509,0.6443,APPROVE
tile_2510.jpg,62329,40363,0.6476,18444,1,chip,encaustic,grey_pvc,2510,0.1540,REJECT
tile_2511.jpg,57842,57842,1.0000,0,0,none,stone,black_rubber,2511,0.2206,APPROVE
tile_2512.jpg,78521,64437,0.8206,20639,1,shatter,encaustic,black_rubber,2512,0.2458,REJECT
tile_2513.jpg,43069,43069,1.0000,0,0,none,encaustic,black_rubber,2513,0.1643,APPROVE
tile_2514.jpg,44126,23086,0.5232,8077,1,crack,glazed,blue_pu,2514,0.0881,REJECT
tile_2515.jpg,66490,48149,0.7242,22127,1,shatter,marble,green_pvc,2515,0.1837,REJECT
tile_2516.jpg,85468,84010,0.9829,3723,1,chip,glazed,black_rubber,2516,0.3205,APPROVE
tile_2517.jpg,81700,81700,1.0000,0,0,none,glazed,green_pvc,2517,0.3117,APPROVE
tile_2518.jpg,82228,48458,0.5893,11918,1,crack,concrete,grey_pvc,2518,0.1849,REJECT
tile_2519.jpg,10619,6623,0.6237,19537,1,shatter,glazed,white_pu,2519,0.0253,REJECT
tile_2520.jpg,39690,25591,0.6448,6255,1,crack,marble,black_rubber,2520,0.0976,REJECT
tile_2521.jpg,128106,108275,0.8452,16472,1,shatter,encaustic,green_pvc,2521,0.4130,REJECT
tile_2522.jpg,75661,70453,0.9312,1792,1,crack+chip,terracotta,grey_pvc,2522,0.2688,APPROVE
tile_2523.jpg,32979,32979,1.0000,0,0,none,glazed,black_rubber,2523,0.1258,APPROVE
tile_2524.jpg,31495,17118,0.5435,28489,1,chip,marble,black_rubber,2524,0.0653,REJECT
tile_2525.jpg,128774,112649,0.8748,20864,1,shatter,encaustic,green_pvc,2525,0.4297,APPROVE
tile_2526.jpg,66441,19064,0.2869,77532,1,crack+chip,marble,blue_pu,2526,0.0727,REJECT
tile_2527.jpg,28947,28947,1.0000,0,0,none,terracotta,grey_pvc,2527,0.1104,APPROVE
tile_2528.jpg,43204,43204,1.0000,0,0,none,terracotta,black_rubber,2528,0.1648,APPROVE
tile_2529.jpg,75447,75447,1.0000,0,0,none,terracotta,blue_pu,2529,0.2878,APPROVE
tile_2530.jpg,33341,19622,0.5885,23664,1,shatter,terracotta,black_rubber,2530,0.0749,REJECT
tile_2531.jpg,162717,162717,1.0000,0,0,none,terracotta,grey_pvc,2531,0.6207,APPROVE
tile_2532.jpg,162134,106039,0.6540,12246,1,crack,glazed,black_rubber,2532,0.4045,REJECT
tile_2533.jpg,42169,42169,1.0000,0,0,none,terracotta,grey_pvc,2533,0.1609,APPROVE
tile_2534.jpg,139091,104794,0.7534,7212,1,crack,glazed,black_rubber,2534,0.3998,REJECT
tile_2535.jpg,86477,64886,0.7503,7001,1,crack,concrete,black_rubber,2535,0.2475,REJECT
tile_2536.jpg,68104,51991,0.7634,4417,1,crack,terracotta,green_pvc,2536,0.1983,REJECT
tile_2537.jpg,66845,39407,0.5895,11786,1,crack,glazed,black_rubber,2537,0.1503,REJECT
tile_2538.jpg,47294,44924,0.9499,537,1,crack,encaustic,black_rubber,2538,0.1714,APPROVE
tile_2539.jpg,76640,60914,0.7948,8697,1,crack+chip,marble,white_pu,2539,0.2324,REJECT
tile_2540.jpg,61492,44463,0.7231,37999,1,chip,concrete,blue_pu,2540,0.1696,REJECT
tile_2541.jpg,66219,44472,0.6716,29330,1,chip,stone,black_rubber,2541,0.1696,REJECT
tile_2542.jpg,78107,74766,0.9572,1271,1,crack+chip,glazed,black_rubber,2542,0.2852,APPROVE
tile_2543.jpg,50256,36711,0.7305,7972,1,crack+chip,marble,black_rubber,2543,0.1400,REJECT
tile_2544.jpg,117016,117016,1.0000,0,0,none,encaustic,green_pvc,2544,0.4464,APPROVE
tile_2545.jpg,127889,127889,1.0000,0,0,none,marble,grey_pvc,2545,0.4879,APPROVE
tile_2546.jpg,23329,23329,1.0000,0,0,none,glazed,grey_pvc,2546,0.0890,APPROVE
tile_2547.jpg,26957,25172,0.9338,3133,1,chip,stone,black_rubber,2547,0.0960,APPROVE
tile_2548.jpg,36949,31451,0.8512,2042,1,crack,concrete,grey_pvc,2548,0.1200,APPROVE
tile_2549.jpg,101722,89773,0.8825,16240,1,chip,encaustic,blue_pu,2549,0.3425,APPROVE
tile_2550.jpg,76421,61311,0.8023,28726,1,chip,concrete,grey_pvc,2550,0.2339,REJECT
tile_2551.jpg,40690,32983,0.8106,2572,1,crack,concrete,blue_pu,2551,0.1258,REJECT
tile_2552.jpg,23571,23571,1.0000,0,0,none,glazed,green_pvc,2552,0.0899,APPROVE
tile_2553.jpg,122465,112581,0.9193,10768,1,chip,encaustic,blue_pu,2553,0.4295,APPROVE
tile_2554.jpg,42750,42750,1.0000,0,0,none,encaustic,black_rubber,2554,0.1631,APPROVE
tile_2555.jpg,128262,68668,0.5354,55743,1,shatter,concrete,blue_pu,2555,0.2619,REJECT
tile_2556.jpg,71421,67862,0.9502,4297,1,chip,marble,black_rubber,2556,0.2589,APPROVE
tile_2557.jpg,119683,107800,0.9007,1867,1,crack,stone,blue_pu,2557,0.4112,APPROVE
tile_2558.jpg,20908,11744,0.5617,31695,1,shatter,encaustic,green_pvc,2558,0.0448,REJECT
tile_2559.jpg,36500,22280,0.6104,26962,1,shatter,terracotta,black_rubber,2559,0.0850,REJECT
tile_2560.jpg,179599,179599,1.0000,0,0,none,encaustic,green_pvc,2560,0.6851,APPROVE
tile_2561.jpg,31845,31845,1.0000,0,0,none,glazed,white_pu,2561,0.1215,APPROVE
tile_2562.jpg,27735,27735,1.0000,0,0,none,terracotta,blue_pu,2562,0.1058,APPROVE
tile_2563.jpg,52447,43526,0.8299,23447,1,chip,glazed,green_pvc,2563,0.1660,REJECT
tile_2564.jpg,121057,121057,1.0000,0,0,none,marble,black_rubber,2564,0.4618,APPROVE
tile_2565.jpg,57061,54765,0.9598,7052,1,chip,encaustic,green_pvc,2565,0.2089,APPROVE
tile_2566.jpg,33969,30978,0.9119,50660,1,shatter,concrete,white_pu,2566,0.1182,APPROVE
tile_2567.jpg,25672,25672,1.0000,0,0,none,concrete,grey_pvc,2567,0.0979,APPROVE
tile_2568.jpg,26946,21713,0.8058,24698,1,shatter,stone,black_rubber,2568,0.0828,REJECT
tile_2569.jpg,53640,46966,0.8756,2840,1,crack+chip,glazed,green_pvc,2569,0.1792,APPROVE
tile_2570.jpg,107339,107339,1.0000,0,0,none,glazed,grey_pvc,2570,0.4095,APPROVE
tile_2571.jpg,33010,20796,0.6300,40414,1,crack+chip,concrete,white_pu,2571,0.0793,REJECT
tile_2572.jpg,107962,88850,0.8230,4559,1,crack,terracotta,black_rubber,2572,0.3389,REJECT
tile_2573.jpg,53950,40332,0.7476,43125,1,shatter,encaustic,green_pvc,2573,0.1539,REJECT
tile_2574.jpg,111758,45584,0.4079,82351,1,crack+chip,terracotta,white_pu,2574,0.1739,REJECT
tile_2575.jpg,75668,53719,0.7099,6033,1,crack,marble,white_pu,2575,0.2049,REJECT
tile_2576.jpg,36994,31114,0.8411,7280,1,shatter,terracotta,green_pvc,2576,0.1187,REJECT
tile_2577.jpg,22330,22330,1.0000,0,0,none,marble,black_rubber,2577,0.0852,APPROVE
tile_2578.jpg,159650,58712,0.3678,89428,1,chip,stone,black_rubber,2578,0.2240,REJECT
tile_2579.jpg,39622,29889,0.7544,16569,1,chip,stone,white_pu,2579,0.1140,REJECT
tile_2580.jpg,167527,112348,0.6706,32168,1,crack+chip,glazed,grey_pvc,2580,0.4286,REJECT
tile_2581.jpg,103064,103064,1.0000,0,0,none,terracotta,black_rubber,2581,0.3932,APPROVE
tile_2582.jpg,169140,169140,1.0000,0,0,none,encaustic,blue_pu,2582,0.6452,APPROVE
tile_2583.jpg,51256,27049,0.5277,63099,1,shatter,terracotta,grey_pvc,2583,0.1032,REJECT
tile_2584.jpg,65118,65118,1.0000,0,0,none,terracotta,green_pvc,2584,0.2484,APPROVE
tile_2585.jpg,49036,24817,0.5061,19524,1,crack+chip,glazed,black_rubber,2585,0.0947,REJECT
tile_2586.jpg,109578,109578,1.0000,0,0,none,terracotta,black_rubber,2586,0.4180,APPROVE
tile_2587.jpg,55756,38989,0.6993,6274,1,crack,stone,black_rubber,2587,0.1487,REJECT
tile_2588.jpg,24505,16283,0.6645,8172,1,crack+chip,glazed,grey_pvc,2588,0.0621,REJECT
tile_2589.jpg,72682,72682,1.0000,0,0,none,encaustic,green_pvc,2589,0.2773,APPROVE
tile_2590.jpg,54793,39215,0.7157,28803,1,chip,terracotta,black_rubber,2590,0.1496,REJECT
tile_2591.jpg,97652,97652,1.0000,0,0,none,encaustic,black_rubber,2591,0.3725,APPROVE
tile_2592.jpg,49275,49275,1.0000,0,0,none,concrete,black_rubber,2592,0.1880,APPROVE
tile_2593.jpg,87946,87946,1.0000,0,0,none,terracotta,grey_pvc,2593,0.3355,APPROVE
tile_2594.jpg,146598,146598,1.0000,0,0,none,encaustic,blue_pu,2594,0.5592,APPROVE
tile_2595.jpg,120261,120261,1.0000,0,0,none,encaustic,black_rubber,2595,0.4588,APPROVE
tile_2596.jpg,134833,72027,0.5342,68232,1,crack+chip,terracotta,black_rubber,2596,0.2748,REJECT
tile_2597.jpg,123492,58981,0.4776,15651,1,crack,terracotta,white_pu,2597,0.2250,REJECT
tile_2598.jpg,101031,45495,0.4503,14192,1,crack,stone,green_pvc,2598,0.1735,REJECT
tile_2599.jpg,68813,68813,1.0000,0,0,none,stone,black_rubber,2599,0.2625,APPROVE
tile_2600.jpg,46429,41317,0.8899,10470,1,chip,terracotta,green_pvc,2600,0.1576,APPROVE
tile_2601.jpg,72780,52756,0.7249,25241,1,crack+chip,stone,green_pvc,2601,0.2012,REJECT
tile_2602.jpg,25473,23003,0.9030,9429,1,chip,concrete,grey_pvc,2602,0.0877,APPROVE
tile_2603.jpg,60604,60604,1.0000,0,0,none,glazed,black_rubber,2603,0.2312,APPROVE
tile_2604.jpg,66956,66636,0.9952,165,1,chip,glazed,black_rubber,2604,0.2542,APPROVE
tile_2605.jpg,65978,33000,0.5002,9359,1,crack,stone,black_rubber,2605,0.1259,REJECT
tile_2606.jpg,100113,72148,0.7207,6813,1,crack,glazed,green_pvc,2606,0.2752,REJECT
tile_2607.jpg,54991,54991,1.0000,0,0,none,concrete,black_rubber,2607,0.2098,APPROVE
tile_2608.jpg,76020,76020,1.0000,0,0,none,concrete,black_rubber,2608,0.2900,APPROVE
tile_2609.jpg,112680,85169,0.7558,18625,1,crack+chip,encaustic,green_pvc,2609,0.3249,REJECT
tile_2610.jpg,53364,37668,0.7059,23970,1,chip,stone,white_pu,2610,0.1437,REJECT
tile_2611.jpg,61562,61562,1.0000,0,0,none,concrete,white_pu,2611,0.2348,APPROVE
tile_2612.jpg,36237,33587,0.9269,832,1,crack,concrete,grey_pvc,2612,0.1281,APPROVE
tile_2613.jpg,30024,30024,1.0000,0,0,none,glazed,grey_pvc,2613,0.1145,APPROVE
tile_2614.jpg,96298,70981,0.7371,38613,1,shatter,concrete,green_pvc,2614,0.2708,REJECT
tile_2615.jpg,75298,75298,1.0000,0,0,none,terracotta,green_pvc,2615,0.2872,APPROVE
tile_2616.jpg,69595,69595,1.0000,0,0,none,marble,black_rubber,2616,0.2655,APPROVE
tile_2617.jpg,134622,134622,1.0000,0,0,none,encaustic,green_pvc,2617,0.5135,APPROVE
tile_2618.jpg,83383,66935,0.8027,4541,1,crack,terracotta,green_pvc,2618,0.2553,REJECT
tile_2619.jpg,145219,145219,1.0000,0,0,none,encaustic,blue_pu,2619,0.5540,APPROVE
tile_2620.jpg,98735,98735,1.0000,0,0,none,terracotta,grey_pvc,2620,0.3766,APPROVE
tile_2621.jpg,36786,36786,1.0000,0,0,none,terracotta,blue_pu,2621,0.1403,APPROVE
tile_2622.jpg,27431,27431,1.0000,0,0,none,terracotta,green_pvc,2622,0.1046,APPROVE
tile_2623.jpg,27420,27420,1.0000,0,0,none,glazed,green_pvc,2623,0.1046,APPROVE
tile_2624.jpg,123553,123553,1.0000,0,0,none,encaustic,blue_pu,2624,0.4713,APPROVE
tile_2625.jpg,54433,44400,0.8157,11016,1,chip,stone,blue_pu,2625,0.1694,REJECT
tile_2626.jpg,103185,62162,0.6024,23679,1,crack+chip,stone,black_rubber,2626,0.2371,REJECT
tile_2627.jpg,72440,37949,0.5239,10184,1,crack,terracotta,green_pvc,2627,0.1448,REJECT
tile_2628.jpg,61503,55268,0.8986,1723,1,crack+chip,glazed,grey_pvc,2628,0.2108,APPROVE
tile_2629.jpg,32402,30417,0.9387,2891,1,chip,concrete,black_rubber,2629,0.1160,APPROVE
tile_2630.jpg,34763,23426,0.6739,26595,1,shatter,concrete,white_pu,2630,0.0894,REJECT
tile_2631.jpg,49218,48231,0.9799,4018,1,chip,marble,grey_pvc,2631,0.1840,APPROVE
tile_2632.jpg,55093,25673,0.4660,34220,1,shatter,marble,green_pvc,2632,0.0979,REJECT
tile_2633.jpg,83808,40409,0.4822,104320,1,crack+chip,encaustic,blue_pu,2633,0.1541,REJECT
tile_2634.jpg,58416,57249,0.9800,2423,1,chip,concrete,green_pvc,2634,0.2184,APPROVE
tile_2635.jpg,115050,53513,0.4651,17977,1,crack,concrete,blue_pu,2635,0.2041,REJECT
tile_2636.jpg,100838,100838,1.0000,0,0,none,encaustic,blue_pu,2636,0.3847,APPROVE
tile_2637.jpg,74122,50954,0.6874,8449,1,crack,glazed,black_rubber,2637,0.1944,REJECT
tile_2638.jpg,35625,26988,0.7576,4330,1,crack+chip,stone,black_rubber,2638,0.1030,REJECT
tile_2639.jpg,107256,107256,1.0000,0,0,none,stone,green_pvc,2639,0.4091,APPROVE
tile_2640.jpg,40463,26480,0.6544,29260,1,shatter,marble,black_rubber,2640,0.1010,REJECT
tile_2641.jpg,89795,89795,1.0000,0,0,none,terracotta,green_pvc,2641,0.3425,APPROVE
tile_2642.jpg,29474,23083,0.7832,2780,1,crack,glazed,green_pvc,2642,0.0881,REJECT
tile_2643.jpg,19571,14404,0.7360,13352,1,shatter,concrete,black_rubber,2643,0.0549,REJECT
tile_2644.jpg,125775,105575,0.8394,32272,1,chip,encaustic,white_pu,2644,0.4027,REJECT
tile_2645.jpg,129484,96152,0.7426,6761,1,crack,terracotta,black_rubber,2645,0.3668,REJECT
tile_2646.jpg,111296,111296,1.0000,0,0,none,encaustic,black_rubber,2646,0.4246,APPROVE
tile_2647.jpg,50273,30851,0.6137,5496,1,crack,encaustic,black_rubber,2647,0.1177,REJECT
tile_2648.jpg,53553,35574,0.6643,7027,1,crack,concrete,blue_pu,2648,0.1357,REJECT
tile_2649.jpg,151732,95536,0.6296,14088,1,crack,terracotta,black_rubber,2649,0.3644,REJECT
tile_2650.jpg,77088,77088,1.0000,0,0,none,marble,blue_pu,2650,0.2941,APPROVE
tile_2651.jpg,69020,69020,1.0000,0,0,none,marble,green_pvc,2651,0.2633,APPROVE
tile_2652.jpg,189133,189133,1.0000,0,0,none,encaustic,white_pu,2652,0.7215,APPROVE
tile_2653.jpg,110249,56357,0.5112,16390,1,crack,stone,grey_pvc,2653,0.2150,REJECT
tile_2654.jpg,35870,35870,1.0000,0,0,none,glazed,grey_pvc,2654,0.1368,APPROVE
tile_2655.jpg,63400,63400,1.0000,0,0,none,terracotta,green_pvc,2655,0.2419,APPROVE
tile_2656.jpg,105673,93686,0.8866,29773,1,shatter,terracotta,white_pu,2656,0.3574,APPROVE
tile_2657.jpg,174141,174141,1.0000,0,0,none,encaustic,grey_pvc,2657,0.6643,APPROVE
tile_2658.jpg,40212,5828,0.1449,45692,1,crack+chip,encaustic,green_pvc,2658,0.0222,REJECT
tile_2659.jpg,30128,30128,1.0000,0,0,none,stone,black_rubber,2659,0.1149,APPROVE
tile_2660.jpg,41737,27520,0.6594,40419,1,shatter,terracotta,grey_pvc,2660,0.1050,REJECT
tile_2661.jpg,33946,18715,0.5513,12742,1,crack+chip,concrete,white_pu,2661,0.0714,REJECT
tile_2662.jpg,90746,59215,0.6525,8291,1,crack,stone,green_pvc,2662,0.2259,REJECT
tile_2663.jpg,88473,39482,0.4463,15073,1,crack,glazed,blue_pu,2663,0.1506,REJECT
tile_2664.jpg,65923,34704,0.5264,10519,1,crack,glazed,grey_pvc,2664,0.1324,REJECT
tile_2665.jpg,58246,58246,1.0000,0,0,none,marble,black_rubber,2665,0.2222,APPROVE
tile_2666.jpg,66894,39622,0.5923,81448,1,shatter,marble,grey_pvc,2666,0.1511,REJECT
tile_2667.jpg,63410,63410,1.0000,0,0,none,glazed,grey_pvc,2667,0.2419,APPROVE
tile_2668.jpg,48919,44183,0.9032,9206,1,shatter,concrete,white_pu,2668,0.1685,APPROVE
tile_2669.jpg,31264,31264,1.0000,0,0,none,glazed,black_rubber,2669,0.1193,APPROVE
tile_2670.jpg,20880,13971,0.6691,4962,1,crack+chip,marble,grey_pvc,2670,0.0533,REJECT
tile_2671.jpg,68430,61078,0.8926,18449,1,chip,stone,blue_pu,2671,0.2330,APPROVE
tile_2672.jpg,153976,87422,0.5678,15764,1,crack,glazed,black_rubber,2672,0.3335,REJECT
tile_2673.jpg,97740,76401,0.7817,32393,1,chip,glazed,green_pvc,2673,0.2914,REJECT
tile_2674.jpg,22339,19406,0.8687,1834,1,crack+chip,terracotta,blue_pu,2674,0.0740,APPROVE
tile_2675.jpg,25796,24997,0.9690,1041,1,chip,concrete,blue_pu,2675,0.0954,APPROVE
tile_2676.jpg,80901,51198,0.6328,7056,1,crack,marble,green_pvc,2676,0.1953,REJECT
tile_2677.jpg,41794,41794,1.0000,0,0,none,concrete,blue_pu,2677,0.1594,APPROVE
tile_2678.jpg,67899,67899,1.0000,0,0,none,terracotta,green_pvc,2678,0.2590,APPROVE
tile_2679.jpg,25601,21584,0.8431,19312,1,chip,concrete,blue_pu,2679,0.0823,REJECT
tile_2680.jpg,107608,81944,0.7615,64741,1,chip,encaustic,black_rubber,2680,0.3126,REJECT
tile_2681.jpg,92149,92149,1.0000,0,0,none,terracotta,black_rubber,2681,0.3515,APPROVE
tile_2682.jpg,40806,40682,0.9970,154,1,chip,concrete,blue_pu,2682,0.1552,APPROVE
tile_2683.jpg,91828,91828,1.0000,0,0,none,stone,black_rubber,2683,0.3503,APPROVE
tile_2684.jpg,141427,135376,0.9572,26358,1,chip,encaustic,green_pvc,2684,0.5164,APPROVE
tile_2685.jpg,27463,16954,0.6173,7696,1,crack+chip,terracotta,grey_pvc,2685,0.0647,REJECT
tile_2686.jpg,53436,53436,1.0000,0,0,none,terracotta,white_pu,2686,0.2038,APPROVE
tile_2687.jpg,50364,36495,0.7246,18364,1,shatter,encaustic,grey_pvc,2687,0.1392,REJECT
tile_2688.jpg,20322,11518,0.5668,33933,1,shatter,marble,blue_pu,2688,0.0439,REJECT
tile_2689.jpg,73234,73234,1.0000,0,0,none,stone,black_rubber,2689,0.2794,APPROVE
tile_2690.jpg,51103,51103,1.0000,0,0,none,marble,blue_pu,2690,0.1949,APPROVE
tile_2691.jpg,153861,140447,0.9128,3584,1,crack+chip,marble,green_pvc,2691,0.5358,APPROVE
tile_2692.jpg,26993,26993,1.0000,0,0,none,terracotta,white_pu,2692,0.1030,APPROVE
tile_2693.jpg,71700,52196,0.7280,52253,1,chip,stone,grey_pvc,2693,0.1991,REJECT
tile_2694.jpg,42124,42124,1.0000,0,0,none,marble,blue_pu,2694,0.1607,APPROVE
tile_2695.jpg,155890,155890,1.0000,0,0,none,marble,white_pu,2695,0.5947,APPROVE
tile_2696.jpg,20335,20335,1.0000,0,0,none,marble,white_pu,2696,0.0776,APPROVE
tile_2697.jpg,23475,23475,1.0000,0,0,none,stone,green_pvc,2697,0.0896,APPROVE
tile_2698.jpg,51027,33189,0.6504,6209,1,crack,encaustic,black_rubber,2698,0.1266,REJECT
tile_2699.jpg,145691,145691,1.0000,0,0,none,encaustic,white_pu,2699,0.5558,APPROVE
tile_2700.jpg,107732,81062,0.7524,6640,1,crack,glazed,grey_pvc,2700,0.3092,REJECT
tile_2701.jpg,57236,46333,0.8095,4380,1,crack+chip,terracotta,green_pvc,2701,0.1767,REJECT
tile_2702.jpg,59478,59478,1.0000,0,0,none,terracotta,green_pvc,2702,0.2269,APPROVE
tile_2703.jpg,100390,54455,0.5424,62796,1,shatter,stone,green_pvc,2703,0.2077,REJECT
tile_2704.jpg,50633,50132,0.9901,210,1,chip,glazed,blue_pu,2704,0.1912,APPROVE
tile_2705.jpg,68573,68573,1.0000,0,0,none,encaustic,black_rubber,2705,0.2616,APPROVE
tile_2706.jpg,144255,118650,0.8225,10042,1,shatter,stone,white_pu,2706,0.4526,REJECT
tile_2707.jpg,101293,101293,1.0000,0,0,none,terracotta,grey_pvc,2707,0.3864,APPROVE
tile_2708.jpg,89321,55622,0.6227,13084,1,crack,marble,grey_pvc,2708,0.2122,REJECT
tile_2709.jpg,64467,55197,0.8562,14932,1,chip,terracotta,green_pvc,2709,0.2106,APPROVE
tile_2710.jpg,169006,169006,1.0000,0,0,none,encaustic,green_pvc,2710,0.6447,APPROVE
tile_2711.jpg,123177,123177,1.0000,0,0,none,glazed,black_rubber,2711,0.4699,APPROVE
tile_2712.jpg,86755,86755,1.0000,0,0,none,terracotta,black_rubber,2712,0.3309,APPROVE
tile_2713.jpg,20048,13944,0.6955,39640,1,shatter,stone,green_pvc,2713,0.0532,REJECT
tile_2714.jpg,33507,33507,1.0000,0,0,none,stone,black_rubber,2714,0.1278,APPROVE
tile_2715.jpg,61833,49116,0.7943,3154,1,crack,marble,black_rubber,2715,0.1874,REJECT
tile_2716.jpg,131122,98623,0.7521,10907,1,crack+chip,marble,grey_pvc,2716,0.3762,REJECT
tile_2717.jpg,87283,83615,0.9580,22879,1,chip,encaustic,green_pvc,2717,0.3190,APPROVE
tile_2718.jpg,100052,87549,0.8750,25551,1,chip,encaustic,green_pvc,2718,0.3340,APPROVE
tile_2719.jpg,80529,56521,0.7019,33070,1,crack+chip,concrete,grey_pvc,2719,0.2156,REJECT
tile_2720.jpg,46950,40808,0.8692,3588,1,crack+chip,concrete,grey_pvc,2720,0.1557,APPROVE
tile_2721.jpg,72093,72093,1.0000,0,0,none,terracotta,blue_pu,2721,0.2750,APPROVE
tile_2722.jpg,76123,69527,0.9134,6792,1,chip,glazed,grey_pvc,2722,0.2652,APPROVE
tile_2723.jpg,59699,37590,0.6297,7869,1,crack,terracotta,black_rubber,2723,0.1434,REJECT
tile_2724.jpg,155567,155567,1.0000,0,0,none,encaustic,white_pu,2724,0.5934,APPROVE
tile_2725.jpg,66643,33072,0.4963,11650,1,crack,encaustic,grey_pvc,2725,0.1262,REJECT
tile_2726.jpg,48854,48424,0.9912,682,1,chip,stone,black_rubber,2726,0.1847,APPROVE
tile_2727.jpg,33458,31062,0.9284,15212,1,chip,glazed,blue_pu,2727,0.1185,APPROVE
tile_2728.jpg,35245,29656,0.8414,3911,1,crack+chip,marble,black_rubber,2728,0.1131,REJECT
tile_2729.jpg,70955,54887,0.7735,14385,1,crack+chip,encaustic,black_rubber,2729,0.2094,REJECT
tile_2730.jpg,23892,23892,1.0000,0,0,none,glazed,white_pu,2730,0.0911,APPROVE
tile_2731.jpg,34666,24734,0.7135,4544,1,crack,marble,grey_pvc,2731,0.0944,REJECT
tile_2732.jpg,45779,20864,0.4558,32319,1,shatter,glazed,grey_pvc,2732,0.0796,REJECT
tile_2733.jpg,54449,51759,0.9506,4412,1,chip,marble,black_rubber,2733,0.1974,APPROVE
tile_2734.jpg,84295,84295,1.0000,0,0,none,encaustic,black_rubber,2734,0.3216,APPROVE
tile_2735.jpg,21205,15284,0.7208,3124,1,crack,stone,black_rubber,2735,0.0583,REJECT
tile_2736.jpg,160574,160574,1.0000,0,0,none,stone,grey_pvc,2736,0.6125,APPROVE
tile_2737.jpg,33408,25421,0.7609,40745,1,shatter,terracotta,black_rubber,2737,0.0970,REJECT
tile_2738.jpg,73852,32181,0.4357,63321,1,crack+chip,terracotta,blue_pu,2738,0.1228,REJECT
tile_2739.jpg,112443,112443,1.0000,0,0,none,glazed,black_rubber,2739,0.4289,APPROVE
tile_2740.jpg,31739,26852,0.8460,2286,1,crack+chip,terracotta,black_rubber,2740,0.1024,REJECT
tile_2741.jpg,25423,25423,1.0000,0,0,none,glazed,black_rubber,2741,0.0970,APPROVE
tile_2742.jpg,107506,107506,1.0000,0,0,none,glazed,blue_pu,2742,0.4101,APPROVE
tile_2743.jpg,108168,70156,0.6486,10625,1,crack,terracotta,white_pu,2743,0.2676,REJECT
tile_2744.jpg,38043,33250,0.8740,4957,1,chip,stone,white_pu,2744,0.1268,APPROVE
tile_2745.jpg,51129,46666,0.9127,18122,1,chip,terracotta,black_rubber,2745,0.1780,APPROVE
tile_2746.jpg,27952,27952,1.0000,0,0,none,concrete,grey_pvc,2746,0.1066,APPROVE
tile_2747.jpg,155411,155411,1.0000,0,0,none,encaustic,grey_pvc,2747,0.5928,APPROVE
tile_2748.jpg,28402,28402,1.0000,0,0,none,terracotta,black_rubber,2748,0.1083,APPROVE
tile_2749.jpg,42654,27172,0.6370,23261,1,shatter,glazed,black_rubber,2749,0.1037,REJECT
tile_2750.jpg,75634,43618,0.5767,9677,1,crack,glazed,blue_pu,2750,0.1664,REJECT
tile_2751.jpg,30099,22128,0.7352,19999,1,shatter,encaustic,black_rubber,2751,0.0844,REJECT
tile_2752.jpg,71768,35377,0.4929,86887,1,shatter,terracotta,green_pvc,2752,0.1350,REJECT
tile_2753.jpg,52310,52310,1.0000,0,0,none,concrete,green_pvc,2753,0.1995,APPROVE
tile_2754.jpg,47138,47138,1.0000,0,0,none,terracotta,green_pvc,2754,0.1798,APPROVE
tile_2755.jpg,79584,49595,0.6232,76231,1,chip,encaustic,black_rubber,2755,0.1892,REJECT
tile_2756.jpg,61740,61740,1.0000,0,0,none,terracotta,black_rubber,2756,0.2355,APPROVE
tile_2757.jpg,163840,163840,1.0000,0,0,none,terracotta,black_rubber,2757,0.6250,APPROVE
tile_2758.jpg,81489,80133,0.9834,543,1,chip,encaustic,green_pvc,2758,0.3057,APPROVE
tile_2759.jpg,47190,44000,0.9324,5979,1,chip,encaustic,white_pu,2759,0.1678,APPROVE
tile_2760.jpg,79249,51078,0.6445,8214,1,crack,stone,blue_pu,2760,0.1948,REJECT
tile_2761.jpg,24261,12681,0.5227,47089,1,chip,marble,white_pu,2761,0.0484,REJECT
tile_2762.jpg,62567,62567,1.0000,0,0,none,marble,blue_pu,2762,0.2387,APPROVE
tile_2763.jpg,24573,16732,0.6809,4382,1,crack,marble,white_pu,2763,0.0638,REJECT
tile_2764.jpg,105615,85553,0.8100,37368,1,shatter,encaustic,black_rubber,2764,0.3264,REJECT
tile_2765.jpg,141609,33877,0.2392,96417,1,chip,glazed,grey_pvc,2765,0.1292,REJECT
tile_2766.jpg,49035,45404,0.9260,14187,1,shatter,stone,white_pu,2766,0.1732,APPROVE
tile_2767.jpg,165215,165215,1.0000,0,0,none,marble,black_rubber,2767,0.6302,APPROVE
tile_2768.jpg,147661,147661,1.0000,0,0,none,encaustic,black_rubber,2768,0.5633,APPROVE
tile_2769.jpg,16263,12230,0.7520,22685,1,shatter,glazed,black_rubber,2769,0.0467,REJECT
tile_2770.jpg,67607,66914,0.9897,1548,1,chip,encaustic,black_rubber,2770,0.2553,APPROVE
tile_2771.jpg,73730,73730,1.0000,0,0,none,glazed,grey_pvc,2771,0.2813,APPROVE
tile_2772.jpg,72973,72973,1.0000,0,0,none,terracotta,black_rubber,2772,0.2784,APPROVE
tile_2773.jpg,32026,18069,0.5642,6324,1,crack,marble,grey_pvc,2773,0.0689,REJECT
tile_2774.jpg,39654,39654,1.0000,0,0,none,concrete,black_rubber,2774,0.1513,APPROVE
tile_2775.jpg,45560,27176,0.5965,6587,1,crack,stone,black_rubber,2775,0.1037,REJECT
tile_2776.jpg,88154,80590,0.9142,6488,1,chip,marble,blue_pu,2776,0.3074,APPROVE
tile_2777.jpg,52654,43145,0.8194,31949,1,shatter,encaustic,black_rubber,2777,0.1646,REJECT
tile_2778.jpg,68925,58081,0.8427,27034,1,shatter,stone,black_rubber,2778,0.2216,REJECT
tile_2779.jpg,23018,14807,0.6433,5859,1,crack+chip,glazed,green_pvc,2779,0.0565,REJECT
tile_2780.jpg,102782,102782,1.0000,0,0,none,concrete,grey_pvc,2780,0.3921,APPROVE
tile_2781.jpg,154684,76691,0.4958,52529,1,crack+chip,terracotta,black_rubber,2781,0.2926,REJECT
tile_2782.jpg,30351,30351,1.0000,0,0,none,glazed,black_rubber,2782,0.1158,APPROVE
tile_2783.jpg,67660,60733,0.8976,2382,1,crack,terracotta,blue_pu,2783,0.2317,APPROVE
tile_2784.jpg,95688,48694,0.5089,77093,1,chip,concrete,grey_pvc,2784,0.1858,REJECT
tile_2785.jpg,54302,54302,1.0000,0,0,none,glazed,green_pvc,2785,0.2071,APPROVE
tile_2786.jpg,35724,19019,0.5324,46003,1,shatter,encaustic,green_pvc,2786,0.0726,REJECT
tile_2787.jpg,71135,71135,1.0000,0,0,none,encaustic,blue_pu,2787,0.2714,APPROVE
tile_2788.jpg,35146,23448,0.6672,19321,1,crack+chip,encaustic,black_rubber,2788,0.0894,REJECT
tile_2789.jpg,152724,109738,0.7185,9917,1,crack,stone,white_pu,2789,0.4186,REJECT
tile_2790.jpg,41918,41918,1.0000,0,0,none,terracotta,white_pu,2790,0.1599,APPROVE
tile_2791.jpg,131241,131241,1.0000,0,0,none,encaustic,green_pvc,2791,0.5006,APPROVE
tile_2792.jpg,80141,79808,0.9958,177,1,chip,encaustic,grey_pvc,2792,0.3044,APPROVE
tile_2793.jpg,47511,45012,0.9474,13869,1,chip,glazed,black_rubber,2793,0.1717,APPROVE
tile_2794.jpg,122158,86528,0.7083,60430,1,chip,terracotta,white_pu,2794,0.3301,REJECT
tile_2795.jpg,157181,129447,0.8236,4753,1,crack,encaustic,black_rubber,2795,0.4938,REJECT
tile_2796.jpg,122984,122984,1.0000,0,0,none,glazed,blue_pu,2796,0.4691,APPROVE
tile_2797.jpg,73880,69301,0.9380,1198,1,crack,stone,grey_pvc,2797,0.2644,APPROVE
tile_2798.jpg,40848,30511,0.7469,21845,1,shatter,encaustic,black_rubber,2798,0.1164,REJECT
tile_2799.jpg,84224,84224,1.0000,0,0,none,marble,black_rubber,2799,0.3213,APPROVE
tile_2800.jpg,154786,154786,1.0000,0,0,none,encaustic,green_pvc,2800,0.5905,APPROVE
tile_2801.jpg,67833,67833,1.0000,0,0,none,glazed,grey_pvc,2801,0.2588,APPROVE
tile_2802.jpg,29366,29366,1.0000,0,0,none,stone,grey_pvc,2802,0.1120,APPROVE
tile_2803.jpg,91979,69133,0.7516,35111,1,chip,stone,blue_pu,2803,0.2637,REJECT
tile_2804.jpg,91777,85489,0.9315,8185,1,crack+chip,encaustic,green_pvc,2804,0.3261,APPROVE
tile_2805.jpg,74115,74115,1.0000,0,0,none,glazed,blue_pu,2805,0.2827,APPROVE
tile_2806.jpg,99848,99848,1.0000,0,0,none,encaustic,white_pu,2806,0.3809,APPROVE
tile_2807.jpg,54349,44322,0.8155,4361,1,crack+chip,glazed,white_pu,2807,0.1691,REJECT
tile_2808.jpg,81858,81858,1.0000,0,0,none,glazed,black_rubber,2808,0.3123,APPROVE
tile_2809.jpg,71102,71102,1.0000,0,0,none,encaustic,black_rubber,2809,0.2712,APPROVE
tile_2810.jpg,43790,36894,0.8425,17045,1,shatter,encaustic,grey_pvc,2810,0.1407,REJECT
tile_2811.jpg,181946,181946,1.0000,0,0,none,encaustic,grey_pvc,2811,0.6941,APPROVE
tile_2812.jpg,104351,102601,0.9832,1692,1,chip,glazed,grey_pvc,2812,0.3914,APPROVE
tile_2813.jpg,105515,105515,1.0000,0,0,none,stone,grey_pvc,2813,0.4025,APPROVE
tile_2814.jpg,131679,131679,1.0000,0,0,none,stone,white_pu,2814,0.5023,APPROVE
tile_2815.jpg,49345,43005,0.8715,2240,1,crack+chip,encaustic,black_rubber,2815,0.1641,APPROVE
tile_2816.jpg,84247,79215,0.9403,4819,1,chip,stone,grey_pvc,2816,0.3022,APPROVE
tile_2817.jpg,36125,20048,0.5550,12072,1,crack+chip,stone,grey_pvc,2817,0.0765,REJECT
tile_2818.jpg,63965,53317,0.8335,17524,1,chip,terracotta,black_rubber,2818,0.2034,REJECT
tile_2819.jpg,22698,21653,0.9540,945,1,chip,stone,green_pvc,2819,0.0826,APPROVE
tile_2820.jpg,169771,169771,1.0000,0,0,none,encaustic,white_pu,2820,0.6476,APPROVE
tile_2821.jpg,109827,92677,0.8438,34241,1,chip,encaustic,blue_pu,2821,0.3535,REJECT
tile_2822.jpg,38187,38187,1.0000,0,0,none,marble,blue_pu,2822,0.1457,APPROVE
tile_2823.jpg,146645,146645,1.0000,0,0,none,glazed,blue_pu,2823,0.5594,APPROVE
tile_2824.jpg,86573,86573,1.0000,0,0,none,terracotta,black_rubber,2824,0.3302,APPROVE
tile_2825.jpg,75572,43637,0.5774,10268,1,crack,marble,green_pvc,2825,0.1665,REJECT
tile_2826.jpg,28262,21251,0.7519,3310,1,crack,marble,grey_pvc,2826,0.0811,REJECT
tile_2827.jpg,25219,25219,1.0000,0,0,none,terracotta,blue_pu,2827,0.0962,APPROVE
tile_2828.jpg,83799,83799,1.0000,0,0,none,encaustic,black_rubber,2828,0.3197,APPROVE
tile_2829.jpg,37958,15925,0.4195,19336,1,crack+chip,stone,grey_pvc,2829,0.0607,REJECT
tile_2830.jpg,75662,75662,1.0000,0,0,none,glazed,white_pu,2830,0.2886,APPROVE
tile_2831.jpg,93042,93042,1.0000,0,0,none,stone,grey_pvc,2831,0.3549,APPROVE
tile_2832.jpg,18026,12662,0.7024,19481,1,shatter,marble,grey_pvc,2832,0.0483,REJECT
tile_2833.jpg,151773,105777,0.6969,21023,1,crack+chip,terracotta,green_pvc,2833,0.4035,REJECT
tile_2834.jpg,27764,25949,0.9346,2216,1,chip,stone,black_rubber,2834,0.0990,APPROVE
tile_2835.jpg,78361,71693,0.9149,4337,1,crack+chip,terracotta,white_pu,2835,0.2735,APPROVE
tile_2836.jpg,123282,103901,0.8428,6960,1,crack+chip,encaustic,grey_pvc,2836,0.3964,REJECT
tile_2837.jpg,66872,55406,0.8285,2673,1,crack,glazed,blue_pu,2837,0.2114,REJECT
tile_2838.jpg,76446,50646,0.6625,73391,1,crack+chip,stone,grey_pvc,2838,0.1932,REJECT
tile_2839.jpg,69491,44618,0.6421,8598,1,crack,glazed,grey_pvc,2839,0.1702,REJECT
tile_2840.jpg,25583,18898,0.7387,17660,1,shatter,marble,green_pvc,2840,0.0721,REJECT
tile_2841.jpg,67048,67048,1.0000,0,0,none,terracotta,green_pvc,2841,0.2558,APPROVE
tile_2842.jpg,27615,19922,0.7214,5522,1,crack+chip,glazed,grey_pvc,2842,0.0760,REJECT
tile_2843.jpg,95595,95595,1.0000,0,0,none,encaustic,white_pu,2843,0.3647,APPROVE
tile_2844.jpg,63030,63030,1.0000,0,0,none,terracotta,black_rubber,2844,0.2404,APPROVE
tile_2845.jpg,135706,135706,1.0000,0,0,none,stone,blue_pu,2845,0.5177,APPROVE
tile_2846.jpg,61247,58611,0.9570,790,1,crack,stone,grey_pvc,2846,0.2236,APPROVE
tile_2847.jpg,60832,58249,0.9575,671,1,crack,encaustic,green_pvc,2847,0.2222,APPROVE
tile_2848.jpg,47943,34724,0.7243,3789,1,crack,marble,green_pvc,2848,0.1325,REJECT
tile_2849.jpg,106528,77223,0.7249,22557,1,chip,glazed,blue_pu,2849,0.2946,REJECT
tile_2850.jpg,55577,43445,0.7817,66848,1,chip,encaustic,black_rubber,2850,0.1657,REJECT
tile_2851.jpg,163061,109074,0.6689,11194,1,crack,marble,green_pvc,2851,0.4161,REJECT
tile_2852.jpg,142520,142520,1.0000,0,0,none,terracotta,green_pvc,2852,0.5437,APPROVE
tile_2853.jpg,86691,77094,0.8893,2426,1,crack,stone,white_pu,2853,0.2941,APPROVE
tile_2854.jpg,67784,66792,0.9854,2453,1,chip,glazed,black_rubber,2854,0.2548,APPROVE
tile_2855.jpg,75853,40317,0.5315,10806,1,crack,encaustic,black_rubber,2855,0.1538,REJECT
tile_2856.jpg,77793,77793,1.0000,0,0,none,terracotta,black_rubber,2856,0.2968,APPROVE
tile_2857.jpg,79665,79665,1.0000,0,0,none,terracotta,grey_pvc,2857,0.3039,APPROVE
tile_2858.jpg,40978,25275,0.6168,12165,1,crack+chip,concrete,white_pu,2858,0.0964,REJECT
tile_2859.jpg,43744,25773,0.5892,6247,1,crack,glazed,black_rubber,2859,0.0983,REJECT
tile_2860.jpg,68968,59683,0.8654,9999,1,shatter,marble,black_rubber,2860,0.2277,APPROVE
tile_2861.jpg,25937,12812,0.4940,11303,1,crack+chip,glazed,white_pu,2861,0.0489,REJECT
tile_2862.jpg,34004,26283,0.7729,60567,1,shatter,glazed,black_rubber,2862,0.1003,REJECT
tile_2863.jpg,67208,62445,0.9291,16046,1,chip,glazed,green_pvc,2863,0.2382,APPROVE
tile_2864.jpg,50771,35379,0.6968,9312,1,crack+chip,marble,blue_pu,2864,0.1350,REJECT
tile_2865.jpg,38685,33798,0.8737,29038,1,chip,concrete,blue_pu,2865,0.1289,APPROVE
tile_2866.jpg,114494,69235,0.6047,10706,1,crack,concrete,blue_pu,2866,0.2641,REJECT
tile_2867.jpg,29587,21610,0.7304,17135,1,shatter,concrete,blue_pu,2867,0.0824,REJECT
tile_2868.jpg,41612,41612,1.0000,0,0,none,glazed,grey_pvc,2868,0.1587,APPROVE
tile_2869.jpg,75452,42273,0.5603,19194,1,crack+chip,terracotta,grey_pvc,2869,0.1613,REJECT
tile_2870.jpg,64536,41475,0.6427,19485,1,chip,stone,black_rubber,2870,0.1582,REJECT
tile_2871.jpg,61326,61326,1.0000,0,0,none,marble,grey_pvc,2871,0.2339,APPROVE
tile_2872.jpg,135453,80214,0.5922,14666,1,crack,encaustic,blue_pu,2872,0.3060,REJECT
tile_2873.jpg,115977,68275,0.5887,46426,1,shatter,terracotta,white_pu,2873,0.2604,REJECT
tile_2874.jpg,52673,46927,0.8909,6995,1,chip,concrete,black_rubber,2874,0.1790,APPROVE
tile_2875.jpg,39893,36562,0.9165,3494,1,chip,glazed,green_pvc,2875,0.1395,APPROVE
tile_2876.jpg,103868,65162,0.6274,49169,1,crack+chip,glazed,black_rubber,2876,0.2486,REJECT
tile_2877.jpg,46322,29078,0.6277,15855,1,crack+chip,concrete,blue_pu,2877,0.1109,REJECT
tile_2878.jpg,126434,116107,0.9183,27328,1,chip,concrete,black_rubber,2878,0.4429,APPROVE
tile_2879.jpg,68397,45531,0.6657,82048,1,shatter,encaustic,black_rubber,2879,0.1737,REJECT
tile_2880.jpg,70709,46096,0.6519,43124,1,chip,encaustic,grey_pvc,2880,0.1758,REJECT
tile_2881.jpg,121540,97582,0.8029,3973,1,crack,encaustic,white_pu,2881,0.3722,REJECT
tile_2882.jpg,65472,58739,0.8972,5187,1,chip,marble,grey_pvc,2882,0.2241,APPROVE
tile_2883.jpg,121809,64222,0.5272,15255,1,crack,stone,grey_pvc,2883,0.2450,REJECT
tile_2884.jpg,99711,99711,1.0000,0,0,none,encaustic,black_rubber,2884,0.3804,APPROVE
tile_2885.jpg,143845,129394,0.8995,2473,1,crack,concrete,blue_pu,2885,0.4936,APPROVE
tile_2886.jpg,37429,37429,1.0000,0,0,none,stone,white_pu,2886,0.1428,APPROVE
tile_2887.jpg,40757,40757,1.0000,0,0,none,terracotta,green_pvc,2887,0.1555,APPROVE
tile_2888.jpg,164510,164510,1.0000,0,0,none,marble,black_rubber,2888,0.6276,APPROVE
tile_2889.jpg,33994,29375,0.8641,15958,1,chip,concrete,black_rubber,2889,0.1121,APPROVE
tile_2890.jpg,57960,33325,0.5750,34223,1,chip,glazed,grey_pvc,2890,0.1271,REJECT
tile_2891.jpg,91657,69899,0.7626,5206,1,crack,concrete,green_pvc,2891,0.2666,REJECT
tile_2892.jpg,82348,73118,0.8879,7029,1,chip,marble,green_pvc,2892,0.2789,APPROVE
tile_2893.jpg,173760,157259,0.9050,2769,1,crack,encaustic,white_pu,2893,0.5999,APPROVE
tile_2894.jpg,32576,20856,0.6402,9159,1,crack+chip,marble,black_rubber,2894,0.0796,REJECT
tile_2895.jpg,41707,38824,0.9309,1044,1,crack,marble,grey_pvc,2895,0.1481,APPROVE
tile_2896.jpg,65417,65417,1.0000,0,0,none,marble,grey_pvc,2896,0.2495,APPROVE
tile_2897.jpg,56002,42339,0.7560,9851,1,crack+chip,marble,blue_pu,2897,0.1615,REJECT
tile_2898.jpg,79805,58431,0.7322,7919,1,crack,terracotta,blue_pu,2898,0.2229,REJECT
tile_2899.jpg,36372,31588,0.8685,3656,1,chip,terracotta,blue_pu,2899,0.1205,APPROVE
tile_2900.jpg,77096,50763,0.6584,25702,1,crack+chip,terracotta,blue_pu,2900,0.1936,REJECT
tile_2901.jpg,145825,145825,1.0000,0,0,none,encaustic,grey_pvc,2901,0.5563,APPROVE
tile_2902.jpg,36506,17784,0.4872,86176,1,crack+chip,encaustic,green_pvc,2902,0.0678,REJECT
tile_2903.jpg,70389,63470,0.9017,1463,1,crack+chip,concrete,black_rubber,2903,0.2421,APPROVE
tile_2904.jpg,52321,52321,1.0000,0,0,none,glazed,green_pvc,2904,0.1996,APPROVE
tile_2905.jpg,102075,80787,0.7914,16240,1,chip,stone,black_rubber,2905,0.3082,REJECT
tile_2906.jpg,147149,146478,0.9954,437,1,chip,encaustic,green_pvc,2906,0.5588,APPROVE
tile_2907.jpg,76826,76826,1.0000,0,0,none,encaustic,green_pvc,2907,0.2931,APPROVE
tile_2908.jpg,119876,94937,0.7920,7330,1,crack,stone,black_rubber,2908,0.3622,REJECT
tile_2909.jpg,27230,26507,0.9734,2185,1,chip,stone,white_pu,2909,0.1011,APPROVE
tile_2910.jpg,40504,27102,0.6691,13813,1,chip,marble,blue_pu,2910,0.1034,REJECT
tile_2911.jpg,24756,14469,0.5845,7110,1,crack+chip,marble,black_rubber,2911,0.0552,REJECT
tile_2912.jpg,28584,25904,0.9062,1022,1,crack,glazed,green_pvc,2912,0.0988,APPROVE
tile_2913.jpg,61822,61822,1.0000,0,0,none,glazed,black_rubber,2913,0.2358,APPROVE
tile_2914.jpg,40361,40361,1.0000,0,0,none,concrete,white_pu,2914,0.1540,APPROVE
tile_2915.jpg,70268,51814,0.7374,16235,1,crack+chip,concrete,green_pvc,2915,0.1977,REJECT
tile_2916.jpg,154933,154933,1.0000,0,0,none,encaustic,blue_pu,2916,0.5910,APPROVE
tile_2917.jpg,27653,23508,0.8501,2297,1,crack+chip,concrete,white_pu,2917,0.0897,APPROVE
tile_2918.jpg,108310,108310,1.0000,0,0,none,stone,green_pvc,2918,0.4132,APPROVE
tile_2919.jpg,45311,23134,0.5106,15430,1,crack+chip,glazed,green_pvc,2919,0.0882,REJECT
tile_2920.jpg,65807,65807,1.0000,0,0,none,concrete,white_pu,2920,0.2510,APPROVE
tile_2921.jpg,94236,89489,0.9496,11440,1,chip,encaustic,blue_pu,2921,0.3414,APPROVE
tile_2922.jpg,63317,63317,1.0000,0,0,none,stone,grey_pvc,2922,0.2415,APPROVE
tile_2923.jpg,45795,45795,1.0000,0,0,none,terracotta,black_rubber,2923,0.1747,APPROVE
tile_2924.jpg,164641,54088,0.3285,69938,1,crack+chip,glazed,green_pvc,2924,0.2063,REJECT
tile_2925.jpg,108637,83194,0.7658,22244,1,crack+chip,marble,black_rubber,2925,0.3174,REJECT
tile_2926.jpg,119386,102983,0.8626,44584,1,shatter,terracotta,white_pu,2926,0.3928,APPROVE
tile_2927.jpg,63171,62696,0.9925,263,1,chip,glazed,black_rubber,2927,0.2392,APPROVE
tile_2928.jpg,85212,66384,0.7790,6873,1,crack,terracotta,grey_pvc,2928,0.2532,REJECT
tile_2929.jpg,55534,41189,0.7417,23190,1,shatter,stone,black_rubber,2929,0.1571,REJECT
tile_2930.jpg,152133,152133,1.0000,0,0,none,glazed,black_rubber,2930,0.5803,APPROVE
tile_2931.jpg,57406,57406,1.0000,0,0,none,encaustic,green_pvc,2931,0.2190,APPROVE
tile_2932.jpg,44889,44889,1.0000,0,0,none,terracotta,green_pvc,2932,0.1712,APPROVE
tile_2933.jpg,68353,50923,0.7450,15157,1,crack+chip,glazed,green_pvc,2933,0.1943,REJECT
tile_2934.jpg,174787,114400,0.6545,11633,1,crack,encaustic,green_pvc,2934,0.4364,REJECT
tile_2935.jpg,55698,42166,0.7570,4676,1,crack,stone,black_rubber,2935,0.1609,REJECT
tile_2936.jpg,20255,18253,0.9012,4967,1,shatter,terracotta,green_pvc,2936,0.0696,APPROVE
tile_2937.jpg,48389,48389,1.0000,0,0,none,marble,black_rubber,2937,0.1846,APPROVE
tile_2938.jpg,110046,67909,0.6171,11708,1,crack,glazed,white_pu,2938,0.2591,REJECT
tile_2939.jpg,63114,63114,1.0000,0,0,none,terracotta,grey_pvc,2939,0.2408,APPROVE
tile_2940.jpg,47512,47512,1.0000,0,0,none,encaustic,blue_pu,2940,0.1812,APPROVE
tile_2941.jpg,43615,43615,1.0000,0,0,none,terracotta,blue_pu,2941,0.1664,APPROVE
tile_2942.jpg,88390,65778,0.7442,7043,1,crack,concrete,blue_pu,2942,0.2509,REJECT
tile_2943.jpg,103200,103200,1.0000,0,0,none,glazed,black_rubber,2943,0.3937,APPROVE
tile_2944.jpg,58135,58135,1.0000,0,0,none,glazed,white_pu,2944,0.2218,APPROVE
tile_2945.jpg,63473,63473,1.0000,0,0,none,stone,green_pvc,2945,0.2421,APPROVE
tile_2946.jpg,49442,35392,0.7158,5165,1,crack,marble,grey_pvc,2946,0.1350,REJECT
tile_2947.jpg,113504,64435,0.5677,50164,1,crack+chip,encaustic,green_pvc,2947,0.2458,REJECT
tile_2948.jpg,99783,99783,1.0000,0,0,none,encaustic,black_rubber,2948,0.3806,APPROVE
tile_2949.jpg,71808,39016,0.5433,11437,1,crack,marble,green_pvc,2949,0.1488,REJECT
tile_2950.jpg,35754,23011,0.6436,6223,1,crack,glazed,black_rubber,2950,0.0878,REJECT
tile_2951.jpg,78170,78170,1.0000,0,0,none,terracotta,black_rubber,2951,0.2982,APPROVE
tile_2952.jpg,39324,35341,0.8987,9792,1,chip,encaustic,grey_pvc,2952,0.1348,APPROVE
tile_2953.jpg,38136,31605,0.8287,4809,1,crack+chip,encaustic,black_rubber,2953,0.1206,REJECT
tile_2954.jpg,66927,55723,0.8326,11133,1,chip,glazed,green_pvc,2954,0.2126,REJECT
tile_2955.jpg,106226,87727,0.8259,14806,1,chip,marble,grey_pvc,2955,0.3347,REJECT
tile_2956.jpg,40572,36063,0.8889,1860,1,crack+chip,stone,green_pvc,2956,0.1376,APPROVE
tile_2957.jpg,26611,26611,1.0000,0,0,none,concrete,grey_pvc,2957,0.1015,APPROVE
tile_2958.jpg,102673,102673,1.0000,0,0,none,encaustic,blue_pu,2958,0.3917,APPROVE
tile_2959.jpg,29665,29665,1.0000,0,0,none,marble,white_pu,2959,0.1132,APPROVE
tile_2960.jpg,137311,128482,0.9357,28678,1,chip,terracotta,black_rubber,2960,0.4901,APPROVE
tile_2961.jpg,107460,107460,1.0000,0,0,none,encaustic,black_rubber,2961,0.4099,APPROVE
tile_2962.jpg,43276,43276,1.0000,0,0,none,concrete,grey_pvc,2962,0.1651,APPROVE
tile_2963.jpg,103081,77743,0.7542,5731,1,crack,encaustic,black_rubber,2963,0.2966,REJECT
tile_2964.jpg,92843,70795,0.7625,32298,1,chip,encaustic,blue_pu,2964,0.2701,REJECT
tile_2965.jpg,155233,155233,1.0000,0,0,none,marble,black_rubber,2965,0.5922,APPROVE
tile_2966.jpg,53166,49308,0.9274,5000,1,shatter,terracotta,green_pvc,2966,0.1881,APPROVE
tile_2967.jpg,33304,28436,0.8538,1622,1,crack,concrete,green_pvc,2967,0.1085,APPROVE
tile_2968.jpg,160947,160947,1.0000,0,0,none,stone,grey_pvc,2968,0.6140,APPROVE
tile_2969.jpg,116605,95895,0.8224,45473,1,shatter,encaustic,blue_pu,2969,0.3658,REJECT
tile_2970.jpg,133280,65151,0.4888,39656,1,crack+chip,stone,blue_pu,2970,0.2485,REJECT
tile_2971.jpg,53366,38968,0.7302,27709,1,shatter,glazed,grey_pvc,2971,0.1487,REJECT
tile_2972.jpg,65668,49041,0.7468,5567,1,crack,concrete,black_rubber,2972,0.1871,REJECT
tile_2973.jpg,58821,50778,0.8633,16853,1,shatter,encaustic,green_pvc,2973,0.1937,APPROVE
tile_2974.jpg,74208,74208,1.0000,0,0,none,glazed,green_pvc,2974,0.2831,APPROVE
tile_2975.jpg,66502,49059,0.7377,78982,1,shatter,concrete,white_pu,2975,0.1871,REJECT
tile_2976.jpg,25326,14408,0.5689,10072,1,crack+chip,terracotta,green_pvc,2976,0.0550,REJECT
tile_2977.jpg,155996,142312,0.9123,2309,1,crack,concrete,blue_pu,2977,0.5429,APPROVE
tile_2978.jpg,139004,81522,0.5865,11600,1,crack,encaustic,black_rubber,2978,0.3110,REJECT
tile_2979.jpg,121238,84069,0.6934,8032,1,crack,marble,black_rubber,2979,0.3207,REJECT
tile_2980.jpg,52970,48128,0.9086,28771,1,shatter,terracotta,grey_pvc,2980,0.1836,APPROVE
tile_2981.jpg,110352,110352,1.0000,0,0,none,marble,white_pu,2981,0.4210,APPROVE
tile_2982.jpg,86774,66589,0.7674,6673,1,crack,terracotta,black_rubber,2982,0.2540,REJECT
tile_2983.jpg,96106,96106,1.0000,0,0,none,stone,green_pvc,2983,0.3666,APPROVE
tile_2984.jpg,30852,21244,0.6886,27512,1,shatter,stone,black_rubber,2984,0.0810,REJECT
tile_2985.jpg,24844,24844,1.0000,0,0,none,stone,white_pu,2985,0.0948,APPROVE
tile_2986.jpg,42655,42655,1.0000,0,0,none,stone,black_rubber,2986,0.1627,APPROVE
tile_2987.jpg,45739,29644,0.6481,36718,1,shatter,encaustic,black_rubber,2987,0.1131,REJECT
tile_2988.jpg,69971,69971,1.0000,0,0,none,encaustic,grey_pvc,2988,0.2669,APPROVE
tile_2989.jpg,74705,45877,0.6141,7920,1,crack,encaustic,black_rubber,2989,0.1750,REJECT
tile_2990.jpg,65505,65505,1.0000,0,0,none,stone,grey_pvc,2990,0.2499,APPROVE
tile_2991.jpg,94334,94334,1.0000,0,0,none,terracotta,blue_pu,2991,0.3599,APPROVE
tile_2992.jpg,71269,71269,1.0000,0,0,none,marble,blue_pu,2992,0.2719,APPROVE
tile_2993.jpg,120339,120339,1.0000,0,0,none,encaustic,green_pvc,2993,0.4591,APPROVE
tile_2994.jpg,118042,118042,1.0000,0,0,none,encaustic,black_rubber,2994,0.4503,APPROVE
tile_2995.jpg,16441,11189,0.6806,14436,1,shatter,terracotta,green_pvc,2995,0.0427,REJECT
tile_2996.jpg,27255,27255,1.0000,0,0,none,glazed,grey_pvc,2996,0.1040,APPROVE
tile_2997.jpg,144024,101428,0.7042,7250,1,crack,marble,green_pvc,2997,0.3869,REJECT
tile_2998.jpg,41486,41486,1.0000,0,0,none,marble,green_pvc,2998,0.1583,APPROVE
tile_2999.jpg,40650,40650,1.0000,0,0,none,marble,green_pvc,2999,0.1551,APPROVE
tile_3000.jpg,33895,18988,0.5602,7291,1,crack,terracotta,grey_pvc,3000,0.0724,REJECT
tile_3001.jpg,43051,28521,0.6625,5024,1,crack,marble,blue_pu,3001,0.1088,REJECT
tile_3002.jpg,61819,61819,1.0000,0,0,none,terracotta,white_pu,3002,0.2358,APPROVE
tile_3003.jpg,30772,19798,0.6434,7216,1,crack+chip,glazed,white_pu,3003,0.0755,REJECT
tile_3004.jpg,91601,91601,1.0000,0,0,none,encaustic,grey_pvc,3004,0.3494,APPROVE
tile_3005.jpg,119010,59040,0.4961,14735,1,crack,glazed,black_rubber,3005,0.2252,REJECT
tile_3006.jpg,35477,23513,0.6628,23680,1,shatter,marble,black_rubber,3006,0.0897,REJECT
tile_3007.jpg,121672,121672,1.0000,0,0,none,terracotta,black_rubber,3007,0.4641,APPROVE
tile_3008.jpg,58720,31369,0.5342,9074,1,crack,glazed,black_rubber,3008,0.1197,REJECT
tile_3009.jpg,30298,18073,0.5965,17523,1,shatter,terracotta,grey_pvc,3009,0.0689,REJECT
tile_3010.jpg,20625,11882,0.5761,34237,1,shatter,glazed,white_pu,3010,0.0453,REJECT
tile_3011.jpg,45313,45313,1.0000,0,0,none,encaustic,blue_pu,3011,0.1729,APPROVE
tile_3012.jpg,109079,109079,1.0000,0,0,none,concrete,green_pvc,3012,0.4161,APPROVE
tile_3013.jpg,181999,181999,1.0000,0,0,none,concrete,grey_pvc,3013,0.6943,APPROVE
tile_3014.jpg,37408,37408,1.0000,0,0,none,marble,black_rubber,3014,0.1427,APPROVE
tile_3015.jpg,38856,28643,0.7372,3781,1,crack,stone,grey_pvc,3015,0.1093,REJECT
tile_3016.jpg,61115,45435,0.7434,4598,1,crack,terracotta,white_pu,3016,0.1733,REJECT
tile_3017.jpg,26845,26845,1.0000,0,0,none,terracotta,green_pvc,3017,0.1024,APPROVE
tile_3018.jpg,75460,45670,0.6052,10505,1,crack,marble,black_rubber,3018,0.1742,REJECT
tile_3019.jpg,76381,76381,1.0000,0,0,none,terracotta,grey_pvc,3019,0.2914,APPROVE
tile_3020.jpg,163626,119623,0.7311,35128,1,chip,glazed,black_rubber,3020,0.4563,REJECT
tile_3021.jpg,46257,46257,1.0000,0,0,none,terracotta,white_pu,3021,0.1765,APPROVE
tile_3022.jpg,23450,13465,0.5742,14452,1,shatter,marble,blue_pu,3022,0.0514,REJECT
tile_3023.jpg,27374,27374,1.0000,0,0,none,concrete,blue_pu,3023,0.1044,APPROVE
tile_3024.jpg,32187,32187,1.0000,0,0,none,glazed,green_pvc,3024,0.1228,APPROVE
tile_3025.jpg,55551,55551,1.0000,0,0,none,terracotta,white_pu,3025,0.2119,APPROVE
tile_3026.jpg,128438,63353,0.4933,15262,1,crack,concrete,white_pu,3026,0.2417,REJECT
tile_3027.jpg,54064,29671,0.5488,52273,1,shatter,encaustic,black_rubber,3027,0.1132,REJECT
tile_3028.jpg,174509,174509,1.0000,0,0,none,terracotta,grey_pvc,3028,0.6657,APPROVE
tile_3029.jpg,99746,62081,0.6224,20345,1,crack+chip,stone,blue_pu,3029,0.2368,REJECT
tile_3030.jpg,114001,114001,1.0000,0,0,none,stone,black_rubber,3030,0.4349,APPROVE
tile_3031.jpg,48965,48965,1.0000,0,0,none,marble,black_rubber,3031,0.1868,APPROVE
tile_3032.jpg,24026,24026,1.0000,0,0,none,marble,black_rubber,3032,0.0917,APPROVE
tile_3033.jpg,83991,77200,0.9191,29955,1,chip,encaustic,grey_pvc,3033,0.2945,APPROVE
tile_3034.jpg,62850,62850,1.0000,0,0,none,encaustic,black_rubber,3034,0.2398,APPROVE
tile_3035.jpg,81148,81148,1.0000,0,0,none,glazed,black_rubber,3035,0.3096,APPROVE
tile_3036.jpg,13767,9446,0.6861,20046,1,shatter,terracotta,green_pvc,3036,0.0360,REJECT
tile_3037.jpg,30745,13949,0.4537,23639,1,chip,stone,blue_pu,3037,0.0532,REJECT
tile_3038.jpg,62378,50283,0.8061,8939,1,crack+chip,glazed,blue_pu,3038,0.1918,REJECT
tile_3039.jpg,107478,106431,0.9903,899,1,chip,concrete,green_pvc,3039,0.4060,APPROVE
tile_3040.jpg,38554,26782,0.6947,8491,1,crack+chip,marble,green_pvc,3040,0.1022,REJECT
tile_3041.jpg,67175,67175,1.0000,0,0,none,marble,white_pu,3041,0.2563,APPROVE
tile_3042.jpg,93954,74781,0.7959,26725,1,chip,terracotta,grey_pvc,3042,0.2853,REJECT
tile_3043.jpg,66569,53911,0.8099,4293,1,crack,marble,blue_pu,3043,0.2057,REJECT
tile_3044.jpg,120841,120841,1.0000,0,0,none,encaustic,grey_pvc,3044,0.4610,APPROVE
tile_3045.jpg,69543,52502,0.7550,6631,1,crack,glazed,green_pvc,3045,0.2003,REJECT
tile_3046.jpg,171203,85061,0.4968,19892,1,crack,encaustic,green_pvc,3046,0.3245,REJECT
tile_3047.jpg,50600,37278,0.7367,23176,1,shatter,glazed,white_pu,3047,0.1422,REJECT
tile_3048.jpg,145658,93396,0.6412,11227,1,crack,marble,grey_pvc,3048,0.3563,REJECT
tile_3049.jpg,110478,110478,1.0000,0,0,none,concrete,green_pvc,3049,0.4214,APPROVE
tile_3050.jpg,53752,40329,0.7503,25078,1,shatter,terracotta,black_rubber,3050,0.1538,REJECT
tile_3051.jpg,46212,32350,0.7000,4750,1,crack,concrete,green_pvc,3051,0.1234,REJECT
tile_3052.jpg,24957,16355,0.6553,7526,1,crack+chip,concrete,green_pvc,3052,0.0624,REJECT
tile_3053.jpg,34597,34597,1.0000,0,0,none,terracotta,grey_pvc,3053,0.1320,APPROVE
tile_3054.jpg,71651,71651,1.0000,0,0,none,glazed,black_rubber,3054,0.2733,APPROVE
tile_3055.jpg,113680,113680,1.0000,0,0,none,terracotta,black_rubber,3055,0.4337,APPROVE
tile_3056.jpg,28784,24746,0.8597,3338,1,chip,marble,grey_pvc,3056,0.0944,APPROVE
tile_3057.jpg,97780,94652,0.9680,8161,1,chip,concrete,green_pvc,3057,0.3611,APPROVE
tile_3058.jpg,44672,32470,0.7269,7560,1,crack+chip,marble,grey_pvc,3058,0.1239,REJECT
tile_3059.jpg,51267,36096,0.7041,5480,1,crack,glazed,green_pvc,3059,0.1377,REJECT
tile_3060.jpg,103152,64359,0.6239,10645,1,crack,encaustic,black_rubber,3060,0.2455,REJECT
tile_3061.jpg,182091,182091,1.0000,0,0,none,encaustic,grey_pvc,3061,0.6946,APPROVE
tile_3062.jpg,40643,40101,0.9867,351,1,chip,stone,green_pvc,3062,0.1530,APPROVE
tile_3063.jpg,32222,29346,0.9107,1021,1,crack+chip,marble,grey_pvc,3063,0.1119,APPROVE
tile_3064.jpg,45660,21781,0.4770,50306,1,shatter,terracotta,green_pvc,3064,0.0831,REJECT
tile_3065.jpg,58705,49173,0.8376,12882,1,shatter,glazed,green_pvc,3065,0.1876,REJECT
tile_3066.jpg,45552,45552,1.0000,0,0,none,concrete,black_rubber,3066,0.1738,APPROVE
tile_3067.jpg,22727,22727,1.0000,0,0,none,stone,white_pu,3067,0.0867,APPROVE
tile_3068.jpg,58356,41473,0.7107,6400,1,crack,terracotta,grey_pvc,3068,0.1582,REJECT
tile_3069.jpg,55433,39772,0.7175,9437,1,crack+chip,marble,black_rubber,3069,0.1517,REJECT
tile_3070.jpg,166887,166887,1.0000,0,0,none,glazed,black_rubber,3070,0.6366,APPROVE
tile_3071.jpg,24784,20822,0.8401,34551,1,shatter,glazed,green_pvc,3071,0.0794,REJECT
tile_3072.jpg,79922,45928,0.5747,9840,1,crack,encaustic,green_pvc,3072,0.1752,REJECT
tile_3073.jpg,49074,25930,0.5284,33041,1,chip,marble,grey_pvc,3073,0.0989,REJECT
tile_3074.jpg,58993,39963,0.6774,9555,1,crack+chip,encaustic,blue_pu,3074,0.1524,REJECT
tile_3075.jpg,28063,28063,1.0000,0,0,none,concrete,black_rubber,3075,0.1071,APPROVE
tile_3076.jpg,86365,86365,1.0000,0,0,none,terracotta,black_rubber,3076,0.3295,APPROVE
tile_3077.jpg,72194,72194,1.0000,0,0,none,encaustic,grey_pvc,3077,0.2754,APPROVE
tile_3078.jpg,44868,19656,0.4381,38487,1,chip,encaustic,black_rubber,3078,0.0750,REJECT
tile_3079.jpg,53119,50238,0.9458,6077,1,chip,concrete,blue_pu,3079,0.1916,APPROVE
tile_3080.jpg,47817,35939,0.7516,3838,1,crack,marble,black_rubber,3080,0.1371,REJECT
tile_3081.jpg,116416,108036,0.9280,6388,1,crack+chip,encaustic,green_pvc,3081,0.4121,APPROVE
tile_3082.jpg,31007,19730,0.6363,37889,1,shatter,marble,green_pvc,3082,0.0753,REJECT
tile_3083.jpg,92479,88992,0.9623,2469,1,chip,terracotta,green_pvc,3083,0.3395,APPROVE
tile_3084.jpg,54029,54029,1.0000,0,0,none,encaustic,green_pvc,3084,0.2061,APPROVE
tile_3085.jpg,48054,38488,0.8009,12010,1,shatter,marble,grey_pvc,3085,0.1468,REJECT
tile_3086.jpg,170732,102846,0.6024,15406,1,crack,concrete,grey_pvc,3086,0.3923,REJECT
tile_3087.jpg,41733,29661,0.7107,4750,1,crack,stone,black_rubber,3087,0.1131,REJECT
tile_3088.jpg,34098,24013,0.7042,47798,1,shatter,terracotta,black_rubber,3088,0.0916,REJECT
tile_3089.jpg,134570,81329,0.6044,11732,1,crack,encaustic,green_pvc,3089,0.3102,REJECT
tile_3090.jpg,61822,53773,0.8698,58025,1,chip,glazed,white_pu,3090,0.2051,APPROVE
tile_3091.jpg,82787,72766,0.8790,2701,1,crack,stone,green_pvc,3091,0.2776,APPROVE
tile_3092.jpg,41639,17775,0.4269,18657,1,crack+chip,glazed,white_pu,3092,0.0678,REJECT
tile_3093.jpg,48331,23658,0.4895,36288,1,shatter,encaustic,grey_pvc,3093,0.0902,REJECT
tile_3094.jpg,112793,112793,1.0000,0,0,none,terracotta,green_pvc,3094,0.4303,APPROVE
tile_3095.jpg,115966,115966,1.0000,0,0,none,concrete,green_pvc,3095,0.4424,APPROVE
tile_3096.jpg,125194,122973,0.9823,1305,1,chip,glazed,green_pvc,3096,0.4691,APPROVE
tile_3097.jpg,25422,25422,1.0000,0,0,none,glazed,grey_pvc,3097,0.0970,APPROVE
tile_3098.jpg,45202,42860,0.9482,16878,1,shatter,concrete,grey_pvc,3098,0.1635,APPROVE
tile_3099.jpg,87905,66167,0.7527,6745,1,crack,marble,grey_pvc,3099,0.2524,REJECT
tile_3100.jpg,97785,56609,0.5789,9798,1,crack,terracotta,black_rubber,3100,0.2159,REJECT
tile_3101.jpg,57961,32335,0.5579,11067,1,crack,terracotta,blue_pu,3101,0.1233,REJECT
tile_3102.jpg,39429,28060,0.7117,8485,1,crack+chip,concrete,grey_pvc,3102,0.1070,REJECT
tile_3103.jpg,75186,75186,1.0000,0,0,none,glazed,white_pu,3103,0.2868,APPROVE
tile_3104.jpg,38743,33012,0.8521,4797,1,chip,marble,black_rubber,3104,0.1259,APPROVE
tile_3105.jpg,35814,18247,0.5095,26967,1,crack+chip,glazed,grey_pvc,3105,0.0696,REJECT
tile_3106.jpg,97001,59672,0.6152,69608,1,chip,terracotta,white_pu,3106,0.2276,REJECT
tile_3107.jpg,61936,48192,0.7781,3780,1,crack,terracotta,grey_pvc,3107,0.1838,REJECT
tile_3108.jpg,62965,31853,0.5059,49920,1,chip,glazed,black_rubber,3108,0.1215,REJECT
tile_3109.jpg,28693,28693,1.0000,0,0,none,marble,black_rubber,3109,0.1095,APPROVE
tile_3110.jpg,109949,64376,0.5855,11146,1,crack,concrete,blue_pu,3110,0.2456,REJECT
tile_3111.jpg,45436,35753,0.7869,9989,1,chip,stone,blue_pu,3111,0.1364,REJECT
tile_3112.jpg,41690,20423,0.4899,7804,1,crack,stone,black_rubber,3112,0.0779,REJECT
tile_3113.jpg,69669,69669,1.0000,0,0,none,encaustic,white_pu,3113,0.2658,APPROVE
tile_3114.jpg,50439,47231,0.9364,2231,1,chip,marble,white_pu,3114,0.1802,APPROVE
tile_3115.jpg,41859,22363,0.5342,13622,1,crack+chip,terracotta,black_rubber,3115,0.0853,REJECT
tile_3116.jpg,85485,85485,1.0000,0,0,none,encaustic,green_pvc,3116,0.3261,APPROVE
tile_3117.jpg,30179,30179,1.0000,0,0,none,glazed,blue_pu,3117,0.1151,APPROVE
tile_3118.jpg,16893,13336,0.7894,7292,1,chip,concrete,green_pvc,3118,0.0509,REJECT
tile_3119.jpg,72085,72085,1.0000,0,0,none,encaustic,black_rubber,3119,0.2750,APPROVE
tile_3120.jpg,59263,34815,0.5875,7899,1,crack,terracotta,green_pvc,3120,0.1328,REJECT
tile_3121.jpg,23880,22325,0.9349,1251,1,chip,stone,green_pvc,3121,0.0852,APPROVE
tile_3122.jpg,148405,148405,1.0000,0,0,none,encaustic,black_rubber,3122,0.5661,APPROVE
tile_3123.jpg,77521,43600,0.5624,29962,1,crack+chip,concrete,black_rubber,3123,0.1663,REJECT
tile_3124.jpg,45373,37943,0.8362,3995,1,crack+chip,glazed,green_pvc,3124,0.1447,REJECT
tile_3125.jpg,80161,80161,1.0000,0,0,none,marble,black_rubber,3125,0.3058,APPROVE
tile_3126.jpg,24444,24444,1.0000,0,0,none,concrete,black_rubber,3126,0.0932,APPROVE
tile_3127.jpg,51556,51556,1.0000,0,0,none,concrete,black_rubber,3127,0.1967,APPROVE
tile_3128.jpg,36542,23814,0.6517,10354,1,crack+chip,terracotta,black_rubber,3128,0.0908,REJECT
tile_3129.jpg,43120,38420,0.8910,6086,1,chip,concrete,white_pu,3129,0.1466,APPROVE
tile_3130.jpg,28199,28199,1.0000,0,0,none,concrete,black_rubber,3130,0.1076,APPROVE
tile_3131.jpg,146758,69103,0.4709,20377,1,crack,terracotta,green_pvc,3131,0.2636,REJECT
tile_3132.jpg,59118,53067,0.8976,18460,1,shatter,marble,blue_pu,3132,0.2024,APPROVE
tile_3133.jpg,79352,49988,0.6300,30474,1,shatter,encaustic,black_rubber,3133,0.1907,REJECT
tile_3134.jpg,58665,58665,1.0000,0,0,none,terracotta,black_rubber,3134,0.2238,APPROVE
tile_3135.jpg,24872,24872,1.0000,0,0,none,stone,green_pvc,3135,0.0949,APPROVE
tile_3136.jpg,52629,29560,0.5617,7368,1,crack,encaustic,green_pvc,3136,0.1128,REJECT
tile_3137.jpg,155109,91089,0.5873,14051,1,crack,marble,green_pvc,3137,0.3475,REJECT
tile_3138.jpg,40665,40665,1.0000,0,0,none,terracotta,black_rubber,3138,0.1551,APPROVE
tile_3139.jpg,54439,42114,0.7736,12123,1,shatter,glazed,white_pu,3139,0.1607,REJECT
tile_3140.jpg,57490,57490,1.0000,0,0,none,concrete,black_rubber,3140,0.2193,APPROVE
tile_3141.jpg,63982,63982,1.0000,0,0,none,glazed,black_rubber,3141,0.2441,APPROVE
tile_3142.jpg,115711,115711,1.0000,0,0,none,stone,black_rubber,3142,0.4414,APPROVE
tile_3143.jpg,31867,26903,0.8442,2098,1,crack,stone,black_rubber,3143,0.1026,REJECT
tile_3144.jpg,50728,50728,1.0000,0,0,none,terracotta,black_rubber,3144,0.1935,APPROVE
tile_3145.jpg,29966,29966,1.0000,0,0,none,terracotta,grey_pvc,3145,0.1143,APPROVE
tile_3146.jpg,47079,38283,0.8132,3548,1,crack,terracotta,grey_pvc,3146,0.1460,REJECT
tile_3147.jpg,42797,42797,1.0000,0,0,none,terracotta,black_rubber,3147,0.1633,APPROVE
tile_3148.jpg,51858,33551,0.6470,8658,1,crack,glazed,blue_pu,3148,0.1280,REJECT
tile_3149.jpg,86683,60268,0.6953,8578,1,crack,terracotta,grey_pvc,3149,0.2299,REJECT
tile_3150.jpg,57978,41290,0.7122,5957,1,crack,glazed,grey_pvc,3150,0.1575,REJECT
tile_3151.jpg,90714,84879,0.9357,2120,1,crack,stone,black_rubber,3151,0.3238,APPROVE
tile_3152.jpg,66530,66530,1.0000,0,0,none,glazed,grey_pvc,3152,0.2538,APPROVE
tile_3153.jpg,12291,9631,0.7836,10594,1,shatter,marble,black_rubber,3153,0.0367,REJECT
tile_3154.jpg,41462,41462,1.0000,0,0,none,concrete,white_pu,3154,0.1582,APPROVE
tile_3155.jpg,49691,49691,1.0000,0,0,none,terracotta,blue_pu,3155,0.1896,APPROVE
tile_3156.jpg,18635,17531,0.9408,4095,1,chip,concrete,white_pu,3156,0.0669,APPROVE
tile_3157.jpg,46360,37124,0.8008,8228,1,chip,marble,black_rubber,3157,0.1416,REJECT
tile_3158.jpg,68337,53087,0.7768,5310,1,crack,terracotta,white_pu,3158,0.2025,REJECT
tile_3159.jpg,86741,86741,1.0000,0,0,none,marble,black_rubber,3159,0.3309,APPROVE
tile_3160.jpg,61130,59969,0.9810,734,1,chip,concrete,grey_pvc,3160,0.2288,APPROVE
tile_3161.jpg,129954,82229,0.6328,42960,1,chip,terracotta,green_pvc,3161,0.3137,REJECT
tile_3162.jpg,57357,57357,1.0000,0,0,none,marble,white_pu,3162,0.2188,APPROVE
tile_3163.jpg,88703,88703,1.0000,0,0,none,concrete,black_rubber,3163,0.3384,APPROVE
tile_3164.jpg,87013,60820,0.6990,22941,1,shatter,terracotta,black_rubber,3164,0.2320,REJECT
tile_3165.jpg,163995,118517,0.7227,10600,1,crack,stone,green_pvc,3165,0.4521,REJECT
tile_3166.jpg,77546,55950,0.7215,7690,1,crack,glazed,blue_pu,3166,0.2134,REJECT
tile_3167.jpg,27516,27516,1.0000,0,0,none,concrete,black_rubber,3167,0.1050,APPROVE
tile_3168.jpg,80237,49515,0.6171,9108,1,crack,marble,blue_pu,3168,0.1889,REJECT
tile_3169.jpg,110045,91105,0.8279,27796,1,shatter,marble,grey_pvc,3169,0.3475,REJECT
tile_3170.jpg,76673,51897,0.6769,5794,1,crack,terracotta,white_pu,3170,0.1980,REJECT
tile_3171.jpg,57895,50031,0.8642,18815,1,shatter,glazed,green_pvc,3171,0.1909,APPROVE
tile_3172.jpg,116677,116677,1.0000,0,0,none,terracotta,white_pu,3172,0.4451,APPROVE
tile_3173.jpg,28358,28358,1.0000,0,0,none,concrete,black_rubber,3173,0.1082,APPROVE
tile_3174.jpg,30396,27614,0.9085,4022,1,chip,stone,grey_pvc,3174,0.1053,APPROVE
tile_3175.jpg,89740,70834,0.7893,7015,1,crack,stone,black_rubber,3175,0.2702,REJECT
tile_3176.jpg,35969,16590,0.4612,42035,1,shatter,terracotta,blue_pu,3176,0.0633,REJECT
tile_3177.jpg,69022,38596,0.5592,97192,1,shatter,terracotta,green_pvc,3177,0.1472,REJECT
tile_3178.jpg,145966,133868,0.9171,2151,1,crack,marble,black_rubber,3178,0.5107,APPROVE
tile_3179.jpg,42929,32332,0.7532,3039,1,crack,marble,black_rubber,3179,0.1233,REJECT
tile_3180.jpg,77221,77221,1.0000,0,0,none,terracotta,black_rubber,3180,0.2946,APPROVE
tile_3181.jpg,112017,93976,0.8389,6989,1,crack+chip,terracotta,green_pvc,3181,0.3585,REJECT
tile_3182.jpg,22691,16020,0.7060,27254,1,shatter,stone,black_rubber,3182,0.0611,REJECT
tile_3183.jpg,153534,153534,1.0000,0,0,none,concrete,white_pu,3183,0.5857,APPROVE
tile_3184.jpg,124018,124018,1.0000,0,0,none,stone,grey_pvc,3184,0.4731,APPROVE
tile_3185.jpg,39441,38378,0.9730,809,1,chip,glazed,black_rubber,3185,0.1464,APPROVE
tile_3186.jpg,121431,88090,0.7254,44312,1,shatter,marble,grey_pvc,3186,0.3360,REJECT
tile_3187.jpg,48726,47129,0.9672,1726,1,chip,stone,green_pvc,3187,0.1798,APPROVE
tile_3188.jpg,78459,78459,1.0000,0,0,none,glazed,blue_pu,3188,0.2993,APPROVE
tile_3189.jpg,146651,146651,1.0000,0,0,none,glazed,grey_pvc,3189,0.5594,APPROVE
tile_3190.jpg,129780,87453,0.6739,9109,1,crack,encaustic,green_pvc,3190,0.3336,REJECT
tile_3191.jpg,72761,72761,1.0000,0,0,none,stone,black_rubber,3191,0.2776,APPROVE
tile_3192.jpg,47372,40531,0.8556,1936,1,crack,glazed,green_pvc,3192,0.1546,APPROVE
tile_3193.jpg,156636,156636,1.0000,0,0,none,marble,blue_pu,3193,0.5975,APPROVE
tile_3194.jpg,155863,155863,1.0000,0,0,none,encaustic,green_pvc,3194,0.5946,APPROVE
tile_3195.jpg,75432,75432,1.0000,0,0,none,glazed,white_pu,3195,0.2878,APPROVE
tile_3196.jpg,24211,20229,0.8355,5208,1,shatter,stone,green_pvc,3196,0.0772,REJECT
tile_3197.jpg,158114,158114,1.0000,0,0,none,encaustic,grey_pvc,3197,0.6032,APPROVE
tile_3198.jpg,36312,23378,0.6438,5280,1,crack,concrete,grey_pvc,3198,0.0892,REJECT
tile_3199.jpg,44361,40251,0.9074,1285,1,crack,concrete,green_pvc,3199,0.1535,APPROVE
tile_3200.jpg,50781,50781,1.0000,0,0,none,stone,black_rubber,3200,0.1937,APPROVE
tile_3201.jpg,33174,12267,0.3698,17491,1,crack+chip,glazed,blue_pu,3201,0.0468,REJECT
tile_3202.jpg,74155,74155,1.0000,0,0,none,marble,white_pu,3202,0.2829,APPROVE
tile_3203.jpg,27645,22107,0.7997,2885,1,crack,terracotta,green_pvc,3203,0.0843,REJECT
tile_3204.jpg,78457,73818,0.9409,21168,1,chip,encaustic,grey_pvc,3204,0.2816,APPROVE
tile_3205.jpg,46384,30955,0.6674,5426,1,crack,marble,green_pvc,3205,0.1181,REJECT
tile_3206.jpg,144420,144420,1.0000,0,0,none,terracotta,white_pu,3206,0.5509,APPROVE
tile_3207.jpg,46870,46870,1.0000,0,0,none,terracotta,black_rubber,3207,0.1788,APPROVE
tile_3208.jpg,39840,26797,0.6726,11591,1,crack+chip,glazed,blue_pu,3208,0.1022,REJECT
tile_3209.jpg,177103,177103,1.0000,0,0,none,encaustic,white_pu,3209,0.6756,APPROVE
tile_3210.jpg,128482,128482,1.0000,0,0,none,encaustic,black_rubber,3210,0.4901,APPROVE
tile_3211.jpg,52662,43349,0.8232,3437,1,crack,marble,grey_pvc,3211,0.1654,REJECT
tile_3212.jpg,49253,24656,0.5006,9925,1,crack,encaustic,grey_pvc,3212,0.0941,REJECT
tile_3213.jpg,43515,29393,0.6755,19123,1,shatter,marble,grey_pvc,3213,0.1121,REJECT
tile_3214.jpg,75342,66350,0.8807,2478,1,crack,terracotta,green_pvc,3214,0.2531,APPROVE
tile_3215.jpg,34117,20530,0.6018,5936,1,crack,terracotta,grey_pvc,3215,0.0783,REJECT
tile_3216.jpg,79854,57897,0.7250,7466,1,crack,marble,black_rubber,3216,0.2209,REJECT
tile_3217.jpg,77621,77621,1.0000,0,0,none,concrete,grey_pvc,3217,0.2961,APPROVE
tile_3218.jpg,31076,31076,1.0000,0,0,none,terracotta,green_pvc,3218,0.1185,APPROVE
tile_3219.jpg,152079,152079,1.0000,0,0,none,encaustic,white_pu,3219,0.5801,APPROVE
tile_3220.jpg,39169,33792,0.8627,2984,1,crack+chip,glazed,blue_pu,3220,0.1289,APPROVE
tile_3221.jpg,24549,22412,0.9129,17290,1,chip,glazed,blue_pu,3221,0.0855,APPROVE
tile_3222.jpg,83802,83802,1.0000,0,0,none,marble,grey_pvc,3222,0.3197,APPROVE
tile_3223.jpg,172138,172138,1.0000,0,0,none,terracotta,green_pvc,3223,0.6567,APPROVE
tile_3224.jpg,76673,42440,0.5535,12042,1,crack,marble,black_rubber,3224,0.1619,REJECT
tile_3225.jpg,91156,91156,1.0000,0,0,none,encaustic,blue_pu,3225,0.3477,APPROVE
tile_3226.jpg,45813,45813,1.0000,0,0,none,glazed,grey_pvc,3226,0.1748,APPROVE
tile_3227.jpg,72740,65445,0.8997,2055,1,crack,marble,blue_pu,3227,0.2497,APPROVE
tile_3228.jpg,105710,52856,0.5000,12065,1,crack,concrete,white_pu,3228,0.2016,REJECT
tile_3229.jpg,66567,53498,0.8037,4442,1,crack,concrete,grey_pvc,3229,0.2041,REJECT
tile_3230.jpg,163414,163414,1.0000,0,0,none,encaustic,green_pvc,3230,0.6234,APPROVE
tile_3231.jpg,86121,35417,0.4112,13968,1,crack,concrete,white_pu,3231,0.1351,REJECT
tile_3232.jpg,85007,77861,0.9159,23537,1,chip,encaustic,grey_pvc,3232,0.2970,APPROVE
tile_3233.jpg,49495,49495,1.0000,0,0,none,encaustic,blue_pu,3233,0.1888,APPROVE
tile_3234.jpg,45866,32531,0.7093,37612,1,chip,encaustic,white_pu,3234,0.1241,REJECT
tile_3235.jpg,64036,60993,0.9525,8778,1,chip,glazed,grey_pvc,3235,0.2327,APPROVE
tile_3236.jpg,39088,39088,1.0000,0,0,none,stone,black_rubber,3236,0.1491,APPROVE
tile_3237.jpg,158785,108462,0.6831,10035,1,crack,stone,white_pu,3237,0.4137,REJECT
tile_3238.jpg,65760,65760,1.0000,0,0,none,glazed,blue_pu,3238,0.2509,APPROVE
tile_3239.jpg,102117,99476,0.9741,1518,1,chip,stone,black_rubber,3239,0.3795,APPROVE
tile_3240.jpg,60674,38094,0.6278,8536,1,crack,concrete,blue_pu,3240,0.1453,REJECT
tile_3241.jpg,113395,38351,0.3382,83119,1,crack+chip,concrete,grey_pvc,3241,0.1463,REJECT
tile_3242.jpg,43731,26932,0.6159,7188,1,crack,terracotta,grey_pvc,3242,0.1027,REJECT
tile_3243.jpg,57199,57199,1.0000,0,0,none,concrete,grey_pvc,3243,0.2182,APPROVE
tile_3244.jpg,69239,60311,0.8711,35788,1,chip,marble,green_pvc,3244,0.2301,APPROVE
tile_3245.jpg,46477,46477,1.0000,0,0,none,glazed,grey_pvc,3245,0.1773,APPROVE
tile_3246.jpg,24262,18465,0.7611,70725,1,shatter,marble,black_rubber,3246,0.0704,REJECT
tile_3247.jpg,64111,51957,0.8104,18451,1,shatter,terracotta,white_pu,3247,0.1982,REJECT
tile_3248.jpg,125846,72352,0.5749,49115,1,chip,glazed,grey_pvc,3248,0.2760,REJECT
tile_3249.jpg,71621,60297,0.8419,3113,1,crack,encaustic,grey_pvc,3249,0.2300,REJECT
tile_3250.jpg,57902,57902,1.0000,0,0,none,encaustic,grey_pvc,3250,0.2209,APPROVE
tile_3251.jpg,119285,58114,0.4872,36163,1,crack+chip,encaustic,black_rubber,3251,0.2217,REJECT
tile_3252.jpg,38618,38618,1.0000,0,0,none,glazed,black_rubber,3252,0.1473,APPROVE
tile_3253.jpg,71648,70088,0.9782,2470,1,chip,encaustic,white_pu,3253,0.2674,APPROVE
tile_3254.jpg,105568,43405,0.4112,15676,1,crack,stone,green_pvc,3254,0.1656,REJECT
tile_3255.jpg,58622,58622,1.0000,0,0,none,marble,black_rubber,3255,0.2236,APPROVE
tile_3256.jpg,77640,77640,1.0000,0,0,none,terracotta,blue_pu,3256,0.2962,APPROVE
tile_3257.jpg,54651,53943,0.9870,867,1,chip,marble,green_pvc,3257,0.2058,APPROVE
tile_3258.jpg,169752,60958,0.3591,69054,1,crack+chip,glazed,blue_pu,3258,0.2325,REJECT
tile_3259.jpg,108317,108317,1.0000,0,0,none,marble,black_rubber,3259,0.4132,APPROVE
tile_3260.jpg,134288,89341,0.6653,36209,1,crack+chip,encaustic,grey_pvc,3260,0.3408,REJECT
tile_3261.jpg,51858,34052,0.6566,29269,1,shatter,marble,white_pu,3261,0.1299,REJECT
tile_3262.jpg,55405,47535,0.8580,12433,1,shatter,terracotta,white_pu,3262,0.1813,APPROVE
tile_3263.jpg,29230,20362,0.6966,4254,1,crack,terracotta,black_rubber,3263,0.0777,REJECT
tile_3264.jpg,131999,65575,0.4968,16190,1,crack,encaustic,green_pvc,3264,0.2501,REJECT
tile_3265.jpg,59652,37088,0.6217,7577,1,crack,encaustic,grey_pvc,3265,0.1415,REJECT
tile_3266.jpg,34314,34314,1.0000,0,0,none,marble,grey_pvc,3266,0.1309,APPROVE
tile_3267.jpg,41799,39444,0.9437,766,1,crack,concrete,grey_pvc,3267,0.1505,APPROVE
tile_3268.jpg,21295,21295,1.0000,0,0,none,stone,white_pu,3268,0.0812,APPROVE
tile_3269.jpg,101322,101322,1.0000,0,0,none,encaustic,grey_pvc,3269,0.3865,APPROVE
tile_3270.jpg,78077,69154,0.8857,3177,1,crack+chip,glazed,white_pu,3270,0.2638,APPROVE
tile_3271.jpg,33247,33247,1.0000,0,0,none,terracotta,grey_pvc,3271,0.1268,APPROVE
tile_3272.jpg,137679,85679,0.6223,11426,1,crack,marble,grey_pvc,3272,0.3268,REJECT
tile_3273.jpg,70005,70005,1.0000,0,0,none,marble,blue_pu,3273,0.2670,APPROVE
tile_3274.jpg,23932,17787,0.7432,27700,1,shatter,marble,black_rubber,3274,0.0679,REJECT
tile_3275.jpg,148374,148374,1.0000,0,0,none,encaustic,grey_pvc,3275,0.5660,APPROVE
tile_3276.jpg,22623,17956,0.7937,2287,1,crack,glazed,grey_pvc,3276,0.0685,REJECT
tile_3277.jpg,73450,73450,1.0000,0,0,none,encaustic,blue_pu,3277,0.2802,APPROVE
tile_3278.jpg,168166,168166,1.0000,0,0,none,terracotta,black_rubber,3278,0.6415,APPROVE
tile_3279.jpg,80180,54281,0.6770,23003,1,crack+chip,glazed,black_rubber,3279,0.2071,REJECT
tile_3280.jpg,144500,88374,0.6116,11076,1,crack,encaustic,grey_pvc,3280,0.3371,REJECT
tile_3281.jpg,38072,38072,1.0000,0,0,none,stone,white_pu,3281,0.1452,APPROVE
tile_3282.jpg,115002,92248,0.8021,38600,1,chip,encaustic,green_pvc,3282,0.3519,REJECT
tile_3283.jpg,105749,105749,1.0000,0,0,none,encaustic,grey_pvc,3283,0.4034,APPROVE
tile_3284.jpg,135432,112250,0.8288,4776,1,crack,encaustic,green_pvc,3284,0.4282,REJECT
tile_3285.jpg,93192,63422,0.6806,10420,1,crack,stone,black_rubber,3285,0.2419,REJECT
tile_3286.jpg,92793,92793,1.0000,0,0,none,encaustic,blue_pu,3286,0.3540,APPROVE
tile_3287.jpg,32908,27014,0.8209,11473,1,chip,stone,blue_pu,3287,0.1031,REJECT
tile_3288.jpg,80166,80166,1.0000,0,0,none,stone,black_rubber,3288,0.3058,APPROVE
tile_3289.jpg,80243,53562,0.6675,38093,1,shatter,encaustic,blue_pu,3289,0.2043,REJECT
tile_3290.jpg,47462,47462,1.0000,0,0,none,marble,grey_pvc,3290,0.1811,APPROVE
tile_3291.jpg,34807,19305,0.5546,19752,1,chip,terracotta,black_rubber,3291,0.0736,REJECT
tile_3292.jpg,51262,28110,0.5484,20488,1,shatter,marble,grey_pvc,3292,0.1072,REJECT
tile_3293.jpg,114109,114109,1.0000,0,0,none,encaustic,black_rubber,3293,0.4353,APPROVE
tile_3294.jpg,46865,46865,1.0000,0,0,none,glazed,white_pu,3294,0.1788,APPROVE
tile_3295.jpg,65603,58767,0.8958,33297,1,chip,encaustic,white_pu,3295,0.2242,APPROVE
tile_3296.jpg,53178,45612,0.8577,12478,1,crack+chip,glazed,green_pvc,3296,0.1740,APPROVE
tile_3297.jpg,114347,94505,0.8265,15515,1,chip,encaustic,green_pvc,3297,0.3605,REJECT
tile_3298.jpg,141596,112112,0.7918,6255,1,crack,encaustic,green_pvc,3298,0.4277,REJECT
tile_3299.jpg,159787,159787,1.0000,0,0,none,marble,grey_pvc,3299,0.6095,APPROVE
tile_3300.jpg,50264,45880,0.9128,5365,1,chip,terracotta,grey_pvc,3300,0.1750,APPROVE
tile_3301.jpg,161126,86240,0.5352,19122,1,crack,terracotta,green_pvc,3301,0.3290,REJECT
tile_3302.jpg,14540,12038,0.8279,16324,1,shatter,stone,black_rubber,3302,0.0459,REJECT
tile_3303.jpg,36536,36536,1.0000,0,0,none,glazed,grey_pvc,3303,0.1394,APPROVE
tile_3304.jpg,31842,31842,1.0000,0,0,none,stone,grey_pvc,3304,0.1215,APPROVE
tile_3305.jpg,51590,39367,0.7631,4111,1,crack,marble,grey_pvc,3305,0.1502,REJECT
tile_3306.jpg,36199,27713,0.7656,23813,1,chip,stone,green_pvc,3306,0.1057,REJECT
tile_3307.jpg,99274,99274,1.0000,0,0,none,stone,grey_pvc,3307,0.3787,APPROVE
tile_3308.jpg,54467,54467,1.0000,0,0,none,marble,blue_pu,3308,0.2078,APPROVE
tile_3309.jpg,102746,95812,0.9325,6489,1,chip,stone,green_pvc,3309,0.3655,APPROVE
tile_3310.jpg,146768,146768,1.0000,0,0,none,encaustic,blue_pu,3310,0.5599,APPROVE
tile_3311.jpg,98283,57920,0.5893,12497,1,crack,concrete,grey_pvc,3311,0.2209,REJECT
tile_3312.jpg,144765,90884,0.6278,13143,1,crack,glazed,black_rubber,3312,0.3467,REJECT
tile_3313.jpg,26219,18048,0.6884,6436,1,crack+chip,glazed,blue_pu,3313,0.0688,REJECT
tile_3314.jpg,81127,67755,0.8352,9603,1,shatter,marble,green_pvc,3314,0.2585,REJECT
tile_3315.jpg,27634,27257,0.9864,610,1,chip,terracotta,grey_pvc,3315,0.1040,APPROVE
tile_3316.jpg,53313,53313,1.0000,0,0,none,concrete,grey_pvc,3316,0.2034,APPROVE
tile_3317.jpg,97322,96256,0.9890,1092,1,chip,encaustic,blue_pu,3317,0.3672,APPROVE
tile_3318.jpg,35289,33626,0.9529,598,1,crack,stone,black_rubber,3318,0.1283,APPROVE
tile_3319.jpg,70288,35300,0.5022,11587,1,crack,concrete,black_rubber,3319,0.1347,REJECT
tile_3320.jpg,34741,33788,0.9726,4097,1,chip,stone,white_pu,3320,0.1289,APPROVE
tile_3321.jpg,63806,63806,1.0000,0,0,none,terracotta,blue_pu,3321,0.2434,APPROVE
tile_3322.jpg,34051,33300,0.9779,2245,1,chip,concrete,white_pu,3322,0.1270,APPROVE
tile_3323.jpg,66112,66112,1.0000,0,0,none,glazed,black_rubber,3323,0.2522,APPROVE
tile_3324.jpg,66015,66015,1.0000,0,0,none,terracotta,blue_pu,3324,0.2518,APPROVE
tile_3325.jpg,67669,67669,1.0000,0,0,none,marble,white_pu,3325,0.2581,APPROVE
tile_3326.jpg,95164,95164,1.0000,0,0,none,encaustic,green_pvc,3326,0.3630,APPROVE
tile_3327.jpg,89760,89760,1.0000,0,0,none,concrete,white_pu,3327,0.3424,APPROVE
tile_3328.jpg,33506,22262,0.6644,13835,1,crack+chip,glazed,grey_pvc,3328,0.0849,REJECT
tile_3329.jpg,80948,33580,0.4148,71584,1,crack+chip,marble,blue_pu,3329,0.1281,REJECT
tile_3330.jpg,98082,98082,1.0000,0,0,none,marble,blue_pu,3330,0.3742,APPROVE
tile_3331.jpg,63905,50364,0.7881,12749,1,crack+chip,terracotta,blue_pu,3331,0.1921,REJECT
tile_3332.jpg,130125,77319,0.5942,43341,1,chip,marble,black_rubber,3332,0.2949,REJECT
tile_3333.jpg,51828,27589,0.5323,31883,1,shatter,encaustic,green_pvc,3333,0.1052,REJECT
tile_3334.jpg,67368,40114,0.5954,10500,1,crack,stone,green_pvc,3334,0.1530,REJECT
tile_3335.jpg,116213,33529,0.2885,112136,1,crack+chip,concrete,black_rubber,3335,0.1279,REJECT
tile_3336.jpg,161336,97857,0.6065,12201,1,crack,encaustic,black_rubber,3336,0.3733,REJECT
tile_3337.jpg,43788,43788,1.0000,0,0,none,stone,black_rubber,3337,0.1670,APPROVE
tile_3338.jpg,83764,83764,1.0000,0,0,none,terracotta,green_pvc,3338,0.3195,APPROVE
tile_3339.jpg,86756,53496,0.6166,9973,1,crack,encaustic,black_rubber,3339,0.2041,REJECT
tile_3340.jpg,86892,86892,1.0000,0,0,none,terracotta,green_pvc,3340,0.3315,APPROVE
tile_3341.jpg,38617,27384,0.7091,18235,1,shatter,glazed,blue_pu,3341,0.1045,REJECT
tile_3342.jpg,131506,74792,0.5687,28094,1,shatter,encaustic,blue_pu,3342,0.2853,REJECT
tile_3343.jpg,72181,51995,0.7203,13724,1,crack+chip,glazed,green_pvc,3343,0.1983,REJECT
tile_3344.jpg,39585,39585,1.0000,0,0,none,glazed,green_pvc,3344,0.1510,APPROVE
tile_3345.jpg,126427,126427,1.0000,0,0,none,encaustic,green_pvc,3345,0.4823,APPROVE
tile_3346.jpg,57181,52491,0.9180,1497,1,crack,marble,blue_pu,3346,0.2002,APPROVE
tile_3347.jpg,79794,79794,1.0000,0,0,none,terracotta,grey_pvc,3347,0.3044,APPROVE
tile_3348.jpg,59649,47158,0.7906,6158,1,crack+chip,marble,green_pvc,3348,0.1799,REJECT
tile_3349.jpg,177165,177165,1.0000,0,0,none,marble,black_rubber,3349,0.6758,APPROVE
tile_3350.jpg,57750,54208,0.9387,788,1,crack,glazed,black_rubber,3350,0.2068,APPROVE
tile_3351.jpg,83846,70275,0.8381,3837,1,crack,terracotta,grey_pvc,3351,0.2681,REJECT
tile_3352.jpg,81893,81893,1.0000,0,0,none,encaustic,white_pu,3352,0.3124,APPROVE
tile_3353.jpg,49742,49089,0.9869,391,1,chip,terracotta,green_pvc,3353,0.1873,APPROVE
tile_3354.jpg,61746,61746,1.0000,0,0,none,encaustic,black_rubber,3354,0.2355,APPROVE
tile_3355.jpg,44046,44046,1.0000,0,0,none,terracotta,grey_pvc,3355,0.1680,APPROVE
tile_3356.jpg,111558,86589,0.7762,10783,1,crack+chip,glazed,grey_pvc,3356,0.3303,REJECT
tile_3357.jpg,35396,35396,1.0000,0,0,none,marble,green_pvc,3357,0.1350,APPROVE
tile_3358.jpg,73114,40159,0.5493,9901,1,crack,glazed,blue_pu,3358,0.1532,REJECT
tile_3359.jpg,36605,28755,0.7855,22646,1,chip,concrete,white_pu,3359,0.1097,REJECT
tile_3360.jpg,20250,15829,0.7817,29017,1,shatter,stone,green_pvc,3360,0.0604,REJECT
tile_3361.jpg,49933,39710,0.7953,3672,1,crack,terracotta,black_rubber,3361,0.1515,REJECT
tile_3362.jpg,25689,23536,0.9162,2036,1,chip,terracotta,green_pvc,3362,0.0898,APPROVE
tile_3363.jpg,45939,40027,0.8713,2335,1,crack,terracotta,green_pvc,3363,0.1527,APPROVE
tile_3364.jpg,21033,18711,0.8896,3951,1,chip,terracotta,black_rubber,3364,0.0714,APPROVE
tile_3365.jpg,18217,11959,0.6565,25887,1,shatter,concrete,green_pvc,3365,0.0456,REJECT
tile_3366.jpg,24491,21556,0.8802,15706,1,chip,encaustic,grey_pvc,3366,0.0822,APPROVE
tile_3367.jpg,35722,26888,0.7527,13976,1,crack+chip,terracotta,grey_pvc,3367,0.1026,REJECT
tile_3368.jpg,60216,60216,1.0000,0,0,none,encaustic,green_pvc,3368,0.2297,APPROVE
tile_3369.jpg,70189,70189,1.0000,0,0,none,glazed,green_pvc,3369,0.2677,APPROVE
tile_3370.jpg,54050,54050,1.0000,0,0,none,stone,green_pvc,3370,0.2062,APPROVE
tile_3371.jpg,75239,75239,1.0000,0,0,none,terracotta,black_rubber,3371,0.2870,APPROVE
tile_3372.jpg,88800,88800,1.0000,0,0,none,marble,white_pu,3372,0.3387,APPROVE
tile_3373.jpg,68726,54503,0.7930,5769,1,crack,glazed,grey_pvc,3373,0.2079,REJECT
tile_3374.jpg,50417,44242,0.8775,2197,1,crack,marble,black_rubber,3374,0.1688,APPROVE
tile_3375.jpg,131978,131978,1.0000,0,0,none,encaustic,green_pvc,3375,0.5035,APPROVE
tile_3376.jpg,61805,35548,0.5752,8193,1,crack,marble,white_pu,3376,0.1356,REJECT
tile_3377.jpg,97141,97141,1.0000,0,0,none,terracotta,blue_pu,3377,0.3706,APPROVE
tile_3378.jpg,31516,31516,1.0000,0,0,none,concrete,grey_pvc,3378,0.1202,APPROVE
tile_3379.jpg,52671,52671,1.0000,0,0,none,marble,white_pu,3379,0.2009,APPROVE
tile_3380.jpg,51853,51853,1.0000,0,0,none,glazed,green_pvc,3380,0.1978,APPROVE
tile_3381.jpg,140606,140606,1.0000,0,0,none,marble,blue_pu,3381,0.5364,APPROVE
tile_3382.jpg,75063,39647,0.5282,67516,1,shatter,marble,black_rubber,3382,0.1512,REJECT
tile_3383.jpg,25931,22757,0.8776,11435,1,shatter,terracotta,grey_pvc,3383,0.0868,APPROVE
tile_3384.jpg,67134,67134,1.0000,0,0,none,marble,black_rubber,3384,0.2561,APPROVE
tile_3385.jpg,33357,30173,0.9045,1591,1,crack+chip,marble,grey_pvc,3385,0.1151,APPROVE
tile_3386.jpg,124847,77586,0.6214,11955,1,crack,stone,black_rubber,3386,0.2960,REJECT
tile_3387.jpg,103137,95901,0.9298,48956,1,chip,encaustic,blue_pu,3387,0.3658,APPROVE
tile_3388.jpg,84165,84165,1.0000,0,0,none,glazed,grey_pvc,3388,0.3211,APPROVE
tile_3389.jpg,98924,81305,0.8219,19777,1,crack+chip,terracotta,black_rubber,3389,0.3102,REJECT
tile_3390.jpg,115741,91138,0.7874,4877,1,crack,encaustic,white_pu,3390,0.3477,REJECT
tile_3391.jpg,27705,15009,0.5417,32269,1,crack+chip,encaustic,grey_pvc,3391,0.0573,REJECT
tile_3392.jpg,124729,124729,1.0000,0,0,none,terracotta,black_rubber,3392,0.4758,APPROVE
tile_3393.jpg,52100,52100,1.0000,0,0,none,glazed,grey_pvc,3393,0.1987,APPROVE
tile_3394.jpg,48244,43273,0.8970,1602,1,crack,concrete,black_rubber,3394,0.1651,APPROVE
tile_3395.jpg,29047,29047,1.0000,0,0,none,glazed,black_rubber,3395,0.1108,APPROVE
tile_3396.jpg,125950,65608,0.5209,14131,1,crack,encaustic,grey_pvc,3396,0.2503,REJECT
tile_3397.jpg,103433,69876,0.6756,27631,1,chip,stone,black_rubber,3397,0.2666,REJECT
tile_3398.jpg,89154,36834,0.4132,53606,1,crack+chip,encaustic,white_pu,3398,0.1405,REJECT
tile_3399.jpg,130214,100856,0.7745,23585,1,crack+chip,encaustic,black_rubber,3399,0.3847,REJECT
tile_3400.jpg,110964,110964,1.0000,0,0,none,glazed,white_pu,3400,0.4233,APPROVE
tile_3401.jpg,53909,41917,0.7776,4212,1,crack,glazed,white_pu,3401,0.1599,REJECT
tile_3402.jpg,149330,108664,0.7277,9245,1,crack,encaustic,green_pvc,3402,0.4145,REJECT
tile_3403.jpg,39334,39334,1.0000,0,0,none,glazed,green_pvc,3403,0.1500,APPROVE
tile_3404.jpg,41077,27756,0.6757,49247,1,shatter,concrete,grey_pvc,3404,0.1059,REJECT
tile_3405.jpg,42545,26870,0.6316,6661,1,crack,marble,blue_pu,3405,0.1025,REJECT
tile_3406.jpg,45932,25926,0.5644,59618,1,shatter,encaustic,green_pvc,3406,0.0989,REJECT
tile_3407.jpg,119724,112961,0.9435,44498,1,chip,encaustic,green_pvc,3407,0.4309,APPROVE
tile_3408.jpg,20518,16754,0.8166,4037,1,crack+chip,marble,green_pvc,3408,0.0639,REJECT
tile_3409.jpg,52487,41407,0.7889,35589,1,shatter,concrete,grey_pvc,3409,0.1580,REJECT
tile_3410.jpg,95006,74231,0.7813,28623,1,shatter,stone,green_pvc,3410,0.2832,REJECT
tile_3411.jpg,75161,75161,1.0000,0,0,none,terracotta,black_rubber,3411,0.2867,APPROVE
tile_3412.jpg,56000,32708,0.5841,15145,1,crack+chip,concrete,white_pu,3412,0.1248,REJECT
tile_3413.jpg,69791,62095,0.8897,2006,1,crack,concrete,green_pvc,3413,0.2369,APPROVE
tile_3414.jpg,30406,13760,0.4525,15586,1,crack+chip,terracotta,black_rubber,3414,0.0525,REJECT
tile_3415.jpg,64048,62125,0.9700,1363,1,chip,terracotta,black_rubber,3415,0.2370,APPROVE
tile_3416.jpg,56785,29461,0.5188,10212,1,crack,glazed,grey_pvc,3416,0.1124,REJECT
tile_3417.jpg,90724,62306,0.6868,41701,1,shatter,encaustic,white_pu,3417,0.2377,REJECT
tile_3418.jpg,85746,59813,0.6976,19664,1,shatter,concrete,black_rubber,3418,0.2282,REJECT
tile_3419.jpg,50665,50665,1.0000,0,0,none,terracotta,green_pvc,3419,0.1933,APPROVE
tile_3420.jpg,86496,82371,0.9523,4273,1,chip,marble,green_pvc,3420,0.3142,APPROVE
tile_3421.jpg,80754,59997,0.7430,14624,1,crack+chip,encaustic,white_pu,3421,0.2289,REJECT
tile_3422.jpg,48845,39893,0.8167,25678,1,shatter,stone,black_rubber,3422,0.1522,REJECT
tile_3423.jpg,56886,42289,0.7434,10572,1,crack+chip,glazed,white_pu,3423,0.1613,REJECT
tile_3424.jpg,58652,46424,0.7915,3866,1,crack,marble,white_pu,3424,0.1771,REJECT
tile_3425.jpg,163473,163473,1.0000,0,0,none,encaustic,grey_pvc,3425,0.6236,APPROVE
tile_3426.jpg,47861,34003,0.7105,6982,1,crack+chip,concrete,white_pu,3426,0.1297,REJECT
tile_3427.jpg,28523,15592,0.5466,6397,1,crack,glazed,white_pu,3427,0.0595,REJECT
tile_3428.jpg,28424,16472,0.5795,50156,1,shatter,encaustic,black_rubber,3428,0.0628,REJECT
tile_3429.jpg,55774,53586,0.9608,1355,1,chip,glazed,blue_pu,3429,0.2044,APPROVE
tile_3430.jpg,25655,25655,1.0000,0,0,none,terracotta,blue_pu,3430,0.0979,APPROVE
tile_3431.jpg,27377,20760,0.7583,2355,1,crack,terracotta,grey_pvc,3431,0.0792,REJECT
tile_3432.jpg,37876,20841,0.5502,40754,1,chip,glazed,green_pvc,3432,0.0795,REJECT
tile_3433.jpg,178648,178648,1.0000,0,0,none,concrete,black_rubber,3433,0.6815,APPROVE
tile_3434.jpg,66157,49949,0.7550,6114,1,crack,glazed,grey_pvc,3434,0.1905,REJECT
tile_3435.jpg,54815,48809,0.8904,6044,1,chip,concrete,black_rubber,3435,0.1862,APPROVE
tile_3436.jpg,57898,49547,0.8558,6793,1,chip,terracotta,black_rubber,3436,0.1890,APPROVE
tile_3437.jpg,48642,46177,0.9493,838,1,crack+chip,marble,black_rubber,3437,0.1762,APPROVE
tile_3438.jpg,21130,11766,0.5568,5205,1,crack,terracotta,black_rubber,3438,0.0449,REJECT
tile_3439.jpg,132968,38432,0.2890,98452,1,crack+chip,marble,green_pvc,3439,0.1466,REJECT
tile_3440.jpg,50599,50599,1.0000,0,0,none,marble,black_rubber,3440,0.1930,APPROVE
tile_3441.jpg,64202,34458,0.5367,10455,1,crack,terracotta,black_rubber,3441,0.1314,REJECT
tile_3442.jpg,43315,41215,0.9515,2008,1,crack+chip,terracotta,green_pvc,3442,0.1572,APPROVE
tile_3443.jpg,63192,63192,1.0000,0,0,none,glazed,black_rubber,3443,0.2411,APPROVE
tile_3444.jpg,64012,56479,0.8823,11522,1,chip,marble,grey_pvc,3444,0.2155,APPROVE
tile_3445.jpg,60714,38425,0.6329,30327,1,crack+chip,stone,white_pu,3445,0.1466,REJECT
tile_3446.jpg,96996,80029,0.8251,7196,1,crack+chip,terracotta,white_pu,3446,0.3053,REJECT
tile_3447.jpg,95474,95474,1.0000,0,0,none,terracotta,white_pu,3447,0.3642,APPROVE
tile_3448.jpg,151691,110474,0.7283,55913,1,chip,terracotta,grey_pvc,3448,0.4214,REJECT
tile_3449.jpg,44450,44450,1.0000,0,0,none,marble,blue_pu,3449,0.1696,APPROVE
tile_3450.jpg,101011,63793,0.6315,40054,1,crack+chip,glazed,grey_pvc,3450,0.2434,REJECT
tile_3451.jpg,55979,41363,0.7389,32822,1,shatter,stone,white_pu,3451,0.1578,REJECT
tile_3452.jpg,41841,18767,0.4485,22709,1,chip,terracotta,green_pvc,3452,0.0716,REJECT
tile_3453.jpg,59779,49757,0.8323,2705,1,crack,stone,black_rubber,3453,0.1898,REJECT
tile_3454.jpg,111036,111036,1.0000,0,0,none,concrete,black_rubber,3454,0.4236,APPROVE
tile_3455.jpg,90179,51982,0.5764,11345,1,crack,stone,blue_pu,3455,0.1983,REJECT
tile_3456.jpg,92307,92307,1.0000,0,0,none,glazed,blue_pu,3456,0.3521,APPROVE
tile_3457.jpg,62459,32945,0.5275,10756,1,crack,stone,black_rubber,3457,0.1257,REJECT
tile_3458.jpg,37130,37130,1.0000,0,0,none,glazed,blue_pu,3458,0.1416,APPROVE
tile_3459.jpg,92791,92791,1.0000,0,0,none,terracotta,black_rubber,3459,0.3540,APPROVE
tile_3460.jpg,64681,34610,0.5351,10522,1,crack,encaustic,black_rubber,3460,0.1320,REJECT
tile_3461.jpg,66827,40278,0.6027,29126,1,shatter,terracotta,grey_pvc,3461,0.1536,REJECT
tile_3462.jpg,179899,179899,1.0000,0,0,none,glazed,grey_pvc,3462,0.6863,APPROVE
tile_3463.jpg,50432,50432,1.0000,0,0,none,stone,green_pvc,3463,0.1924,APPROVE
tile_3464.jpg,173523,173523,1.0000,0,0,none,marble,blue_pu,3464,0.6619,APPROVE
tile_3465.jpg,48659,34829,0.7158,26987,1,chip,concrete,black_rubber,3465,0.1329,REJECT
tile_3466.jpg,111752,58020,0.5192,65573,1,crack+chip,encaustic,grey_pvc,3466,0.2213,REJECT
tile_3467.jpg,83861,83861,1.0000,0,0,none,concrete,grey_pvc,3467,0.3199,APPROVE
tile_3468.jpg,42291,25576,0.6048,20681,1,crack+chip,marble,grey_pvc,3468,0.0976,REJECT
tile_3469.jpg,59258,34979,0.5903,7023,1,crack,concrete,black_rubber,3469,0.1334,REJECT
tile_3470.jpg,78249,78249,1.0000,0,0,none,glazed,grey_pvc,3470,0.2985,APPROVE
tile_3471.jpg,24414,24414,1.0000,0,0,none,marble,green_pvc,3471,0.0931,APPROVE
tile_3472.jpg,84080,84080,1.0000,0,0,none,encaustic,black_rubber,3472,0.3207,APPROVE
tile_3473.jpg,32808,32808,1.0000,0,0,none,concrete,green_pvc,3473,0.1252,APPROVE
tile_3474.jpg,59298,59298,1.0000,0,0,none,terracotta,black_rubber,3474,0.2262,APPROVE
tile_3475.jpg,47511,33423,0.7035,45481,1,shatter,glazed,white_pu,3475,0.1275,REJECT
tile_3476.jpg,26977,22206,0.8231,45294,1,shatter,glazed,grey_pvc,3476,0.0847,REJECT
tile_3477.jpg,74437,41532,0.5579,25667,1,crack+chip,marble,green_pvc,3477,0.1584,REJECT
tile_3478.jpg,23360,14971,0.6409,4569,1,crack,marble,black_rubber,3478,0.0571,REJECT
tile_3479.jpg,78214,52051,0.6655,8261,1,crack,stone,white_pu,3479,0.1986,REJECT
tile_3480.jpg,39803,32812,0.8244,8979,1,chip,concrete,black_rubber,3480,0.1252,REJECT
tile_3481.jpg,62863,48670,0.7742,38050,1,chip,glazed,green_pvc,3481,0.1857,REJECT
tile_3482.jpg,40800,32592,0.7988,7622,1,chip,stone,white_pu,3482,0.1243,REJECT
tile_3483.jpg,121495,121495,1.0000,0,0,none,glazed,grey_pvc,3483,0.4635,APPROVE
tile_3484.jpg,71759,52526,0.7320,8813,1,crack+chip,marble,black_rubber,3484,0.2004,REJECT
tile_3485.jpg,96581,55638,0.5761,13166,1,crack,marble,black_rubber,3485,0.2122,REJECT
tile_3486.jpg,57282,46988,0.8203,10415,1,crack+chip,marble,white_pu,3486,0.1792,REJECT
tile_3487.jpg,162327,162327,1.0000,0,0,none,encaustic,black_rubber,3487,0.6192,APPROVE
tile_3488.jpg,38610,23573,0.6105,17238,1,shatter,glazed,white_pu,3488,0.0899,REJECT
tile_3489.jpg,21931,16797,0.7659,2681,1,crack,terracotta,black_rubber,3489,0.0641,REJECT
tile_3490.jpg,88102,88102,1.0000,0,0,none,marble,white_pu,3490,0.3361,APPROVE
tile_3491.jpg,40542,40542,1.0000,0,0,none,concrete,black_rubber,3491,0.1547,APPROVE
tile_3492.jpg,64852,22104,0.3408,39430,1,crack+chip,encaustic,green_pvc,3492,0.0843,REJECT
tile_3493.jpg,65653,40263,0.6133,10374,1,crack,marble,blue_pu,3493,0.1536,REJECT
tile_3494.jpg,50673,50673,1.0000,0,0,none,glazed,grey_pvc,3494,0.1933,APPROVE
tile_3495.jpg,64109,60604,0.9453,13190,1,chip,encaustic,black_rubber,3495,0.2312,APPROVE
tile_3496.jpg,82490,54599,0.6619,7890,1,crack,encaustic,white_pu,3496,0.2083,REJECT
tile_3497.jpg,96163,94732,0.9851,736,1,chip,glazed,white_pu,3497,0.3614,APPROVE
tile_3498.jpg,95210,71189,0.7477,7049,1,crack,stone,grey_pvc,3498,0.2716,REJECT
tile_3499.jpg,76670,76670,1.0000,0,0,none,stone,blue_pu,3499,0.2925,APPROVE
tile_3500.jpg,28941,21464,0.7416,24808,1,shatter,glazed,black_rubber,3500,0.0819,REJECT
tile_3501.jpg,50621,29586,0.5845,35736,1,shatter,glazed,blue_pu,3501,0.1129,REJECT
tile_3502.jpg,56050,56050,1.0000,0,0,none,terracotta,white_pu,3502,0.2138,APPROVE
tile_3503.jpg,98056,58397,0.5955,10322,1,crack,glazed,black_rubber,3503,0.2228,REJECT
tile_3504.jpg,105063,105063,1.0000,0,0,none,encaustic,green_pvc,3504,0.4008,APPROVE
tile_3505.jpg,85838,75319,0.8775,2784,1,crack,glazed,green_pvc,3505,0.2873,APPROVE
tile_3506.jpg,169459,166977,0.9854,9199,1,chip,concrete,blue_pu,3506,0.6370,APPROVE
tile_3507.jpg,163369,163369,1.0000,0,0,none,marble,black_rubber,3507,0.6232,APPROVE
tile_3508.jpg,57629,57629,1.0000,0,0,none,glazed,black_rubber,3508,0.2198,APPROVE
tile_3509.jpg,70740,70740,1.0000,0,0,none,encaustic,blue_pu,3509,0.2699,APPROVE
tile_3510.jpg,44540,26191,0.5880,6396,1,crack,concrete,black_rubber,3510,0.0999,REJECT
tile_3511.jpg,67811,67811,1.0000,0,0,none,marble,black_rubber,3511,0.2587,APPROVE
tile_3512.jpg,60188,43354,0.7203,5355,1,crack,encaustic,green_pvc,3512,0.1654,REJECT
tile_3513.jpg,84772,84772,1.0000,0,0,none,terracotta,blue_pu,3513,0.3234,APPROVE
tile_3514.jpg,56905,56905,1.0000,0,0,none,marble,black_rubber,3514,0.2171,APPROVE
tile_3515.jpg,58333,50343,0.8630,12952,1,chip,stone,blue_pu,3515,0.1920,APPROVE
tile_3516.jpg,23148,19270,0.8325,5955,1,chip,concrete,black_rubber,3516,0.0735,REJECT
tile_3517.jpg,55919,55919,1.0000,0,0,none,encaustic,white_pu,3517,0.2133,APPROVE
tile_3518.jpg,43716,32107,0.7344,17469,1,shatter,stone,black_rubber,3518,0.1225,REJECT
tile_3519.jpg,138925,62197,0.4477,18404,1,crack,encaustic,green_pvc,3519,0.2373,REJECT
tile_3520.jpg,37684,37684,1.0000,0,0,none,stone,grey_pvc,3520,0.1438,APPROVE
tile_3521.jpg,62882,58358,0.9281,1208,1,crack,marble,black_rubber,3521,0.2226,APPROVE
tile_3522.jpg,49988,49988,1.0000,0,0,none,marble,blue_pu,3522,0.1907,APPROVE
tile_3523.jpg,84157,37811,0.4493,35938,1,crack+chip,concrete,blue_pu,3523,0.1442,REJECT
tile_3524.jpg,87377,60607,0.6936,9583,1,crack,terracotta,blue_pu,3524,0.2312,REJECT
tile_3525.jpg,161557,161557,1.0000,0,0,none,glazed,green_pvc,3525,0.6163,APPROVE
tile_3526.jpg,59678,50281,0.8425,5219,1,crack+chip,marble,grey_pvc,3526,0.1918,REJECT
tile_3527.jpg,41496,22674,0.5464,8417,1,crack,glazed,blue_pu,3527,0.0865,REJECT
tile_3528.jpg,62704,50473,0.8049,28951,1,chip,encaustic,black_rubber,3528,0.1925,REJECT
tile_3529.jpg,162992,162992,1.0000,0,0,none,terracotta,white_pu,3529,0.6218,APPROVE
tile_3530.jpg,29209,17979,0.6155,6024,1,crack,marble,black_rubber,3530,0.0686,REJECT
tile_3531.jpg,29348,16737,0.5703,5890,1,crack,concrete,black_rubber,3531,0.0638,REJECT
tile_3532.jpg,48386,48386,1.0000,0,0,none,encaustic,green_pvc,3532,0.1846,APPROVE
tile_3533.jpg,52164,38473,0.7375,28357,1,chip,terracotta,grey_pvc,3533,0.1468,REJECT
tile_3534.jpg,91334,58740,0.6431,11963,1,crack,concrete,white_pu,3534,0.2241,REJECT
tile_3535.jpg,52442,28576,0.5449,8229,1,crack,terracotta,green_pvc,3535,0.1090,REJECT
tile_3536.jpg,60810,60810,1.0000,0,0,none,stone,white_pu,3536,0.2320,APPROVE
tile_3537.jpg,64883,49452,0.7622,10252,1,crack+chip,glazed,black_rubber,3537,0.1886,REJECT
tile_3538.jpg,125918,125918,1.0000,0,0,none,encaustic,blue_pu,3538,0.4803,APPROVE
tile_3539.jpg,64270,50400,0.7842,4414,1,crack,glazed,green_pvc,3539,0.1923,REJECT
tile_3540.jpg,68880,51786,0.7518,4897,1,crack,stone,green_pvc,3540,0.1975,REJECT
tile_3541.jpg,74168,60488,0.8156,5562,1,crack,marble,grey_pvc,3541,0.2307,REJECT
tile_3542.jpg,83339,83339,1.0000,0,0,none,encaustic,blue_pu,3542,0.3179,APPROVE
tile_3543.jpg,49084,27355,0.5573,32274,1,crack+chip,marble,black_rubber,3543,0.1044,REJECT
tile_3544.jpg,108410,50842,0.4690,15735,1,crack,encaustic,black_rubber,3544,0.1939,REJECT
tile_3545.jpg,51616,48238,0.9346,2736,1,crack+chip,concrete,grey_pvc,3545,0.1840,APPROVE
tile_3546.jpg,81756,81756,1.0000,0,0,none,terracotta,white_pu,3546,0.3119,APPROVE
tile_3547.jpg,94518,91078,0.9636,12203,1,chip,encaustic,green_pvc,3547,0.3474,APPROVE
tile_3548.jpg,130668,130668,1.0000,0,0,none,concrete,black_rubber,3548,0.4985,APPROVE
tile_3549.jpg,82904,82904,1.0000,0,0,none,glazed,white_pu,3549,0.3163,APPROVE
tile_3550.jpg,159053,159053,1.0000,0,0,none,encaustic,green_pvc,3550,0.6067,APPROVE
tile_3551.jpg,74065,74065,1.0000,0,0,none,concrete,blue_pu,3551,0.2825,APPROVE
tile_3552.jpg,105588,55828,0.5287,98198,1,chip,terracotta,black_rubber,3552,0.2130,REJECT
tile_3553.jpg,40500,40500,1.0000,0,0,none,encaustic,black_rubber,3553,0.1545,APPROVE
tile_3554.jpg,34381,20290,0.5902,15315,1,shatter,encaustic,black_rubber,3554,0.0774,REJECT
tile_3555.jpg,54043,52469,0.9709,5852,1,chip,glazed,black_rubber,3555,0.2002,APPROVE
tile_3556.jpg,20978,15214,0.7252,4475,1,crack+chip,glazed,black_rubber,3556,0.0580,REJECT
tile_3557.jpg,70937,56121,0.7911,11481,1,crack+chip,marble,green_pvc,3557,0.2141,REJECT
tile_3558.jpg,113235,113235,1.0000,0,0,none,glazed,blue_pu,3558,0.4320,APPROVE
tile_3559.jpg,62225,62225,1.0000,0,0,none,terracotta,grey_pvc,3559,0.2374,APPROVE
tile_3560.jpg,103269,68908,0.6673,8507,1,crack,encaustic,grey_pvc,3560,0.2629,REJECT
tile_3561.jpg,59165,59165,1.0000,0,0,none,encaustic,black_rubber,3561,0.2257,APPROVE
tile_3562.jpg,60560,60560,1.0000,0,0,none,marble,blue_pu,3562,0.2310,APPROVE
tile_3563.jpg,66325,66325,1.0000,0,0,none,terracotta,blue_pu,3563,0.2530,APPROVE
tile_3564.jpg,155250,155250,1.0000,0,0,none,encaustic,black_rubber,3564,0.5922,APPROVE
tile_3565.jpg,50099,50099,1.0000,0,0,none,terracotta,black_rubber,3565,0.1911,APPROVE
tile_3566.jpg,29133,20882,0.7168,8622,1,chip,terracotta,blue_pu,3566,0.0797,REJECT
tile_3567.jpg,60382,37353,0.6186,17130,1,crack+chip,concrete,black_rubber,3567,0.1425,REJECT
tile_3568.jpg,37541,37541,1.0000,0,0,none,stone,black_rubber,3568,0.1432,APPROVE
tile_3569.jpg,109110,98407,0.9019,2056,1,crack,encaustic,blue_pu,3569,0.3754,APPROVE
tile_3570.jpg,46041,22639,0.4917,16678,1,crack+chip,marble,green_pvc,3570,0.0864,REJECT
tile_3571.jpg,105858,100325,0.9477,26142,1,chip,encaustic,green_pvc,3571,0.3827,APPROVE
tile_3572.jpg,126544,105203,0.8314,30968,1,chip,terracotta,black_rubber,3572,0.4013,REJECT
tile_3573.jpg,30695,14308,0.4661,26543,1,shatter,terracotta,grey_pvc,3573,0.0546,REJECT
tile_3574.jpg,20468,17187,0.8397,4964,1,chip,stone,black_rubber,3574,0.0656,REJECT
tile_3575.jpg,58823,58823,1.0000,0,0,none,stone,black_rubber,3575,0.2244,APPROVE
tile_3576.jpg,79839,66558,0.8337,3581,1,crack,glazed,blue_pu,3576,0.2539,REJECT
tile_3577.jpg,88395,66277,0.7498,13652,1,crack+chip,glazed,black_rubber,3577,0.2528,REJECT
tile_3578.jpg,57608,38555,0.6693,5360,1,crack,glazed,black_rubber,3578,0.1471,REJECT
tile_3579.jpg,51288,24441,0.4765,56865,1,chip,terracotta,grey_pvc,3579,0.0932,REJECT
tile_3580.jpg,53824,49593,0.9214,1503,1,crack+chip,concrete,black_rubber,3580,0.1892,APPROVE
tile_3581.jpg,79162,51531,0.6510,23348,1,chip,marble,grey_pvc,3581,0.1966,REJECT
tile_3582.jpg,15502,12610,0.8134,22496,1,shatter,terracotta,black_rubber,3582,0.0481,REJECT
tile_3583.jpg,114918,114918,1.0000,0,0,none,encaustic,blue_pu,3583,0.4384,APPROVE
tile_3584.jpg,188124,188124,1.0000,0,0,none,stone,blue_pu,3584,0.7176,APPROVE
tile_3585.jpg,125732,65369,0.5199,14503,1,crack,marble,blue_pu,3585,0.2494,REJECT
tile_3586.jpg,163148,130041,0.7971,11473,1,crack+chip,encaustic,grey_pvc,3586,0.4961,REJECT
tile_3587.jpg,112442,72207,0.6422,8895,1,crack,encaustic,black_rubber,3587,0.2754,REJECT
tile_3588.jpg,71952,71952,1.0000,0,0,none,encaustic,blue_pu,3588,0.2745,APPROVE
tile_3589.jpg,28335,12268,0.4330,12237,1,crack+chip,terracotta,white_pu,3589,0.0468,REJECT
tile_3590.jpg,53882,53882,1.0000,0,0,none,stone,black_rubber,3590,0.2055,APPROVE
tile_3591.jpg,149875,114372,0.7631,7228,1,crack,encaustic,green_pvc,3591,0.4363,REJECT
tile_3592.jpg,75858,75858,1.0000,0,0,none,terracotta,grey_pvc,3592,0.2894,APPROVE
tile_3593.jpg,132242,109863,0.8308,5749,1,crack+chip,marble,blue_pu,3593,0.4191,REJECT
tile_3594.jpg,105621,99368,0.9408,1263,1,crack,marble,black_rubber,3594,0.3791,APPROVE
tile_3595.jpg,82859,66074,0.7974,50113,1,shatter,encaustic,black_rubber,3595,0.2521,REJECT
tile_3596.jpg,113303,10917,0.0964,119193,1,crack+chip,concrete,black_rubber,3596,0.0416,REJECT
tile_3597.jpg,49222,31730,0.6446,12835,1,crack+chip,terracotta,black_rubber,3597,0.1210,REJECT
tile_3598.jpg,27595,21067,0.7634,22747,1,chip,encaustic,white_pu,3598,0.0804,REJECT
tile_3599.jpg,60099,32936,0.5480,10377,1,crack,terracotta,blue_pu,3599,0.1256,REJECT
tile_3600.jpg,67161,67161,1.0000,0,0,none,terracotta,black_rubber,3600,0.2562,APPROVE
tile_3601.jpg,31291,18752,0.5993,24143,1,shatter,concrete,black_rubber,3601,0.0715,REJECT
tile_3602.jpg,69904,67708,0.9686,2566,1,chip,stone,white_pu,3602,0.2583,APPROVE
tile_3603.jpg,82167,59878,0.7287,60413,1,shatter,terracotta,blue_pu,3603,0.2284,REJECT
tile_3604.jpg,82565,68712,0.8322,3595,1,crack,concrete,green_pvc,3604,0.2621,REJECT
tile_3605.jpg,56240,47513,0.8448,2470,1,crack,marble,grey_pvc,3605,0.1812,REJECT
tile_3606.jpg,58712,49940,0.8506,95393,1,shatter,terracotta,blue_pu,3606,0.1905,APPROVE
tile_3607.jpg,22522,18371,0.8157,22429,1,shatter,concrete,black_rubber,3607,0.0701,REJECT
tile_3608.jpg,59217,59217,1.0000,0,0,none,marble,black_rubber,3608,0.2259,APPROVE
tile_3609.jpg,102458,102458,1.0000,0,0,none,concrete,grey_pvc,3609,0.3908,APPROVE
tile_3610.jpg,55250,51075,0.9244,1089,1,crack+chip,glazed,black_rubber,3610,0.1948,APPROVE
tile_3611.jpg,57308,45795,0.7991,12048,1,shatter,encaustic,green_pvc,3611,0.1747,REJECT
tile_3612.jpg,52650,52479,0.9968,219,1,chip,stone,white_pu,3612,0.2002,APPROVE
tile_3613.jpg,29172,16945,0.5809,19874,1,shatter,terracotta,black_rubber,3613,0.0646,REJECT
tile_3614.jpg,156801,156801,1.0000,0,0,none,concrete,green_pvc,3614,0.5981,APPROVE
tile_3615.jpg,81227,37131,0.4571,14075,1,crack,glazed,black_rubber,3615,0.1416,REJECT
tile_3616.jpg,22268,22268,1.0000,0,0,none,concrete,grey_pvc,3616,0.0849,APPROVE
tile_3617.jpg,37074,11937,0.3220,37389,1,crack+chip,concrete,black_rubber,3617,0.0455,REJECT
tile_3618.jpg,76391,62783,0.8219,3098,1,crack,concrete,green_pvc,3618,0.2395,REJECT
tile_3619.jpg,65060,65060,1.0000,0,0,none,terracotta,blue_pu,3619,0.2482,APPROVE
tile_3620.jpg,55280,30392,0.5498,7425,1,crack,glazed,black_rubber,3620,0.1159,REJECT
tile_3621.jpg,37419,37419,1.0000,0,0,none,glazed,blue_pu,3621,0.1427,APPROVE
tile_3622.jpg,35673,31112,0.8721,33541,1,shatter,stone,black_rubber,3622,0.1187,APPROVE
tile_3623.jpg,155380,155380,1.0000,0,0,none,encaustic,black_rubber,3623,0.5927,APPROVE
tile_3624.jpg,24726,24726,1.0000,0,0,none,glazed,blue_pu,3624,0.0943,APPROVE
tile_3625.jpg,39455,30699,0.7781,3694,1,crack,concrete,green_pvc,3625,0.1171,REJECT
tile_3626.jpg,78234,41314,0.5281,78288,1,chip,terracotta,black_rubber,3626,0.1576,REJECT
tile_3627.jpg,124112,85128,0.6859,8942,1,crack,glazed,green_pvc,3627,0.3247,REJECT
tile_3628.jpg,67242,67242,1.0000,0,0,none,glazed,black_rubber,3628,0.2565,APPROVE
tile_3629.jpg,27183,20202,0.7432,3439,1,crack,marble,white_pu,3629,0.0771,REJECT
tile_3630.jpg,80834,50298,0.6222,10315,1,crack,glazed,green_pvc,3630,0.1919,REJECT
tile_3631.jpg,63476,63476,1.0000,0,0,none,encaustic,grey_pvc,3631,0.2421,APPROVE
tile_3632.jpg,79020,75221,0.9519,1451,1,crack+chip,stone,blue_pu,3632,0.2869,APPROVE
tile_3633.jpg,84208,84208,1.0000,0,0,none,terracotta,black_rubber,3633,0.3212,APPROVE
tile_3634.jpg,22170,16050,0.7240,29104,1,shatter,encaustic,black_rubber,3634,0.0612,REJECT
tile_3635.jpg,41407,32082,0.7748,4864,1,crack+chip,glazed,white_pu,3635,0.1224,REJECT
tile_3636.jpg,49450,39418,0.7971,8514,1,chip,concrete,black_rubber,3636,0.1504,REJECT
tile_3637.jpg,120394,111443,0.9257,55287,1,chip,encaustic,grey_pvc,3637,0.4251,APPROVE
tile_3638.jpg,130167,82116,0.6309,42447,1,crack+chip,glazed,blue_pu,3638,0.3132,REJECT
tile_3639.jpg,99899,99899,1.0000,0,0,none,glazed,blue_pu,3639,0.3811,APPROVE
tile_3640.jpg,53329,33035,0.6195,24121,1,shatter,terracotta,white_pu,3640,0.1260,REJECT
tile_3641.jpg,166204,166204,1.0000,0,0,none,concrete,black_rubber,3641,0.6340,APPROVE
tile_3642.jpg,71936,70500,0.9800,867,1,chip,glazed,white_pu,3642,0.2689,APPROVE
tile_3643.jpg,28488,20829,0.7311,33537,1,shatter,encaustic,black_rubber,3643,0.0795,REJECT
tile_3644.jpg,81645,81645,1.0000,0,0,none,glazed,black_rubber,3644,0.3115,APPROVE
tile_3645.jpg,64199,64199,1.0000,0,0,none,stone,green_pvc,3645,0.2449,APPROVE
tile_3646.jpg,32239,23077,0.7158,4036,1,crack,concrete,green_pvc,3646,0.0880,REJECT
tile_3647.jpg,68455,68455,1.0000,0,0,none,glazed,grey_pvc,3647,0.2611,APPROVE
tile_3648.jpg,117439,80450,0.6850,8902,1,crack,encaustic,blue_pu,3648,0.3069,REJECT
tile_3649.jpg,65634,65634,1.0000,0,0,none,terracotta,green_pvc,3649,0.2504,APPROVE
tile_3650.jpg,54505,54505,1.0000,0,0,none,concrete,green_pvc,3650,0.2079,APPROVE
tile_3651.jpg,59573,49621,0.8329,2699,1,crack,stone,blue_pu,3651,0.1893,REJECT
tile_3652.jpg,24088,24088,1.0000,0,0,none,terracotta,green_pvc,3652,0.0919,APPROVE
tile_3653.jpg,34570,27879,0.8065,50205,1,shatter,concrete,green_pvc,3653,0.1063,REJECT
tile_3654.jpg,98711,61223,0.6202,53304,1,chip,marble,black_rubber,3654,0.2335,REJECT
tile_3655.jpg,75545,75280,0.9965,271,1,chip,terracotta,black_rubber,3655,0.2872,APPROVE
tile_3656.jpg,58324,49089,0.8417,17761,1,shatter,terracotta,blue_pu,3656,0.1873,REJECT
tile_3657.jpg,20199,20199,1.0000,0,0,none,glazed,green_pvc,3657,0.0771,APPROVE
tile_3658.jpg,21016,16932,0.8057,14474,1,shatter,glazed,grey_pvc,3658,0.0646,REJECT
tile_3659.jpg,159659,159659,1.0000,0,0,none,concrete,grey_pvc,3659,0.6091,APPROVE
tile_3660.jpg,46336,46336,1.0000,0,0,none,glazed,grey_pvc,3660,0.1768,APPROVE
tile_3661.jpg,128361,120132,0.9359,9479,1,chip,glazed,black_rubber,3661,0.4583,APPROVE
tile_3662.jpg,83894,83894,1.0000,0,0,none,stone,grey_pvc,3662,0.3200,APPROVE
tile_3663.jpg,36938,28937,0.7834,4306,1,crack+chip,terracotta,grey_pvc,3663,0.1104,REJECT
tile_3664.jpg,45109,41782,0.9262,3371,1,chip,marble,blue_pu,3664,0.1594,APPROVE
tile_3665.jpg,32409,32409,1.0000,0,0,none,glazed,black_rubber,3665,0.1236,APPROVE
tile_3666.jpg,46409,19459,0.4193,21565,1,crack+chip,marble,black_rubber,3666,0.0742,REJECT
tile_3667.jpg,23474,17767,0.7569,14786,1,shatter,terracotta,green_pvc,3667,0.0678,REJECT
tile_3668.jpg,47405,27094,0.5715,18770,1,shatter,encaustic,white_pu,3668,0.1034,REJECT
tile_3669.jpg,187943,187943,1.0000,0,0,none,terracotta,blue_pu,3669,0.7169,APPROVE
tile_3670.jpg,153500,153500,1.0000,0,0,none,encaustic,green_pvc,3670,0.5856,APPROVE
tile_3671.jpg,104245,104245,1.0000,0,0,none,glazed,grey_pvc,3671,0.3977,APPROVE
tile_3672.jpg,57776,33590,0.5814,9920,1,crack,terracotta,white_pu,3672,0.1281,REJECT
tile_3673.jpg,30764,18978,0.6169,33130,1,shatter,stone,green_pvc,3673,0.0724,REJECT
tile_3674.jpg,105915,105915,1.0000,0,0,none,glazed,grey_pvc,3674,0.4040,APPROVE
tile_3675.jpg,89619,55801,0.6226,28798,1,chip,glazed,green_pvc,3675,0.2129,REJECT
tile_3676.jpg,110950,86203,0.7770,5998,1,crack,encaustic,grey_pvc,3676,0.3288,REJECT
tile_3677.jpg,22149,12404,0.5600,5733,1,crack,marble,black_rubber,3677,0.0473,REJECT
tile_3678.jpg,78459,73870,0.9415,27580,1,chip,encaustic,black_rubber,3678,0.2818,APPROVE
tile_3679.jpg,79530,79530,1.0000,0,0,none,concrete,green_pvc,3679,0.3034,APPROVE
tile_3680.jpg,98085,98085,1.0000,0,0,none,encaustic,black_rubber,3680,0.3742,APPROVE
tile_3681.jpg,40252,39616,0.9842,219,1,crack,stone,green_pvc,3681,0.1511,APPROVE
tile_3682.jpg,49385,37292,0.7551,8076,1,crack+chip,glazed,black_rubber,3682,0.1423,REJECT
tile_3683.jpg,139899,139899,1.0000,0,0,none,encaustic,black_rubber,3683,0.5337,APPROVE
tile_3684.jpg,52391,52391,1.0000,0,0,none,encaustic,grey_pvc,3684,0.1999,APPROVE
tile_3685.jpg,90941,69122,0.7601,5394,1,crack,encaustic,green_pvc,3685,0.2637,REJECT
tile_3686.jpg,145485,76932,0.5288,77828,1,chip,glazed,white_pu,3686,0.2935,REJECT
tile_3687.jpg,34770,26390,0.7590,3426,1,crack,terracotta,grey_pvc,3687,0.1007,REJECT
tile_3688.jpg,96504,96504,1.0000,0,0,none,encaustic,black_rubber,3688,0.3681,APPROVE
tile_3689.jpg,52125,29504,0.5660,8762,1,crack,marble,blue_pu,3689,0.1125,REJECT
tile_3690.jpg,47257,40200,0.8507,2317,1,crack,glazed,grey_pvc,3690,0.1534,APPROVE
tile_3691.jpg,65969,65969,1.0000,0,0,none,concrete,grey_pvc,3691,0.2517,APPROVE
tile_3692.jpg,51590,45858,0.8889,2435,1,crack+chip,terracotta,blue_pu,3692,0.1749,APPROVE
tile_3693.jpg,84594,84594,1.0000,0,0,none,encaustic,black_rubber,3693,0.3227,APPROVE
tile_3694.jpg,67553,21109,0.3125,38616,1,crack+chip,marble,green_pvc,3694,0.0805,REJECT
tile_3695.jpg,41707,22699,0.5442,8408,1,crack,encaustic,grey_pvc,3695,0.0866,REJECT
tile_3696.jpg,18699,14042,0.7509,4378,1,crack+chip,stone,grey_pvc,3696,0.0536,REJECT
tile_3697.jpg,30627,15934,0.5203,36827,1,crack+chip,terracotta,green_pvc,3697,0.0608,REJECT
tile_3698.jpg,107921,84023,0.7786,17823,1,shatter,terracotta,black_rubber,3698,0.3205,REJECT
tile_3699.jpg,62503,62503,1.0000,0,0,none,glazed,green_pvc,3699,0.2384,APPROVE
tile_3700.jpg,70670,70670,1.0000,0,0,none,stone,white_pu,3700,0.2696,APPROVE
tile_3701.jpg,146118,146118,1.0000,0,0,none,encaustic,white_pu,3701,0.5574,APPROVE
tile_3702.jpg,92803,60213,0.6488,28068,1,crack+chip,stone,black_rubber,3702,0.2297,REJECT
tile_3703.jpg,48082,48082,1.0000,0,0,none,glazed,black_rubber,3703,0.1834,APPROVE
tile_3704.jpg,50976,44670,0.8763,5886,1,chip,marble,black_rubber,3704,0.1704,APPROVE
tile_3705.jpg,62237,62237,1.0000,0,0,none,glazed,grey_pvc,3705,0.2374,APPROVE
tile_3706.jpg,41331,41331,1.0000,0,0,none,terracotta,green_pvc,3706,0.1577,APPROVE
tile_3707.jpg,49456,32213,0.6513,7105,1,crack,concrete,black_rubber,3707,0.1229,REJECT
tile_3708.jpg,76379,41948,0.5492,10746,1,crack,terracotta,grey_pvc,3708,0.1600,REJECT
tile_3709.jpg,101575,101575,1.0000,0,0,none,terracotta,green_pvc,3709,0.3875,APPROVE
tile_3710.jpg,118080,118080,1.0000,0,0,none,marble,green_pvc,3710,0.4504,APPROVE
tile_3711.jpg,48453,44493,0.9183,1174,1,crack,glazed,white_pu,3711,0.1697,APPROVE
tile_3712.jpg,87734,87734,1.0000,0,0,none,glazed,grey_pvc,3712,0.3347,APPROVE
tile_3713.jpg,80768,80768,1.0000,0,0,none,glazed,green_pvc,3713,0.3081,APPROVE
tile_3714.jpg,98659,72923,0.7391,82432,1,shatter,terracotta,white_pu,3714,0.2782,REJECT
tile_3715.jpg,40023,27486,0.6868,5509,1,crack,concrete,blue_pu,3715,0.1049,REJECT
tile_3716.jpg,135399,97611,0.7209,18458,1,crack+chip,glazed,black_rubber,3716,0.3724,REJECT
tile_3717.jpg,45322,45322,1.0000,0,0,none,marble,black_rubber,3717,0.1729,APPROVE
tile_3718.jpg,81471,80422,0.9871,1568,1,chip,encaustic,black_rubber,3718,0.3068,APPROVE
tile_3719.jpg,22697,22697,1.0000,0,0,none,glazed,black_rubber,3719,0.0866,APPROVE
tile_3720.jpg,33058,33058,1.0000,0,0,none,concrete,blue_pu,3720,0.1261,APPROVE
tile_3721.jpg,114604,74619,0.6511,10294,1,crack,glazed,grey_pvc,3721,0.2846,REJECT
tile_3722.jpg,38464,38464,1.0000,0,0,none,stone,green_pvc,3722,0.1467,APPROVE
tile_3723.jpg,62285,55010,0.8832,2565,1,crack,glazed,green_pvc,3723,0.2098,APPROVE
tile_3724.jpg,157387,73049,0.4641,17892,1,crack,marble,green_pvc,3724,0.2787,REJECT
tile_3725.jpg,43685,29087,0.6658,62124,1,shatter,stone,black_rubber,3725,0.1110,REJECT
tile_3726.jpg,52300,48808,0.9332,911,1,crack,concrete,grey_pvc,3726,0.1862,APPROVE
tile_3727.jpg,29719,29719,1.0000,0,0,none,concrete,green_pvc,3727,0.1134,APPROVE
tile_3728.jpg,13997,12186,0.8706,6999,1,shatter,stone,white_pu,3728,0.0465,APPROVE
tile_3729.jpg,38296,24974,0.6521,17908,1,shatter,terracotta,blue_pu,3729,0.0953,REJECT
tile_3730.jpg,50755,22345,0.4403,8745,1,crack,marble,green_pvc,3730,0.0852,REJECT
tile_3731.jpg,80617,54079,0.6708,46994,1,chip,marble,grey_pvc,3731,0.2063,REJECT
tile_3732.jpg,49186,47229,0.9602,486,1,crack,glazed,black_rubber,3732,0.1802,APPROVE
tile_3733.jpg,53788,45807,0.8516,2859,1,crack,terracotta,black_rubber,3733,0.1747,APPROVE
tile_3734.jpg,49023,49023,1.0000,0,0,none,stone,green_pvc,3734,0.1870,APPROVE
tile_3735.jpg,32561,30129,0.9253,1037,1,crack,stone,green_pvc,3735,0.1149,APPROVE
tile_3736.jpg,65554,65554,1.0000,0,0,none,stone,green_pvc,3736,0.2501,APPROVE
tile_3737.jpg,63727,63727,1.0000,0,0,none,encaustic,white_pu,3737,0.2431,APPROVE
tile_3738.jpg,158735,92201,0.5808,12529,1,crack,encaustic,white_pu,3738,0.3517,REJECT
tile_3739.jpg,43047,43047,1.0000,0,0,none,marble,blue_pu,3739,0.1642,APPROVE
tile_3740.jpg,45043,45043,1.0000,0,0,none,stone,black_rubber,3740,0.1718,APPROVE
tile_3741.jpg,99049,99049,1.0000,0,0,none,stone,black_rubber,3741,0.3778,APPROVE
tile_3742.jpg,53809,44479,0.8266,2649,1,crack,marble,green_pvc,3742,0.1697,REJECT
tile_3743.jpg,61733,58733,0.9514,4276,1,chip,glazed,black_rubber,3743,0.2240,APPROVE
tile_3744.jpg,172360,172360,1.0000,0,0,none,terracotta,green_pvc,3744,0.6575,APPROVE
tile_3745.jpg,156488,156488,1.0000,0,0,none,encaustic,white_pu,3745,0.5970,APPROVE
tile_3746.jpg,57202,52461,0.9171,2096,1,crack+chip,marble,grey_pvc,3746,0.2001,APPROVE
tile_3747.jpg,43295,39020,0.9013,20098,1,chip,glazed,white_pu,3747,0.1488,APPROVE
tile_3748.jpg,45580,33838,0.7424,37008,1,shatter,stone,green_pvc,3748,0.1291,REJECT
tile_3749.jpg,105778,105778,1.0000,0,0,none,concrete,black_rubber,3749,0.4035,APPROVE
tile_3750.jpg,11374,8534,0.7503,17727,1,shatter,stone,black_rubber,3750,0.0326,REJECT
tile_3751.jpg,66670,66670,1.0000,0,0,none,glazed,blue_pu,3751,0.2543,APPROVE
tile_3752.jpg,71499,58528,0.8186,3878,1,crack,marble,green_pvc,3752,0.2233,REJECT
tile_3753.jpg,47356,47356,1.0000,0,0,none,encaustic,black_rubber,3753,0.1806,APPROVE
tile_3754.jpg,171783,171783,1.0000,0,0,none,glazed,green_pvc,3754,0.6553,APPROVE
tile_3755.jpg,53750,53750,1.0000,0,0,none,concrete,green_pvc,3755,0.2050,APPROVE
tile_3756.jpg,54888,37668,0.6863,23499,1,crack+chip,encaustic,grey_pvc,3756,0.1437,REJECT
tile_3757.jpg,157633,83605,0.5304,18795,1,crack,encaustic,black_rubber,3757,0.3189,REJECT
tile_3758.jpg,31119,22572,0.7253,16784,1,shatter,terracotta,black_rubber,3758,0.0861,REJECT
tile_3759.jpg,111779,111779,1.0000,0,0,none,encaustic,blue_pu,3759,0.4264,APPROVE
tile_3760.jpg,81331,81331,1.0000,0,0,none,terracotta,grey_pvc,3760,0.3103,APPROVE
tile_3761.jpg,78976,78976,1.0000,0,0,none,concrete,grey_pvc,3761,0.3013,APPROVE
tile_3762.jpg,64824,52544,0.8106,4078,1,crack,concrete,grey_pvc,3762,0.2004,REJECT
tile_3763.jpg,44489,28355,0.6373,35953,1,shatter,glazed,black_rubber,3763,0.1082,REJECT
tile_3764.jpg,64693,53399,0.8254,98745,1,chip,encaustic,white_pu,3764,0.2037,REJECT
tile_3765.jpg,35941,35941,1.0000,0,0,none,terracotta,grey_pvc,3765,0.1371,APPROVE
tile_3766.jpg,41669,33421,0.8021,16420,1,shatter,marble,green_pvc,3766,0.1275,REJECT
tile_3767.jpg,135036,117658,0.8713,27634,1,shatter,marble,green_pvc,3767,0.4488,APPROVE
tile_3768.jpg,71651,57943,0.8087,41347,1,shatter,encaustic,green_pvc,3768,0.2210,REJECT
tile_3769.jpg,41098,21777,0.5299,26265,1,shatter,glazed,green_pvc,3769,0.0831,REJECT
tile_3770.jpg,60249,56360,0.9355,1471,1,crack+chip,stone,grey_pvc,3770,0.2150,APPROVE
tile_3771.jpg,86444,34718,0.4016,36965,1,crack+chip,terracotta,black_rubber,3771,0.1324,REJECT
tile_3772.jpg,50076,38787,0.7746,4589,1,crack,marble,white_pu,3772,0.1480,REJECT
tile_3773.jpg,82157,53454,0.6506,10020,1,crack,stone,blue_pu,3773,0.2039,REJECT
tile_3774.jpg,112534,68384,0.6077,11928,1,crack,concrete,white_pu,3774,0.2609,REJECT
tile_3775.jpg,44572,44572,1.0000,0,0,none,marble,blue_pu,3775,0.1700,APPROVE
tile_3776.jpg,142160,79873,0.5619,14409,1,crack,terracotta,blue_pu,3776,0.3047,REJECT
tile_3777.jpg,82729,82729,1.0000,0,0,none,terracotta,grey_pvc,3777,0.3156,APPROVE
tile_3778.jpg,72568,71000,0.9784,1551,1,chip,stone,blue_pu,3778,0.2708,APPROVE
tile_3779.jpg,31996,27297,0.8531,7282,1,chip,marble,black_rubber,3779,0.1041,APPROVE
tile_3780.jpg,100746,78658,0.7808,23231,1,shatter,marble,grey_pvc,3780,0.3001,REJECT
tile_3781.jpg,167148,109726,0.6565,12572,1,crack,concrete,green_pvc,3781,0.4186,REJECT
tile_3782.jpg,173319,90018,0.5194,19673,1,crack,encaustic,black_rubber,3782,0.3434,REJECT
tile_3783.jpg,27885,27885,1.0000,0,0,none,stone,grey_pvc,3783,0.1064,APPROVE
tile_3784.jpg,124838,64617,0.5176,17924,1,crack,concrete,green_pvc,3784,0.2465,REJECT
tile_3785.jpg,67737,61895,0.9138,61774,1,chip,concrete,grey_pvc,3785,0.2361,APPROVE
tile_3786.jpg,126167,90875,0.7203,36113,1,chip,encaustic,white_pu,3786,0.3467,REJECT
tile_3787.jpg,69776,64173,0.9197,7845,1,chip,stone,white_pu,3787,0.2448,APPROVE
tile_3788.jpg,153529,67719,0.4411,21819,1,crack,encaustic,blue_pu,3788,0.2583,REJECT
tile_3789.jpg,176306,176306,1.0000,0,0,none,encaustic,black_rubber,3789,0.6726,APPROVE
tile_3790.jpg,101145,89027,0.8802,2000,1,crack,marble,white_pu,3790,0.3396,APPROVE
tile_3791.jpg,30219,29948,0.9910,340,1,chip,terracotta,grey_pvc,3791,0.1142,APPROVE
tile_3792.jpg,60625,60625,1.0000,0,0,none,encaustic,white_pu,3792,0.2313,APPROVE
tile_3793.jpg,44483,32108,0.7218,46879,1,shatter,glazed,black_rubber,3793,0.1225,REJECT
tile_3794.jpg,77206,56857,0.7364,11353,1,crack+chip,terracotta,grey_pvc,3794,0.2169,REJECT
tile_3795.jpg,74739,54523,0.7295,22515,1,chip,stone,black_rubber,3795,0.2080,REJECT
tile_3796.jpg,119521,71523,0.5984,15075,1,crack,stone,grey_pvc,3796,0.2728,REJECT
tile_3797.jpg,109981,109981,1.0000,0,0,none,stone,green_pvc,3797,0.4195,APPROVE
tile_3798.jpg,101897,96391,0.9460,1675,1,crack+chip,encaustic,blue_pu,3798,0.3677,APPROVE
tile_3799.jpg,68584,68584,1.0000,0,0,none,marble,green_pvc,3799,0.2616,APPROVE
tile_3800.jpg,56012,32861,0.5867,19698,1,crack+chip,terracotta,blue_pu,3800,0.1254,REJECT
tile_3801.jpg,10044,6993,0.6962,15842,1,shatter,terracotta,black_rubber,3801,0.0267,REJECT
tile_3802.jpg,83204,83204,1.0000,0,0,none,encaustic,grey_pvc,3802,0.3174,APPROVE
tile_3803.jpg,52924,52924,1.0000,0,0,none,concrete,white_pu,3803,0.2019,APPROVE
tile_3804.jpg,76825,63971,0.8327,14919,1,chip,marble,white_pu,3804,0.2440,REJECT
tile_3805.jpg,36767,36767,1.0000,0,0,none,concrete,white_pu,3805,0.1403,APPROVE
tile_3806.jpg,37871,37551,0.9916,623,1,chip,terracotta,grey_pvc,3806,0.1432,APPROVE
tile_3807.jpg,92142,92142,1.0000,0,0,none,concrete,grey_pvc,3807,0.3515,APPROVE
tile_3808.jpg,135006,135006,1.0000,0,0,none,glazed,grey_pvc,3808,0.5150,APPROVE
tile_3809.jpg,71543,56310,0.7871,10337,1,shatter,encaustic,black_rubber,3809,0.2148,REJECT
tile_3810.jpg,178251,28605,0.1605,119784,1,crack+chip,marble,grey_pvc,3810,0.1091,REJECT
tile_3811.jpg,81716,66521,0.8141,47191,1,shatter,encaustic,black_rubber,3811,0.2538,REJECT
tile_3812.jpg,168342,168342,1.0000,0,0,none,encaustic,green_pvc,3812,0.6422,APPROVE
tile_3813.jpg,67808,51987,0.7667,4269,1,crack,glazed,grey_pvc,3813,0.1983,REJECT
tile_3814.jpg,63237,32329,0.5112,30581,1,crack+chip,encaustic,black_rubber,3814,0.1233,REJECT
tile_3815.jpg,29118,29118,1.0000,0,0,none,marble,green_pvc,3815,0.1111,APPROVE
tile_3816.jpg,48063,48063,1.0000,0,0,none,terracotta,black_rubber,3816,0.1833,APPROVE
tile_3817.jpg,124342,86433,0.6951,10321,1,crack,terracotta,green_pvc,3817,0.3297,REJECT
tile_3818.jpg,47269,27562,0.5831,43214,1,shatter,encaustic,blue_pu,3818,0.1051,REJECT
tile_3819.jpg,23288,17510,0.7519,5095,1,shatter,glazed,black_rubber,3819,0.0668,REJECT
tile_3820.jpg,169605,132749,0.7827,5349,1,crack,encaustic,blue_pu,3820,0.5064,REJECT
tile_3821.jpg,44244,44244,1.0000,0,0,none,marble,grey_pvc,3821,0.1688,APPROVE
tile_3822.jpg,43233,31583,0.7305,11415,1,crack+chip,marble,green_pvc,3822,0.1205,REJECT
tile_3823.jpg,88820,88820,1.0000,0,0,none,marble,black_rubber,3823,0.3388,APPROVE
tile_3824.jpg,39590,26303,0.6644,5442,1,crack,glazed,green_pvc,3824,0.1003,REJECT
tile_3825.jpg,57782,53714,0.9296,26828,1,shatter,marble,blue_pu,3825,0.2049,APPROVE
tile_3826.jpg,80770,60929,0.7544,73822,1,shatter,glazed,green_pvc,3826,0.2324,REJECT
tile_3827.jpg,99503,65489,0.6582,32249,1,shatter,glazed,green_pvc,3827,0.2498,REJECT
tile_3828.jpg,63517,49585,0.7807,22477,1,shatter,encaustic,blue_pu,3828,0.1892,REJECT
tile_3829.jpg,42656,42656,1.0000,0,0,none,glazed,black_rubber,3829,0.1627,APPROVE
tile_3830.jpg,14695,10866,0.7394,31680,1,shatter,stone,grey_pvc,3830,0.0415,REJECT
tile_3831.jpg,60047,58145,0.9683,7365,1,chip,marble,black_rubber,3831,0.2218,APPROVE
tile_3832.jpg,33033,33033,1.0000,0,0,none,concrete,white_pu,3832,0.1260,APPROVE
tile_3833.jpg,65655,46018,0.7009,31035,1,shatter,glazed,black_rubber,3833,0.1755,REJECT
tile_3834.jpg,152977,121384,0.7935,6041,1,crack,encaustic,black_rubber,3834,0.4630,REJECT
tile_3835.jpg,76108,76108,1.0000,0,0,none,encaustic,green_pvc,3835,0.2903,APPROVE
tile_3836.jpg,45101,45101,1.0000,0,0,none,stone,grey_pvc,3836,0.1720,APPROVE
tile_3837.jpg,78718,61443,0.7805,5312,1,crack,terracotta,grey_pvc,3837,0.2344,REJECT
tile_3838.jpg,118080,90613,0.7674,17263,1,crack+chip,glazed,black_rubber,3838,0.3457,REJECT
tile_3839.jpg,135172,135172,1.0000,0,0,none,terracotta,white_pu,3839,0.5156,APPROVE
tile_3840.jpg,51226,39694,0.7749,3026,1,crack,concrete,green_pvc,3840,0.1514,REJECT
tile_3841.jpg,57619,57294,0.9944,158,1,chip,concrete,blue_pu,3841,0.2186,APPROVE
tile_3842.jpg,116157,116157,1.0000,0,0,none,terracotta,black_rubber,3842,0.4431,APPROVE
tile_3843.jpg,46117,46117,1.0000,0,0,none,marble,black_rubber,3843,0.1759,APPROVE
tile_3844.jpg,94912,46777,0.4928,13252,1,crack,encaustic,blue_pu,3844,0.1784,REJECT
tile_3845.jpg,151230,151230,1.0000,0,0,none,terracotta,white_pu,3845,0.5769,APPROVE
tile_3846.jpg,83624,76255,0.9119,6587,1,chip,marble,blue_pu,3846,0.2909,APPROVE
tile_3847.jpg,54892,46663,0.8501,17873,1,shatter,terracotta,blue_pu,3847,0.1780,APPROVE
tile_3848.jpg,53296,53296,1.0000,0,0,none,marble,black_rubber,3848,0.2033,APPROVE
tile_3849.jpg,74935,74935,1.0000,0,0,none,stone,black_rubber,3849,0.2859,APPROVE
tile_3850.jpg,72715,57805,0.7950,21256,1,chip,marble,white_pu,3850,0.2205,REJECT
tile_3851.jpg,73503,73503,1.0000,0,0,none,marble,black_rubber,3851,0.2804,APPROVE
tile_3852.jpg,65768,65768,1.0000,0,0,none,concrete,white_pu,3852,0.2509,APPROVE
tile_3853.jpg,161999,148829,0.9187,1679,1,crack,marble,blue_pu,3853,0.5677,APPROVE
tile_3854.jpg,59131,59131,1.0000,0,0,none,concrete,grey_pvc,3854,0.2256,APPROVE
tile_3855.jpg,86230,81271,0.9425,10505,1,chip,glazed,green_pvc,3855,0.3100,APPROVE
tile_3856.jpg,40745,29699,0.7289,67514,1,shatter,terracotta,black_rubber,3856,0.1133,REJECT
tile_3857.jpg,142723,98263,0.6885,15362,1,crack+chip,glazed,green_pvc,3857,0.3748,REJECT
tile_3858.jpg,69778,33856,0.4852,27949,1,crack+chip,glazed,black_rubber,3858,0.1292,REJECT
tile_3859.jpg,54213,54213,1.0000,0,0,none,terracotta,black_rubber,3859,0.2068,APPROVE
tile_3860.jpg,147484,93482,0.6338,11057,1,crack,glazed,green_pvc,3860,0.3566,REJECT
tile_3861.jpg,61474,55171,0.8975,2193,1,crack+chip,terracotta,green_pvc,3861,0.2105,APPROVE
tile_3862.jpg,75616,58774,0.7773,15311,1,chip,marble,grey_pvc,3862,0.2242,REJECT
tile_3863.jpg,59077,56003,0.9480,945,1,crack,marble,black_rubber,3863,0.2136,APPROVE
tile_3864.jpg,25264,22220,0.8795,3794,1,chip,terracotta,white_pu,3864,0.0848,APPROVE
tile_3865.jpg,56964,29302,0.5144,25864,1,shatter,encaustic,green_pvc,3865,0.1118,REJECT
tile_3866.jpg,54484,54484,1.0000,0,0,none,encaustic,grey_pvc,3866,0.2078,APPROVE
tile_3867.jpg,100388,82628,0.8231,42429,1,chip,encaustic,grey_pvc,3867,0.3152,REJECT
tile_3868.jpg,59230,59230,1.0000,0,0,none,encaustic,white_pu,3868,0.2259,APPROVE
tile_3869.jpg,122239,115896,0.9481,30956,1,chip,encaustic,black_rubber,3869,0.4421,APPROVE
tile_3870.jpg,45553,42538,0.9338,1142,1,crack+chip,marble,grey_pvc,3870,0.1623,APPROVE
tile_3871.jpg,86948,86948,1.0000,0,0,none,marble,black_rubber,3871,0.3317,APPROVE
tile_3872.jpg,71554,62229,0.8697,2584,1,crack,terracotta,black_rubber,3872,0.2374,APPROVE
tile_3873.jpg,34027,34027,1.0000,0,0,none,concrete,grey_pvc,3873,0.1298,APPROVE
tile_3874.jpg,26090,11142,0.4271,45612,1,crack+chip,marble,grey_pvc,3874,0.0425,REJECT
tile_3875.jpg,113650,93488,0.8226,10630,1,shatter,marble,green_pvc,3875,0.3566,REJECT
tile_3876.jpg,74854,35855,0.4790,11508,1,crack,glazed,green_pvc,3876,0.1368,REJECT
tile_3877.jpg,148249,78450,0.5292,17601,1,crack,encaustic,white_pu,3877,0.2993,REJECT
tile_3878.jpg,64991,35597,0.5477,35741,1,crack+chip,glazed,green_pvc,3878,0.1358,REJECT
tile_3879.jpg,30668,20571,0.6708,4569,1,crack,concrete,black_rubber,3879,0.0785,REJECT
tile_3880.jpg,83375,65655,0.7875,15055,1,crack+chip,encaustic,black_rubber,3880,0.2505,REJECT
tile_3881.jpg,54345,35858,0.6598,6273,1,crack,glazed,blue_pu,3881,0.1368,REJECT
tile_3882.jpg,119819,73400,0.6126,10175,1,crack,encaustic,blue_pu,3882,0.2800,REJECT
tile_3883.jpg,39589,24475,0.6182,7441,1,crack,glazed,black_rubber,3883,0.0934,REJECT
tile_3884.jpg,35452,35452,1.0000,0,0,none,marble,green_pvc,3884,0.1352,APPROVE
tile_3885.jpg,66082,36392,0.5507,28285,1,shatter,stone,black_rubber,3885,0.1388,REJECT
tile_3886.jpg,57042,57042,1.0000,0,0,none,glazed,green_pvc,3886,0.2176,APPROVE
tile_3887.jpg,91634,91634,1.0000,0,0,none,encaustic,grey_pvc,3887,0.3496,APPROVE
tile_3888.jpg,34563,34563,1.0000,0,0,none,glazed,white_pu,3888,0.1318,APPROVE
tile_3889.jpg,164916,77416,0.4694,21383,1,crack,encaustic,white_pu,3889,0.2953,REJECT
tile_3890.jpg,38566,38566,1.0000,0,0,none,marble,black_rubber,3890,0.1471,APPROVE
tile_3891.jpg,80180,80180,1.0000,0,0,none,concrete,green_pvc,3891,0.3059,APPROVE
tile_3892.jpg,60859,60859,1.0000,0,0,none,concrete,black_rubber,3892,0.2322,APPROVE
tile_3893.jpg,111395,67484,0.6058,57814,1,crack+chip,encaustic,black_rubber,3893,0.2574,REJECT
tile_3894.jpg,154522,154522,1.0000,0,0,none,marble,grey_pvc,3894,0.5895,APPROVE
tile_3895.jpg,76628,65463,0.8543,3584,1,crack,glazed,blue_pu,3895,0.2497,APPROVE
tile_3896.jpg,23536,23536,1.0000,0,0,none,terracotta,black_rubber,3896,0.0898,APPROVE
tile_3897.jpg,139021,139021,1.0000,0,0,none,terracotta,white_pu,3897,0.5303,APPROVE
tile_3898.jpg,129436,81696,0.6312,12277,1,crack,concrete,blue_pu,3898,0.3116,REJECT
tile_3899.jpg,55667,51692,0.9286,15423,1,chip,concrete,black_rubber,3899,0.1972,APPROVE
tile_3900.jpg,60655,60655,1.0000,0,0,none,encaustic,black_rubber,3900,0.2314,APPROVE
tile_3901.jpg,90788,85687,0.9438,3669,1,chip,marble,black_rubber,3901,0.3269,APPROVE
tile_3902.jpg,43737,43737,1.0000,0,0,none,terracotta,blue_pu,3902,0.1668,APPROVE
tile_3903.jpg,108180,75014,0.6934,36025,1,crack+chip,marble,black_rubber,3903,0.2862,REJECT
tile_3904.jpg,48921,48921,1.0000,0,0,none,glazed,grey_pvc,3904,0.1866,APPROVE
tile_3905.jpg,19269,14682,0.7619,54944,1,chip,encaustic,black_rubber,3905,0.0560,REJECT
tile_3906.jpg,92667,67810,0.7318,25011,1,chip,glazed,green_pvc,3906,0.2587,REJECT
tile_3907.jpg,97634,80672,0.8263,77811,1,chip,encaustic,grey_pvc,3907,0.3077,REJECT
tile_3908.jpg,76087,66167,0.8696,11366,1,chip,terracotta,black_rubber,3908,0.2524,APPROVE
tile_3909.jpg,154378,154378,1.0000,0,0,none,marble,grey_pvc,3909,0.5889,APPROVE
tile_3910.jpg,57404,50671,0.8827,9051,1,chip,marble,black_rubber,3910,0.1933,APPROVE
tile_3911.jpg,61058,61058,1.0000,0,0,none,terracotta,black_rubber,3911,0.2329,APPROVE
tile_3912.jpg,40078,40078,1.0000,0,0,none,glazed,black_rubber,3912,0.1529,APPROVE
tile_3913.jpg,179016,127048,0.7097,10501,1,crack,stone,grey_pvc,3913,0.4846,REJECT
tile_3914.jpg,54759,54759,1.0000,0,0,none,stone,grey_pvc,3914,0.2089,APPROVE
tile_3915.jpg,92734,92734,1.0000,0,0,none,marble,grey_pvc,3915,0.3538,APPROVE
tile_3916.jpg,24436,19869,0.8131,34720,1,shatter,terracotta,grey_pvc,3916,0.0758,REJECT
tile_3917.jpg,106840,75518,0.7068,19302,1,crack+chip,terracotta,green_pvc,3917,0.2881,REJECT
tile_3918.jpg,82266,62775,0.7631,5746,1,crack,glazed,white_pu,3918,0.2395,REJECT
tile_3919.jpg,140340,140340,1.0000,0,0,none,encaustic,grey_pvc,3919,0.5354,APPROVE
tile_3920.jpg,149574,149574,1.0000,0,0,none,encaustic,black_rubber,3920,0.5706,APPROVE
tile_3921.jpg,151619,151619,1.0000,0,0,none,concrete,blue_pu,3921,0.5784,APPROVE
tile_3922.jpg,32013,15128,0.4726,7966,1,crack,concrete,grey_pvc,3922,0.0577,REJECT
tile_3923.jpg,63916,44555,0.6971,7535,1,crack,glazed,green_pvc,3923,0.1700,REJECT
tile_3924.jpg,53115,43067,0.8108,21169,1,chip,stone,black_rubber,3924,0.1643,REJECT
tile_3925.jpg,71401,60865,0.8524,3815,1,crack,terracotta,blue_pu,3925,0.2322,APPROVE
tile_3926.jpg,121169,59602,0.4919,71948,1,crack+chip,stone,green_pvc,3926,0.2274,REJECT
tile_3927.jpg,155413,109232,0.7028,50211,1,chip,glazed,white_pu,3927,0.4167,REJECT
tile_3928.jpg,151724,99864,0.6582,10628,1,crack,terracotta,green_pvc,3928,0.3810,REJECT
tile_3929.jpg,88790,88790,1.0000,0,0,none,glazed,white_pu,3929,0.3387,APPROVE
tile_3930.jpg,91613,46201,0.5043,44807,1,shatter,glazed,black_rubber,3930,0.1762,REJECT
tile_3931.jpg,48068,44178,0.9191,1316,1,crack+chip,marble,grey_pvc,3931,0.1685,APPROVE
tile_3932.jpg,54174,54174,1.0000,0,0,none,concrete,green_pvc,3932,0.2067,APPROVE
tile_3933.jpg,58072,58072,1.0000,0,0,none,stone,white_pu,3933,0.2215,APPROVE
tile_3934.jpg,45132,35728,0.7916,13514,1,shatter,concrete,grey_pvc,3934,0.1363,REJECT
tile_3935.jpg,51238,38855,0.7583,34450,1,shatter,marble,black_rubber,3935,0.1482,REJECT
tile_3936.jpg,49728,39075,0.7858,36720,1,shatter,glazed,blue_pu,3936,0.1491,REJECT
tile_3937.jpg,40869,16178,0.3959,20323,1,crack+chip,glazed,grey_pvc,3937,0.0617,REJECT
tile_3938.jpg,32238,27785,0.8619,5769,1,shatter,concrete,green_pvc,3938,0.1060,APPROVE
tile_3939.jpg,95509,95509,1.0000,0,0,none,encaustic,white_pu,3939,0.3643,APPROVE
tile_3940.jpg,20518,15228,0.7422,3671,1,crack+chip,glazed,black_rubber,3940,0.0581,REJECT
tile_3941.jpg,94134,83037,0.8821,5385,1,crack+chip,marble,black_rubber,3941,0.3168,APPROVE
tile_3942.jpg,129132,129132,1.0000,0,0,none,terracotta,grey_pvc,3942,0.4926,APPROVE
tile_3943.jpg,152545,152545,1.0000,0,0,none,encaustic,black_rubber,3943,0.5819,APPROVE
tile_3944.jpg,74180,33168,0.4471,67757,1,shatter,marble,white_pu,3944,0.1265,REJECT
tile_3945.jpg,121635,114400,0.9405,34974,1,chip,encaustic,blue_pu,3945,0.4364,APPROVE
tile_3946.jpg,32108,21739,0.6771,4637,1,crack,terracotta,white_pu,3946,0.0829,REJECT
tile_3947.jpg,43375,37511,0.8648,6872,1,chip,marble,grey_pvc,3947,0.1431,APPROVE
tile_3948.jpg,53586,30081,0.5614,8895,1,crack,terracotta,green_pvc,3948,0.1147,REJECT
tile_3949.jpg,31402,31402,1.0000,0,0,none,marble,black_rubber,3949,0.1198,APPROVE
tile_3950.jpg,54033,54033,1.0000,0,0,none,stone,black_rubber,3950,0.2061,APPROVE
tile_3951.jpg,23763,23763,1.0000,0,0,none,concrete,green_pvc,3951,0.0906,APPROVE
tile_3952.jpg,74739,74739,1.0000,0,0,none,glazed,black_rubber,3952,0.2851,APPROVE
tile_3953.jpg,23313,23313,1.0000,0,0,none,marble,blue_pu,3953,0.0889,APPROVE
tile_3954.jpg,57699,44839,0.7771,4322,1,crack,glazed,black_rubber,3954,0.1710,REJECT
tile_3955.jpg,32376,26196,0.8091,13850,1,shatter,terracotta,black_rubber,3955,0.0999,REJECT
tile_3956.jpg,80573,66738,0.8283,25141,1,shatter,glazed,black_rubber,3956,0.2546,REJECT
tile_3957.jpg,63367,63367,1.0000,0,0,none,concrete,black_rubber,3957,0.2417,APPROVE
tile_3958.jpg,32079,32079,1.0000,0,0,none,terracotta,black_rubber,3958,0.1224,APPROVE
tile_3959.jpg,109654,61502,0.5609,51611,1,shatter,stone,green_pvc,3959,0.2346,REJECT
tile_3960.jpg,80896,46168,0.5707,11190,1,crack,glazed,blue_pu,3960,0.1761,REJECT
tile_3961.jpg,37251,37251,1.0000,0,0,none,marble,grey_pvc,3961,0.1421,APPROVE
tile_3962.jpg,45801,35780,0.7812,18722,1,shatter,glazed,green_pvc,3962,0.1365,REJECT
tile_3963.jpg,76701,76701,1.0000,0,0,none,glazed,blue_pu,3963,0.2926,APPROVE
tile_3964.jpg,88611,63622,0.7180,17184,1,crack+chip,encaustic,black_rubber,3964,0.2427,REJECT
tile_3965.jpg,44963,31446,0.6994,51727,1,shatter,stone,black_rubber,3965,0.1200,REJECT
tile_3966.jpg,71510,48302,0.6755,7187,1,crack,terracotta,grey_pvc,3966,0.1843,REJECT
tile_3967.jpg,143340,143340,1.0000,0,0,none,terracotta,blue_pu,3967,0.5468,APPROVE
tile_3968.jpg,145928,145928,1.0000,0,0,none,encaustic,grey_pvc,3968,0.5567,APPROVE
tile_3969.jpg,83133,48949,0.5888,29830,1,crack+chip,glazed,blue_pu,3969,0.1867,REJECT
tile_3970.jpg,50120,38514,0.7684,4657,1,crack+chip,glazed,grey_pvc,3970,0.1469,REJECT
tile_3971.jpg,34293,30561,0.8912,19392,1,chip,stone,green_pvc,3971,0.1166,APPROVE
tile_3972.jpg,137574,84605,0.6150,12654,1,crack,concrete,grey_pvc,3972,0.3227,REJECT
tile_3973.jpg,31413,26429,0.8413,23227,1,chip,encaustic,grey_pvc,3973,0.1008,REJECT
tile_3974.jpg,131466,131466,1.0000,0,0,none,encaustic,black_rubber,3974,0.5015,APPROVE
tile_3975.jpg,60623,60623,1.0000,0,0,none,terracotta,green_pvc,3975,0.2313,APPROVE
tile_3976.jpg,27860,12054,0.4327,32106,1,crack+chip,encaustic,blue_pu,3976,0.0460,REJECT
tile_3977.jpg,95520,56378,0.5902,47608,1,chip,glazed,black_rubber,3977,0.2151,REJECT
tile_3978.jpg,59775,46071,0.7707,4152,1,crack,encaustic,blue_pu,3978,0.1757,REJECT
tile_3979.jpg,173409,157965,0.9109,1988,1,crack,marble,blue_pu,3979,0.6026,APPROVE
tile_3980.jpg,108346,75266,0.6947,7403,1,crack,stone,blue_pu,3980,0.2871,REJECT
tile_3981.jpg,45813,36997,0.8076,8087,1,chip,stone,green_pvc,3981,0.1411,REJECT
tile_3982.jpg,61648,57878,0.9388,783,1,crack,encaustic,black_rubber,3982,0.2208,APPROVE
tile_3983.jpg,8539,7243,0.8482,16445,1,shatter,glazed,green_pvc,3983,0.0276,REJECT
tile_3984.jpg,33569,29066,0.8659,27755,1,chip,glazed,blue_pu,3984,0.1109,APPROVE
tile_3985.jpg,55341,50509,0.9127,7394,1,chip,terracotta,green_pvc,3985,0.1927,APPROVE
tile_3986.jpg,67763,34867,0.5145,50417,1,crack+chip,encaustic,grey_pvc,3986,0.1330,REJECT
tile_3987.jpg,19810,14202,0.7169,6274,1,crack+chip,stone,black_rubber,3987,0.0542,REJECT
tile_3988.jpg,40261,33551,0.8333,2525,1,crack,glazed,grey_pvc,3988,0.1280,REJECT
tile_3989.jpg,148537,116266,0.7827,6637,1,crack,stone,blue_pu,3989,0.4435,REJECT
tile_3990.jpg,74862,45458,0.6072,10562,1,crack,glazed,black_rubber,3990,0.1734,REJECT
tile_3991.jpg,130883,77657,0.5933,11860,1,crack,stone,green_pvc,3991,0.2962,REJECT
tile_3992.jpg,51410,48118,0.9360,2151,1,chip,stone,black_rubber,3992,0.1836,APPROVE
tile_3993.jpg,52349,52349,1.0000,0,0,none,encaustic,grey_pvc,3993,0.1997,APPROVE
tile_3994.jpg,72863,67547,0.9270,5570,1,chip,stone,black_rubber,3994,0.2577,APPROVE
tile_3995.jpg,74901,64113,0.8560,12489,1,chip,glazed,black_rubber,3995,0.2446,APPROVE
tile_3996.jpg,70545,37311,0.5289,91325,1,shatter,glazed,grey_pvc,3996,0.1423,REJECT
tile_3997.jpg,135013,135013,1.0000,0,0,none,encaustic,blue_pu,3997,0.5150,APPROVE
tile_3998.jpg,57029,36068,0.6325,12374,1,crack+chip,glazed,white_pu,3998,0.1376,REJECT
tile_3999.jpg,167256,167256,1.0000,0,0,none,encaustic,grey_pvc,3999,0.6380,APPROVE
tile_4000.jpg,151031,151031,1.0000,0,0,none,glazed,white_pu,4000,0.5761,APPROVE
tile_4001.jpg,106205,79643,0.7499,5144,1,crack,encaustic,green_pvc,4001,0.3038,REJECT
tile_4002.jpg,92005,92005,1.0000,0,0,none,marble,black_rubber,4002,0.3510,APPROVE
tile_4003.jpg,31819,31819,1.0000,0,0,none,stone,green_pvc,4003,0.1214,APPROVE
tile_4004.jpg,61637,44167,0.7166,6820,1,crack,terracotta,green_pvc,4004,0.1685,REJECT
tile_4005.jpg,54826,54826,1.0000,0,0,none,terracotta,white_pu,4005,0.2091,APPROVE
tile_4006.jpg,66992,55578,0.8296,3887,1,crack,terracotta,grey_pvc,4006,0.2120,REJECT
tile_4007.jpg,80335,80335,1.0000,0,0,none,glazed,green_pvc,4007,0.3065,APPROVE
tile_4008.jpg,40790,28573,0.7005,17884,1,chip,marble,white_pu,4008,0.1090,REJECT
tile_4009.jpg,47436,30675,0.6467,5690,1,crack,marble,grey_pvc,4009,0.1170,REJECT
tile_4010.jpg,79167,57738,0.7293,7311,1,crack,terracotta,grey_pvc,4010,0.2203,REJECT
tile_4011.jpg,130328,130328,1.0000,0,0,none,encaustic,white_pu,4011,0.4972,APPROVE
tile_4012.jpg,56398,50423,0.8941,1525,1,crack,marble,blue_pu,4012,0.1923,APPROVE
tile_4013.jpg,17879,14003,0.7832,4909,1,shatter,terracotta,blue_pu,4013,0.0534,REJECT
tile_4014.jpg,58425,33463,0.5728,27134,1,crack+chip,encaustic,black_rubber,4014,0.1277,REJECT
tile_4015.jpg,51006,51006,1.0000,0,0,none,concrete,green_pvc,4015,0.1946,APPROVE
tile_4016.jpg,111361,95874,0.8609,2857,1,crack,encaustic,white_pu,4016,0.3657,APPROVE
tile_4017.jpg,58851,30754,0.5226,9827,1,crack,terracotta,green_pvc,4017,0.1173,REJECT
tile_4018.jpg,69771,68981,0.9887,1384,1,chip,concrete,grey_pvc,4018,0.2631,APPROVE
tile_4019.jpg,25454,24053,0.9450,2059,1,chip,glazed,white_pu,4019,0.0918,APPROVE
tile_4020.jpg,21296,21296,1.0000,0,0,none,glazed,grey_pvc,4020,0.0812,APPROVE
tile_4021.jpg,151014,151014,1.0000,0,0,none,terracotta,grey_pvc,4021,0.5761,APPROVE
tile_4022.jpg,151764,98449,0.6487,55230,1,chip,terracotta,green_pvc,4022,0.3756,REJECT
tile_4023.jpg,65963,57994,0.8792,3622,1,crack+chip,encaustic,black_rubber,4023,0.2212,APPROVE
tile_4024.jpg,63545,36868,0.5802,18140,1,crack+chip,terracotta,grey_pvc,4024,0.1406,REJECT
tile_4025.jpg,150158,150158,1.0000,0,0,none,terracotta,white_pu,4025,0.5728,APPROVE
tile_4026.jpg,115565,87491,0.7571,21143,1,crack+chip,concrete,black_rubber,4026,0.3338,REJECT
tile_4027.jpg,84662,68483,0.8089,17906,1,chip,marble,black_rubber,4027,0.2612,REJECT
tile_4028.jpg,55544,55544,1.0000,0,0,none,encaustic,white_pu,4028,0.2119,APPROVE
tile_4029.jpg,13669,10456,0.7649,25231,1,shatter,glazed,white_pu,4029,0.0399,REJECT
tile_4030.jpg,150177,134979,0.8988,2593,1,crack,concrete,black_rubber,4030,0.5149,APPROVE
tile_4031.jpg,61647,29789,0.4832,33220,1,chip,marble,green_pvc,4031,0.1136,REJECT
tile_4032.jpg,114349,62781,0.5490,50511,1,crack+chip,glazed,grey_pvc,4032,0.2395,REJECT
tile_4033.jpg,36698,24736,0.6740,5298,1,crack,concrete,green_pvc,4033,0.0944,REJECT
tile_4034.jpg,74164,38978,0.5256,46996,1,crack+chip,encaustic,black_rubber,4034,0.1487,REJECT
tile_4035.jpg,51764,51764,1.0000,0,0,none,encaustic,blue_pu,4035,0.1975,APPROVE
tile_4036.jpg,89532,48892,0.5461,79050,1,shatter,marble,grey_pvc,4036,0.1865,REJECT
tile_4037.jpg,55348,51335,0.9275,18307,1,chip,concrete,green_pvc,4037,0.1958,APPROVE
tile_4038.jpg,40064,40064,1.0000,0,0,none,encaustic,black_rubber,4038,0.1528,APPROVE
tile_4039.jpg,109822,81757,0.7445,38356,1,crack+chip,encaustic,white_pu,4039,0.3119,REJECT
tile_4040.jpg,69381,68087,0.9813,779,1,chip,encaustic,white_pu,4040,0.2597,APPROVE
tile_4041.jpg,80302,61019,0.7599,5806,1,crack,terracotta,white_pu,4041,0.2328,REJECT
tile_4042.jpg,38083,32345,0.8493,32872,1,chip,encaustic,green_pvc,4042,0.1234,REJECT
tile_4043.jpg,72406,47787,0.6600,72348,1,chip,marble,blue_pu,4043,0.1823,REJECT
tile_4044.jpg,97728,67673,0.6925,50321,1,chip,concrete,grey_pvc,4044,0.2582,REJECT
tile_4045.jpg,121482,107846,0.8878,49808,1,shatter,glazed,green_pvc,4045,0.4114,APPROVE
tile_4046.jpg,132752,132752,1.0000,0,0,none,encaustic,green_pvc,4046,0.5064,APPROVE
tile_4047.jpg,30503,24594,0.8063,2366,1,crack,concrete,black_rubber,4047,0.0938,REJECT
tile_4048.jpg,74061,63016,0.8509,2670,1,crack,glazed,black_rubber,4048,0.2404,APPROVE
tile_4049.jpg,60219,60219,1.0000,0,0,none,encaustic,blue_pu,4049,0.2297,APPROVE
tile_4050.jpg,78386,36397,0.4643,57677,1,crack+chip,marble,grey_pvc,4050,0.1388,REJECT
tile_4051.jpg,163802,96989,0.5921,15358,1,crack,glazed,grey_pvc,4051,0.3700,REJECT
tile_4052.jpg,104255,94728,0.9086,28627,1,chip,stone,grey_pvc,4052,0.3614,APPROVE
tile_4053.jpg,158403,158403,1.0000,0,0,none,encaustic,grey_pvc,4053,0.6043,APPROVE
tile_4054.jpg,102884,74737,0.7264,6293,1,crack,stone,white_pu,4054,0.2851,REJECT
tile_4055.jpg,142236,120373,0.8463,35985,1,crack+chip,encaustic,green_pvc,4055,0.4592,REJECT
tile_4056.jpg,141252,80273,0.5683,44179,1,crack+chip,encaustic,green_pvc,4056,0.3062,REJECT
tile_4057.jpg,115954,51698,0.4458,18787,1,crack,terracotta,grey_pvc,4057,0.1972,REJECT
tile_4058.jpg,26506,21547,0.8129,4216,1,chip,terracotta,grey_pvc,4058,0.0822,REJECT
tile_4059.jpg,11809,7733,0.6548,17752,1,shatter,concrete,black_rubber,4059,0.0295,REJECT
tile_4060.jpg,41481,38699,0.9329,969,1,crack,terracotta,green_pvc,4060,0.1476,APPROVE
tile_4061.jpg,33495,21543,0.6432,40354,1,shatter,concrete,green_pvc,4061,0.0822,REJECT
tile_4062.jpg,20732,17795,0.8583,29044,1,shatter,marble,white_pu,4062,0.0679,APPROVE
tile_4063.jpg,34025,34025,1.0000,0,0,none,glazed,blue_pu,4063,0.1298,APPROVE
tile_4064.jpg,137407,137407,1.0000,0,0,none,stone,black_rubber,4064,0.5242,APPROVE
tile_4065.jpg,77684,60935,0.7844,5543,1,crack,marble,green_pvc,4065,0.2324,REJECT
tile_4066.jpg,64585,33269,0.5151,9938,1,crack,glazed,green_pvc,4066,0.1269,REJECT
tile_4067.jpg,34938,33489,0.9585,2241,1,chip,marble,black_rubber,4067,0.1278,APPROVE
tile_4068.jpg,28611,26254,0.9176,993,1,crack,terracotta,black_rubber,4068,0.1002,APPROVE
tile_4069.jpg,33478,27700,0.8274,2193,1,crack,terracotta,grey_pvc,4069,0.1057,REJECT
tile_4070.jpg,103152,81976,0.7947,41147,1,chip,stone,white_pu,4070,0.3127,REJECT
tile_4071.jpg,130952,130952,1.0000,0,0,none,marble,blue_pu,4071,0.4995,APPROVE
tile_4072.jpg,56848,55675,0.9794,752,1,chip,concrete,blue_pu,4072,0.2124,APPROVE
tile_4073.jpg,36409,34785,0.9554,1026,1,chip,glazed,blue_pu,4073,0.1327,APPROVE
tile_4074.jpg,29478,27331,0.9272,10005,1,chip,glazed,grey_pvc,4074,0.1043,APPROVE
tile_4075.jpg,43103,43103,1.0000,0,0,none,concrete,grey_pvc,4075,0.1644,APPROVE
tile_4076.jpg,42172,31186,0.7395,10270,1,chip,stone,black_rubber,4076,0.1190,REJECT
tile_4077.jpg,152754,130764,0.8560,3593,1,crack,glazed,green_pvc,4077,0.4988,APPROVE
tile_4078.jpg,101569,101569,1.0000,0,0,none,terracotta,black_rubber,4078,0.3875,APPROVE
tile_4079.jpg,44022,28577,0.6492,45126,1,shatter,concrete,black_rubber,4079,0.1090,REJECT
tile_4080.jpg,46519,44947,0.9662,477,1,crack,concrete,black_rubber,4080,0.1715,APPROVE
tile_4081.jpg,29062,16136,0.5552,14534,1,crack+chip,stone,grey_pvc,4081,0.0616,REJECT
tile_4082.jpg,25572,20119,0.7868,2672,1,crack,glazed,green_pvc,4082,0.0767,REJECT
tile_4083.jpg,71689,61439,0.8570,3188,1,crack,terracotta,white_pu,4083,0.2344,APPROVE
tile_4084.jpg,33287,17528,0.5266,7488,1,crack,concrete,green_pvc,4084,0.0669,REJECT
tile_4085.jpg,57274,37116,0.6480,8000,1,crack+chip,terracotta,grey_pvc,4085,0.1416,REJECT
tile_4086.jpg,63614,63614,1.0000,0,0,none,concrete,grey_pvc,4086,0.2427,APPROVE
tile_4087.jpg,88044,61253,0.6957,19479,1,shatter,terracotta,white_pu,4087,0.2337,REJECT
tile_4088.jpg,152565,108373,0.7103,8581,1,crack,encaustic,black_rubber,4088,0.4134,REJECT
tile_4089.jpg,60344,44728,0.7412,5627,1,crack,marble,black_rubber,4089,0.1706,REJECT
tile_4090.jpg,98416,74783,0.7599,31324,1,crack+chip,encaustic,black_rubber,4090,0.2853,REJECT
tile_4091.jpg,38667,35624,0.9213,4179,1,chip,stone,grey_pvc,4091,0.1359,APPROVE
tile_4092.jpg,81998,73916,0.9014,1811,1,crack,terracotta,black_rubber,4092,0.2820,APPROVE
tile_4093.jpg,108324,108324,1.0000,0,0,none,concrete,grey_pvc,4093,0.4132,APPROVE
tile_4094.jpg,16599,11058,0.6662,26539,1,shatter,encaustic,black_rubber,4094,0.0422,REJECT
tile_4095.jpg,127699,64092,0.5019,54241,1,crack+chip,terracotta,black_rubber,4095,0.2445,REJECT
tile_4096.jpg,74299,73158,0.9846,2768,1,chip,concrete,grey_pvc,4096,0.2791,APPROVE
tile_4097.jpg,24716,14858,0.6011,5150,1,crack,concrete,grey_pvc,4097,0.0567,REJECT
tile_4098.jpg,40975,39235,0.9575,7465,1,chip,marble,blue_pu,4098,0.1497,APPROVE
tile_4099.jpg,57679,30782,0.5337,9493,1,crack,marble,blue_pu,4099,0.1174,REJECT
tile_4100.jpg,71366,48944,0.6858,7046,1,crack,encaustic,white_pu,4100,0.1867,REJECT
tile_4101.jpg,21432,11251,0.5250,5464,1,crack,stone,blue_pu,4101,0.0429,REJECT
tile_4102.jpg,72548,72548,1.0000,0,0,none,concrete,black_rubber,4102,0.2767,APPROVE
tile_4103.jpg,82182,82182,1.0000,0,0,none,terracotta,grey_pvc,4103,0.3135,APPROVE
tile_4104.jpg,66693,66693,1.0000,0,0,none,marble,blue_pu,4104,0.2544,APPROVE
tile_4105.jpg,52652,52652,1.0000,0,0,none,terracotta,black_rubber,4105,0.2009,APPROVE
tile_4106.jpg,39413,39413,1.0000,0,0,none,marble,blue_pu,4106,0.1503,APPROVE
tile_4107.jpg,23122,23122,1.0000,0,0,none,marble,green_pvc,4107,0.0882,APPROVE
tile_4108.jpg,44110,27614,0.6260,7679,1,crack,marble,white_pu,4108,0.1053,REJECT
tile_4109.jpg,80009,80009,1.0000,0,0,none,terracotta,blue_pu,4109,0.3052,APPROVE
tile_4110.jpg,31015,23175,0.7472,44966,1,shatter,terracotta,grey_pvc,4110,0.0884,REJECT
tile_4111.jpg,37804,37804,1.0000,0,0,none,marble,white_pu,4111,0.1442,APPROVE
tile_4112.jpg,36494,29440,0.8067,2935,1,crack,terracotta,blue_pu,4112,0.1123,REJECT
tile_4113.jpg,62872,34245,0.5447,41693,1,shatter,glazed,green_pvc,4113,0.1306,REJECT
tile_4114.jpg,29468,27069,0.9186,12675,1,chip,concrete,black_rubber,4114,0.1033,APPROVE
tile_4115.jpg,62912,62912,1.0000,0,0,none,glazed,white_pu,4115,0.2400,APPROVE
tile_4116.jpg,104229,61414,0.5892,68464,1,shatter,encaustic,black_rubber,4116,0.2343,REJECT
tile_4117.jpg,149227,149227,1.0000,0,0,none,encaustic,black_rubber,4117,0.5693,APPROVE
tile_4118.jpg,70776,38440,0.5431,39747,1,shatter,marble,white_pu,4118,0.1466,REJECT
tile_4119.jpg,119351,61808,0.5179,54989,1,shatter,concrete,black_rubber,4119,0.2358,REJECT
tile_4120.jpg,39383,30407,0.7721,56526,1,shatter,glazed,green_pvc,4120,0.1160,REJECT
tile_4121.jpg,32496,17264,0.5313,35220,1,shatter,glazed,green_pvc,4121,0.0659,REJECT
tile_4122.jpg,42262,42262,1.0000,0,0,none,concrete,grey_pvc,4122,0.1612,APPROVE
tile_4123.jpg,25392,22035,0.8678,1560,1,crack,terracotta,blue_pu,4123,0.0841,APPROVE
tile_4124.jpg,12405,9798,0.7898,11359,1,shatter,glazed,blue_pu,4124,0.0374,REJECT
tile_4125.jpg,50569,42948,0.8493,1738,1,crack,terracotta,green_pvc,4125,0.1638,REJECT
tile_4126.jpg,18404,16481,0.8955,12404,1,shatter,concrete,black_rubber,4126,0.0629,APPROVE
tile_4127.jpg,133162,119627,0.8984,22660,1,chip,terracotta,green_pvc,4127,0.4563,APPROVE
tile_4128.jpg,53443,46454,0.8692,47757,1,chip,encaustic,grey_pvc,4128,0.1772,APPROVE
tile_4129.jpg,117733,105544,0.8965,37226,1,chip,encaustic,grey_pvc,4129,0.4026,APPROVE
tile_4130.jpg,80118,47895,0.5978,9667,1,crack,encaustic,blue_pu,4130,0.1827,REJECT
tile_4131.jpg,66814,54467,0.8152,9835,1,chip,concrete,green_pvc,4131,0.2078,REJECT
tile_4132.jpg,41396,38111,0.9206,4218,1,chip,marble,blue_pu,4132,0.1454,APPROVE
tile_4133.jpg,75159,64217,0.8544,10173,1,chip,terracotta,black_rubber,4133,0.2450,APPROVE
tile_4134.jpg,147459,91527,0.6207,12347,1,crack,encaustic,black_rubber,4134,0.3491,REJECT
tile_4135.jpg,32022,32022,1.0000,0,0,none,terracotta,blue_pu,4135,0.1222,APPROVE
tile_4136.jpg,30280,20287,0.6700,4613,1,crack,stone,green_pvc,4136,0.0774,REJECT
tile_4137.jpg,159577,159577,1.0000,0,0,none,marble,green_pvc,4137,0.6087,APPROVE
tile_4138.jpg,47566,39285,0.8259,2762,1,crack,terracotta,black_rubber,4138,0.1499,REJECT
tile_4139.jpg,42114,20061,0.4763,8691,1,crack,encaustic,green_pvc,4139,0.0765,REJECT
tile_4140.jpg,88456,88456,1.0000,0,0,none,encaustic,black_rubber,4140,0.3374,APPROVE
tile_4141.jpg,98858,83431,0.8439,3646,1,crack,encaustic,black_rubber,4141,0.3183,REJECT
tile_4142.jpg,51241,51241,1.0000,0,0,none,marble,grey_pvc,4142,0.1955,APPROVE
tile_4143.jpg,135368,135368,1.0000,0,0,none,terracotta,green_pvc,4143,0.5164,APPROVE
tile_4144.jpg,60038,33898,0.5646,19123,1,shatter,terracotta,black_rubber,4144,0.1293,REJECT
tile_4145.jpg,102177,102177,1.0000,0,0,none,glazed,black_rubber,4145,0.3898,APPROVE
tile_4146.jpg,69371,44117,0.6360,32942,1,crack+chip,glazed,grey_pvc,4146,0.1683,REJECT
tile_4147.jpg,171405,171405,1.0000,0,0,none,encaustic,grey_pvc,4147,0.6539,APPROVE
tile_4148.jpg,110663,90611,0.8188,4239,1,crack,encaustic,grey_pvc,4148,0.3457,REJECT
tile_4149.jpg,120292,120292,1.0000,0,0,none,glazed,green_pvc,4149,0.4589,APPROVE
tile_4150.jpg,82342,57574,0.6992,28490,1,chip,marble,white_pu,4150,0.2196,REJECT
tile_4151.jpg,142323,142323,1.0000,0,0,none,encaustic,green_pvc,4151,0.5429,APPROVE
tile_4152.jpg,137448,137448,1.0000,0,0,none,encaustic,black_rubber,4152,0.5243,APPROVE
tile_4153.jpg,90528,90528,1.0000,0,0,none,stone,black_rubber,4153,0.3453,APPROVE
tile_4154.jpg,58954,27433,0.4653,30449,1,crack+chip,glazed,blue_pu,4154,0.1046,REJECT
tile_4155.jpg,162246,114899,0.7082,9004,1,crack,encaustic,black_rubber,4155,0.4383,REJECT
tile_4156.jpg,55484,55484,1.0000,0,0,none,terracotta,black_rubber,4156,0.2117,APPROVE
tile_4157.jpg,107880,28550,0.2646,60354,1,crack+chip,concrete,white_pu,4157,0.1089,REJECT
tile_4158.jpg,161815,161815,1.0000,0,0,none,glazed,green_pvc,4158,0.6173,APPROVE
tile_4159.jpg,150997,136763,0.9057,8146,1,crack+chip,encaustic,black_rubber,4159,0.5217,APPROVE
tile_4160.jpg,42284,28483,0.6736,11836,1,chip,marble,grey_pvc,4160,0.1087,REJECT
tile_4161.jpg,43464,30471,0.7011,4188,1,crack,marble,black_rubber,4161,0.1162,REJECT
tile_4162.jpg,65344,65344,1.0000,0,0,none,glazed,white_pu,4162,0.2493,APPROVE
tile_4163.jpg,89125,89125,1.0000,0,0,none,marble,white_pu,4163,0.3400,APPROVE
tile_4164.jpg,89880,89880,1.0000,0,0,none,concrete,grey_pvc,4164,0.3429,APPROVE
tile_4165.jpg,107981,51426,0.4763,74695,1,shatter,encaustic,black_rubber,4165,0.1962,REJECT
tile_4166.jpg,36263,29764,0.8208,18535,1,shatter,encaustic,grey_pvc,4166,0.1135,REJECT
tile_4167.jpg,140634,140634,1.0000,0,0,none,marble,blue_pu,4167,0.5365,APPROVE
tile_4168.jpg,123530,123530,1.0000,0,0,none,concrete,grey_pvc,4168,0.4712,APPROVE
tile_4169.jpg,79683,66305,0.8321,32611,1,chip,terracotta,black_rubber,4169,0.2529,REJECT
tile_4170.jpg,83701,83701,1.0000,0,0,none,glazed,black_rubber,4170,0.3193,APPROVE
tile_4171.jpg,155751,118042,0.7579,17149,1,crack+chip,terracotta,green_pvc,4171,0.4503,REJECT
tile_4172.jpg,60969,49652,0.8144,3395,1,crack,stone,green_pvc,4172,0.1894,REJECT
tile_4173.jpg,49093,30368,0.6186,6489,1,crack,marble,blue_pu,4173,0.1158,REJECT
tile_4174.jpg,43170,43170,1.0000,0,0,none,encaustic,black_rubber,4174,0.1647,APPROVE
tile_4175.jpg,110814,110814,1.0000,0,0,none,glazed,black_rubber,4175,0.4227,APPROVE
tile_4176.jpg,53241,44372,0.8334,7976,1,chip,stone,blue_pu,4176,0.1693,REJECT
tile_4177.jpg,158553,143827,0.9071,3319,1,crack+chip,encaustic,green_pvc,4177,0.5487,APPROVE
tile_4178.jpg,59049,34589,0.5858,31055,1,chip,glazed,green_pvc,4178,0.1319,REJECT
tile_4179.jpg,124209,124209,1.0000,0,0,none,concrete,green_pvc,4179,0.4738,APPROVE
tile_4180.jpg,27260,13622,0.4997,30545,1,shatter,encaustic,blue_pu,4180,0.0520,REJECT
tile_4181.jpg,52688,40814,0.7746,3164,1,crack,stone,black_rubber,4181,0.1557,REJECT
tile_4182.jpg,79203,79203,1.0000,0,0,none,glazed,black_rubber,4182,0.3021,APPROVE
tile_4183.jpg,37169,37169,1.0000,0,0,none,terracotta,black_rubber,4183,0.1418,APPROVE
tile_4184.jpg,41188,41188,1.0000,0,0,none,marble,black_rubber,4184,0.1571,APPROVE
tile_4185.jpg,73559,54080,0.7352,18957,1,crack+chip,terracotta,black_rubber,4185,0.2063,REJECT
tile_4186.jpg,29265,18984,0.6487,11388,1,crack+chip,marble,grey_pvc,4186,0.0724,REJECT
tile_4187.jpg,97506,97506,1.0000,0,0,none,terracotta,blue_pu,4187,0.3720,APPROVE
tile_4188.jpg,100446,85609,0.8523,86432,1,shatter,encaustic,black_rubber,4188,0.3266,APPROVE
tile_4189.jpg,82374,82374,1.0000,0,0,none,marble,white_pu,4189,0.3142,APPROVE
tile_4190.jpg,24718,24718,1.0000,0,0,none,stone,black_rubber,4190,0.0943,APPROVE
tile_4191.jpg,72439,52554,0.7255,12963,1,shatter,glazed,white_pu,4191,0.2005,REJECT
tile_4192.jpg,97102,97102,1.0000,0,0,none,glazed,black_rubber,4192,0.3704,APPROVE
tile_4193.jpg,38859,38859,1.0000,0,0,none,stone,white_pu,4193,0.1482,APPROVE
tile_4194.jpg,112390,76129,0.6774,10179,1,crack,concrete,black_rubber,4194,0.2904,REJECT
tile_4195.jpg,107466,23822,0.2217,104179,1,crack+chip,stone,blue_pu,4195,0.0909,REJECT
tile_4196.jpg,49635,49635,1.0000,0,0,none,stone,black_rubber,4196,0.1893,APPROVE
tile_4197.jpg,58482,46389,0.7932,14869,1,shatter,glazed,black_rubber,4197,0.1770,REJECT
tile_4198.jpg,102114,100333,0.9826,2054,1,chip,encaustic,green_pvc,4198,0.3827,APPROVE
tile_4199.jpg,161833,118684,0.7334,50386,1,chip,glazed,grey_pvc,4199,0.4527,REJECT
tile_4200.jpg,89587,89587,1.0000,0,0,none,terracotta,green_pvc,4200,0.3417,APPROVE
tile_4201.jpg,64815,61221,0.9445,1057,1,crack,glazed,green_pvc,4201,0.2335,APPROVE
tile_4202.jpg,94676,50996,0.5386,88252,1,chip,encaustic,white_pu,4202,0.1945,REJECT
tile_4203.jpg,101769,65756,0.6461,56447,1,shatter,terracotta,grey_pvc,4203,0.2508,REJECT
tile_4204.jpg,88394,88394,1.0000,0,0,none,marble,white_pu,4204,0.3372,APPROVE
tile_4205.jpg,91554,91554,1.0000,0,0,none,terracotta,grey_pvc,4205,0.3493,APPROVE
tile_4206.jpg,81427,75492,0.9271,5946,1,chip,stone,white_pu,4206,0.2880,APPROVE
tile_4207.jpg,110853,76459,0.6897,16040,1,crack+chip,marble,green_pvc,4207,0.2917,REJECT
tile_4208.jpg,46920,46920,1.0000,0,0,none,glazed,green_pvc,4208,0.1790,APPROVE
tile_4209.jpg,94193,94193,1.0000,0,0,none,marble,green_pvc,4209,0.3593,APPROVE
tile_4210.jpg,54916,47226,0.8600,18628,1,crack+chip,concrete,white_pu,4210,0.1802,APPROVE
tile_4211.jpg,32018,20860,0.6515,4782,1,crack,marble,white_pu,4211,0.0796,REJECT
tile_4212.jpg,45849,45849,1.0000,0,0,none,encaustic,black_rubber,4212,0.1749,APPROVE
tile_4213.jpg,42479,29310,0.6900,4177,1,crack,glazed,grey_pvc,4213,0.1118,REJECT
tile_4214.jpg,88214,76544,0.8677,6940,1,shatter,encaustic,black_rubber,4214,0.2920,APPROVE
tile_4215.jpg,51552,51552,1.0000,0,0,none,stone,grey_pvc,4215,0.1967,APPROVE
tile_4216.jpg,70602,52876,0.7489,8747,1,crack+chip,terracotta,green_pvc,4216,0.2017,REJECT
tile_4217.jpg,42185,27855,0.6603,6900,1,crack+chip,encaustic,white_pu,4217,0.1063,REJECT
tile_4218.jpg,123093,123093,1.0000,0,0,none,encaustic,blue_pu,4218,0.4696,APPROVE
tile_4219.jpg,72330,72330,1.0000,0,0,none,marble,green_pvc,4219,0.2759,APPROVE
tile_4220.jpg,45171,21765,0.4818,34059,1,crack+chip,glazed,grey_pvc,4220,0.0830,REJECT
tile_4221.jpg,85184,85184,1.0000,0,0,none,glazed,grey_pvc,4221,0.3250,APPROVE
tile_4222.jpg,30897,29008,0.9389,1324,1,chip,terracotta,blue_pu,4222,0.1107,APPROVE
tile_4223.jpg,42582,32133,0.7546,17126,1,chip,glazed,grey_pvc,4223,0.1226,REJECT
tile_4224.jpg,26215,14571,0.5558,17052,1,chip,marble,white_pu,4224,0.0556,REJECT
tile_4225.jpg,36649,25921,0.7073,4854,1,crack,marble,grey_pvc,4225,0.0989,REJECT
tile_4226.jpg,50570,26442,0.5229,24849,1,crack+chip,marble,black_rubber,4226,0.1009,REJECT
tile_4227.jpg,29648,19667,0.6633,4074,1,crack,marble,grey_pvc,4227,0.0750,REJECT
tile_4228.jpg,113951,113951,1.0000,0,0,none,terracotta,grey_pvc,4228,0.4347,APPROVE
tile_4229.jpg,53154,53154,1.0000,0,0,none,encaustic,black_rubber,4229,0.2028,APPROVE
tile_4230.jpg,142587,142587,1.0000,0,0,none,terracotta,black_rubber,4230,0.5439,APPROVE
tile_4231.jpg,85869,64339,0.7493,5767,1,crack,marble,black_rubber,4231,0.2454,REJECT
tile_4232.jpg,43193,23759,0.5501,15000,1,crack+chip,glazed,green_pvc,4232,0.0906,REJECT
tile_4233.jpg,24462,13483,0.5512,42643,1,shatter,terracotta,white_pu,4233,0.0514,REJECT
tile_4234.jpg,57964,57964,1.0000,0,0,none,glazed,black_rubber,4234,0.2211,APPROVE
tile_4235.jpg,61936,54306,0.8768,28620,1,chip,glazed,blue_pu,4235,0.2072,APPROVE
tile_4236.jpg,62145,57335,0.9226,1099,1,crack,encaustic,blue_pu,4236,0.2187,APPROVE
tile_4237.jpg,118960,118960,1.0000,0,0,none,concrete,black_rubber,4237,0.4538,APPROVE
tile_4238.jpg,59491,50676,0.8518,14754,1,chip,encaustic,green_pvc,4238,0.1933,APPROVE
tile_4239.jpg,158286,75434,0.4766,19255,1,crack,encaustic,white_pu,4239,0.2878,REJECT
tile_4240.jpg,71790,69885,0.9735,3721,1,chip,marble,green_pvc,4240,0.2666,APPROVE
tile_4241.jpg,37137,25253,0.6800,11865,1,chip,terracotta,black_rubber,4241,0.0963,REJECT
tile_4242.jpg,39575,39324,0.9937,769,1,chip,marble,white_pu,4242,0.1500,APPROVE
tile_4243.jpg,54859,54859,1.0000,0,0,none,encaustic,grey_pvc,4243,0.2093,APPROVE
tile_4244.jpg,107999,107999,1.0000,0,0,none,encaustic,black_rubber,4244,0.4120,APPROVE
tile_4245.jpg,87459,87459,1.0000,0,0,none,stone,black_rubber,4245,0.3336,APPROVE
tile_4246.jpg,48339,32816,0.6789,5005,1,crack,stone,black_rubber,4246,0.1252,REJECT
tile_4247.jpg,38710,35850,0.9261,2810,1,chip,concrete,blue_pu,4247,0.1368,APPROVE
tile_4248.jpg,55175,34611,0.6273,6329,1,crack,encaustic,black_rubber,4248,0.1320,REJECT
tile_4249.jpg,24054,12950,0.5384,27316,1,shatter,encaustic,white_pu,4249,0.0494,REJECT
tile_4250.jpg,13906,8627,0.6204,15671,1,shatter,stone,green_pvc,4250,0.0329,REJECT
tile_4251.jpg,29303,29303,1.0000,0,0,none,stone,blue_pu,4251,0.1118,APPROVE
tile_4252.jpg,76490,76490,1.0000,0,0,none,glazed,black_rubber,4252,0.2918,APPROVE
tile_4253.jpg,24454,24454,1.0000,0,0,none,marble,black_rubber,4253,0.0933,APPROVE
tile_4254.jpg,165952,147027,0.8860,6025,1,crack+chip,terracotta,grey_pvc,4254,0.5609,APPROVE
tile_4255.jpg,139154,139154,1.0000,0,0,none,glazed,green_pvc,4255,0.5308,APPROVE
tile_4256.jpg,81894,69433,0.8478,59805,1,shatter,stone,black_rubber,4256,0.2649,REJECT
tile_4257.jpg,126423,126423,1.0000,0,0,none,encaustic,green_pvc,4257,0.4823,APPROVE
tile_4258.jpg,29679,27923,0.9408,1347,1,chip,stone,green_pvc,4258,0.1065,APPROVE
tile_4259.jpg,140051,140051,1.0000,0,0,none,concrete,black_rubber,4259,0.5343,APPROVE
tile_4260.jpg,35442,35442,1.0000,0,0,none,terracotta,black_rubber,4260,0.1352,APPROVE
tile_4261.jpg,82359,47075,0.5716,12686,1,crack,stone,grey_pvc,4261,0.1796,REJECT
tile_4262.jpg,103708,103708,1.0000,0,0,none,concrete,green_pvc,4262,0.3956,APPROVE
tile_4263.jpg,140785,140785,1.0000,0,0,none,encaustic,white_pu,4263,0.5371,APPROVE
tile_4264.jpg,62555,62555,1.0000,0,0,none,marble,blue_pu,4264,0.2386,APPROVE
tile_4265.jpg,57563,54861,0.9531,2917,1,chip,marble,green_pvc,4265,0.2093,APPROVE
tile_4266.jpg,174909,126535,0.7234,9716,1,crack,encaustic,white_pu,4266,0.4827,REJECT
tile_4267.jpg,67467,43106,0.6389,18328,1,crack+chip,concrete,white_pu,4267,0.1644,REJECT
tile_4268.jpg,29190,15218,0.5213,6615,1,crack,marble,white_pu,4268,0.0581,REJECT
tile_4269.jpg,78344,34838,0.4447,37614,1,chip,terracotta,grey_pvc,4269,0.1329,REJECT
tile_4270.jpg,56975,44882,0.7877,4389,1,crack,glazed,green_pvc,4270,0.1712,REJECT
tile_4271.jpg,150476,51638,0.3432,72270,1,crack+chip,glazed,grey_pvc,4271,0.1970,REJECT
tile_4272.jpg,112442,112442,1.0000,0,0,none,concrete,grey_pvc,4272,0.4289,APPROVE
tile_4273.jpg,56828,33913,0.5968,50298,1,shatter,encaustic,black_rubber,4273,0.1294,REJECT
tile_4274.jpg,49692,49692,1.0000,0,0,none,stone,grey_pvc,4274,0.1896,APPROVE
tile_4275.jpg,124034,124034,1.0000,0,0,none,marble,blue_pu,4275,0.4732,APPROVE
tile_4276.jpg,38517,38517,1.0000,0,0,none,stone,black_rubber,4276,0.1469,APPROVE
tile_4277.jpg,87236,87236,1.0000,0,0,none,concrete,blue_pu,4277,0.3328,APPROVE
tile_4278.jpg,71413,43783,0.6131,33072,1,crack+chip,encaustic,grey_pvc,4278,0.1670,REJECT
tile_4279.jpg,38824,17944,0.4622,7398,1,crack,concrete,blue_pu,4279,0.0685,REJECT
tile_4280.jpg,160893,80957,0.5032,20173,1,crack,concrete,black_rubber,4280,0.3088,REJECT
tile_4281.jpg,76227,48851,0.6409,8675,1,crack,marble,grey_pvc,4281,0.1864,REJECT
tile_4282.jpg,58187,58187,1.0000,0,0,none,terracotta,grey_pvc,4282,0.2220,APPROVE
tile_4283.jpg,25381,16726,0.6590,4091,1,crack,stone,grey_pvc,4283,0.0638,REJECT
tile_4284.jpg,64839,51921,0.8008,3923,1,crack,concrete,blue_pu,4284,0.1981,REJECT
tile_4285.jpg,72153,72153,1.0000,0,0,none,concrete,white_pu,4285,0.2752,APPROVE
tile_4286.jpg,59978,36267,0.6047,77947,1,shatter,encaustic,grey_pvc,4286,0.1383,REJECT
tile_4287.jpg,100778,63606,0.6311,9965,1,crack,stone,green_pvc,4287,0.2426,REJECT
tile_4288.jpg,46513,42396,0.9115,11640,1,chip,glazed,green_pvc,4288,0.1617,APPROVE
tile_4289.jpg,74368,74368,1.0000,0,0,none,encaustic,white_pu,4289,0.2837,APPROVE
tile_4290.jpg,33469,27825,0.8314,36428,1,shatter,glazed,white_pu,4290,0.1061,REJECT
tile_4291.jpg,67110,67110,1.0000,0,0,none,marble,black_rubber,4291,0.2560,APPROVE
tile_4292.jpg,33210,27346,0.8234,8765,1,crack+chip,concrete,black_rubber,4292,0.1043,REJECT
tile_4293.jpg,46035,35897,0.7798,50013,1,shatter,stone,black_rubber,4293,0.1369,REJECT
tile_4294.jpg,51059,51059,1.0000,0,0,none,stone,black_rubber,4294,0.1948,APPROVE
tile_4295.jpg,61066,41244,0.6754,28176,1,chip,stone,black_rubber,4295,0.1573,REJECT
tile_4296.jpg,46920,32051,0.6831,49347,1,shatter,terracotta,grey_pvc,4296,0.1223,REJECT
tile_4297.jpg,47627,47627,1.0000,0,0,none,marble,grey_pvc,4297,0.1817,APPROVE
tile_4298.jpg,53833,41885,0.7781,3351,1,crack,encaustic,green_pvc,4298,0.1598,REJECT
tile_4299.jpg,19609,11161,0.5692,24585,1,shatter,terracotta,black_rubber,4299,0.0426,REJECT
tile_4300.jpg,144384,144384,1.0000,0,0,none,stone,black_rubber,4300,0.5508,APPROVE
tile_4301.jpg,98291,92817,0.9443,1194,1,crack,concrete,black_rubber,4301,0.3541,APPROVE
tile_4302.jpg,95558,82618,0.8646,2698,1,crack,concrete,black_rubber,4302,0.3152,APPROVE
tile_4303.jpg,103096,103096,1.0000,0,0,none,encaustic,white_pu,4303,0.3933,APPROVE
tile_4304.jpg,83886,70837,0.8444,10505,1,chip,concrete,green_pvc,4304,0.2702,REJECT
tile_4305.jpg,60368,60368,1.0000,0,0,none,concrete,grey_pvc,4305,0.2303,APPROVE
tile_4306.jpg,77926,77926,1.0000,0,0,none,concrete,black_rubber,4306,0.2973,APPROVE
tile_4307.jpg,56084,56084,1.0000,0,0,none,marble,grey_pvc,4307,0.2139,APPROVE
tile_4308.jpg,52620,27035,0.5138,41641,1,shatter,glazed,black_rubber,4308,0.1031,REJECT
tile_4309.jpg,49651,25977,0.5232,6739,1,crack,glazed,black_rubber,4309,0.0991,REJECT
tile_4310.jpg,121456,90818,0.7477,6090,1,crack,marble,grey_pvc,4310,0.3464,REJECT
tile_4311.jpg,62599,44442,0.7099,37758,1,crack+chip,encaustic,grey_pvc,4311,0.1695,REJECT
tile_4312.jpg,58120,58120,1.0000,0,0,none,stone,black_rubber,4312,0.2217,APPROVE
tile_4313.jpg,120188,120188,1.0000,0,0,none,marble,white_pu,4313,0.4585,APPROVE
tile_4314.jpg,147618,147618,1.0000,0,0,none,encaustic,grey_pvc,4314,0.5631,APPROVE
tile_4315.jpg,145373,145373,1.0000,0,0,none,encaustic,black_rubber,4315,0.5546,APPROVE
tile_4316.jpg,82259,58752,0.7142,20070,1,chip,terracotta,white_pu,4316,0.2241,REJECT
tile_4317.jpg,26025,21749,0.8357,4935,1,crack+chip,concrete,green_pvc,4317,0.0830,REJECT
tile_4318.jpg,45516,20417,0.4486,9357,1,crack,terracotta,blue_pu,4318,0.0779,REJECT
tile_4319.jpg,66066,66066,1.0000,0,0,none,encaustic,blue_pu,4319,0.2520,APPROVE
tile_4320.jpg,17872,16769,0.9383,4213,1,chip,concrete,blue_pu,4320,0.0640,APPROVE
tile_4321.jpg,150000,141816,0.9454,1144,1,crack,marble,white_pu,4321,0.5410,APPROVE
tile_4322.jpg,67063,57158,0.8523,2901,1,crack,terracotta,grey_pvc,4322,0.2180,APPROVE
tile_4323.jpg,70213,70213,1.0000,0,0,none,terracotta,black_rubber,4323,0.2678,APPROVE
tile_4324.jpg,76998,42599,0.5532,11620,1,crack,concrete,green_pvc,4324,0.1625,REJECT
tile_4325.jpg,108322,108322,1.0000,0,0,none,encaustic,white_pu,4325,0.4132,APPROVE
tile_4326.jpg,44111,36272,0.8223,11282,1,shatter,glazed,black_rubber,4326,0.1384,REJECT
tile_4327.jpg,142320,99129,0.6965,51581,1,chip,terracotta,grey_pvc,4327,0.3781,REJECT
tile_4328.jpg,23419,22959,0.9804,2070,1,chip,concrete,grey_pvc,4328,0.0876,APPROVE
tile_4329.jpg,43510,21226,0.4878,8834,1,crack,terracotta,grey_pvc,4329,0.0810,REJECT
tile_4330.jpg,139550,139550,1.0000,0,0,none,encaustic,grey_pvc,4330,0.5323,APPROVE
tile_4331.jpg,84413,70741,0.8380,6772,1,crack+chip,marble,black_rubber,4331,0.2699,REJECT
tile_4332.jpg,74678,74678,1.0000,0,0,none,concrete,green_pvc,4332,0.2849,APPROVE
tile_4333.jpg,99771,99771,1.0000,0,0,none,glazed,black_rubber,4333,0.3806,APPROVE
tile_4334.jpg,18235,11546,0.6332,28914,1,shatter,stone,black_rubber,4334,0.0440,REJECT
tile_4335.jpg,166550,166550,1.0000,0,0,none,encaustic,blue_pu,4335,0.6353,APPROVE
tile_4336.jpg,47887,47887,1.0000,0,0,none,marble,grey_pvc,4336,0.1827,APPROVE
tile_4337.jpg,48894,38084,0.7789,13255,1,crack+chip,concrete,green_pvc,4337,0.1453,REJECT
tile_4338.jpg,61149,42801,0.6999,23530,1,shatter,glazed,green_pvc,4338,0.1633,REJECT
tile_4339.jpg,155890,155890,1.0000,0,0,none,marble,green_pvc,4339,0.5947,APPROVE
tile_4340.jpg,58669,31396,0.5351,23771,1,crack+chip,terracotta,grey_pvc,4340,0.1198,REJECT
tile_4341.jpg,56662,48807,0.8614,12527,1,chip,concrete,grey_pvc,4341,0.1862,APPROVE
tile_4342.jpg,48621,48621,1.0000,0,0,none,concrete,grey_pvc,4342,0.1855,APPROVE
tile_4343.jpg,47142,27872,0.5912,33591,1,shatter,terracotta,white_pu,4343,0.1063,REJECT
tile_4344.jpg,123472,123472,1.0000,0,0,none,terracotta,blue_pu,4344,0.4710,APPROVE
tile_4345.jpg,56772,47418,0.8352,2756,1,crack,concrete,black_rubber,4345,0.1809,REJECT
tile_4346.jpg,46265,35244,0.7618,4265,1,crack,stone,blue_pu,4346,0.1344,REJECT
tile_4347.jpg,82030,82030,1.0000,0,0,none,glazed,white_pu,4347,0.3129,APPROVE
tile_4348.jpg,66276,49660,0.7493,27340,1,chip,terracotta,grey_pvc,4348,0.1894,REJECT
tile_4349.jpg,74310,55537,0.7474,21675,1,shatter,stone,green_pvc,4349,0.2119,REJECT
tile_4350.jpg,107296,60962,0.5682,12901,1,crack,terracotta,blue_pu,4350,0.2326,REJECT
tile_4351.jpg,32690,20382,0.6235,5009,1,crack,stone,grey_pvc,4351,0.0778,REJECT
tile_4352.jpg,23191,19737,0.8511,6146,1,chip,terracotta,grey_pvc,4352,0.0753,APPROVE
tile_4353.jpg,57772,31372,0.5430,9981,1,crack,terracotta,blue_pu,4353,0.1197,REJECT
tile_4354.jpg,68404,65564,0.9585,835,1,crack+chip,glazed,blue_pu,4354,0.2501,APPROVE
tile_4355.jpg,99900,98776,0.9887,685,1,chip,marble,green_pvc,4355,0.3768,APPROVE
tile_4356.jpg,58163,42425,0.7294,5565,1,crack,glazed,black_rubber,4356,0.1618,REJECT
tile_4357.jpg,50189,50189,1.0000,0,0,none,marble,green_pvc,4357,0.1915,APPROVE
tile_4358.jpg,57220,44172,0.7720,42437,1,shatter,stone,black_rubber,4358,0.1685,REJECT
tile_4359.jpg,22071,19434,0.8805,1076,1,crack,concrete,grey_pvc,4359,0.0741,APPROVE
tile_4360.jpg,124541,123611,0.9925,440,1,chip,concrete,black_rubber,4360,0.4715,APPROVE
tile_4361.jpg,45580,29133,0.6392,5737,1,crack,encaustic,grey_pvc,4361,0.1111,REJECT
tile_4362.jpg,84504,72016,0.8522,9694,1,chip,marble,blue_pu,4362,0.2747,APPROVE
tile_4363.jpg,85034,44515,0.5235,51047,1,shatter,encaustic,blue_pu,4363,0.1698,REJECT
tile_4364.jpg,42351,42351,1.0000,0,0,none,encaustic,grey_pvc,4364,0.1616,APPROVE
tile_4365.jpg,58709,58709,1.0000,0,0,none,marble,grey_pvc,4365,0.2240,APPROVE
tile_4366.jpg,48582,45820,0.9431,739,1,crack,marble,black_rubber,4366,0.1748,APPROVE
tile_4367.jpg,40883,40883,1.0000,0,0,none,stone,green_pvc,4367,0.1560,APPROVE
tile_4368.jpg,65708,45231,0.6884,57949,1,shatter,glazed,black_rubber,4368,0.1725,REJECT
tile_4369.jpg,102559,102559,1.0000,0,0,none,glazed,grey_pvc,4369,0.3912,APPROVE
tile_4370.jpg,85512,85512,1.0000,0,0,none,terracotta,grey_pvc,4370,0.3262,APPROVE
tile_4371.jpg,68720,68720,1.0000,0,0,none,marble,blue_pu,4371,0.2621,APPROVE
tile_4372.jpg,45622,42299,0.9272,2227,1,crack+chip,terracotta,green_pvc,4372,0.1614,APPROVE
tile_4373.jpg,155693,97065,0.6234,59400,1,chip,terracotta,black_rubber,4373,0.3703,REJECT
tile_4374.jpg,41786,23639,0.5657,7067,1,crack,encaustic,blue_pu,4374,0.0902,REJECT
tile_4375.jpg,125471,70578,0.5625,13012,1,crack,encaustic,black_rubber,4375,0.2692,REJECT
tile_4376.jpg,53867,48750,0.9050,1228,1,crack,glazed,black_rubber,4376,0.1860,APPROVE
tile_4377.jpg,105410,88144,0.8362,3738,1,crack,encaustic,black_rubber,4377,0.3362,REJECT
tile_4378.jpg,122890,76487,0.6224,11080,1,crack,encaustic,black_rubber,4378,0.2918,REJECT
tile_4379.jpg,90822,80474,0.8861,12538,1,chip,terracotta,white_pu,4379,0.3070,APPROVE
tile_4380.jpg,87636,87636,1.0000,0,0,none,marble,black_rubber,4380,0.3343,APPROVE
tile_4381.jpg,171825,171825,1.0000,0,0,none,encaustic,black_rubber,4381,0.6555,APPROVE
tile_4382.jpg,24321,12422,0.5108,7218,1,crack,concrete,black_rubber,4382,0.0474,REJECT
tile_4383.jpg,73342,57380,0.7824,4182,1,crack,concrete,black_rubber,4383,0.2189,REJECT
tile_4384.jpg,43482,39607,0.9109,4556,1,chip,terracotta,white_pu,4384,0.1511,APPROVE
tile_4385.jpg,91810,91810,1.0000,0,0,none,terracotta,grey_pvc,4385,0.3502,APPROVE
tile_4386.jpg,52059,52059,1.0000,0,0,none,stone,blue_pu,4386,0.1986,APPROVE
tile_4387.jpg,63595,63595,1.0000,0,0,none,marble,blue_pu,4387,0.2426,APPROVE
tile_4388.jpg,36835,22243,0.6039,5980,1,crack,stone,blue_pu,4388,0.0849,REJECT
tile_4389.jpg,24548,11046,0.4500,24374,1,shatter,terracotta,blue_pu,4389,0.0421,REJECT
tile_4390.jpg,37773,30347,0.8034,26458,1,shatter,marble,blue_pu,4390,0.1158,REJECT
tile_4391.jpg,38305,38305,1.0000,0,0,none,marble,white_pu,4391,0.1461,APPROVE
tile_4392.jpg,49393,48985,0.9917,600,1,chip,marble,white_pu,4392,0.1869,APPROVE
tile_4393.jpg,66361,45223,0.6815,22206,1,shatter,glazed,green_pvc,4393,0.1725,REJECT
tile_4394.jpg,153438,141163,0.9200,15354,1,chip,glazed,blue_pu,4394,0.5385,APPROVE
tile_4395.jpg,55117,49258,0.8937,1482,1,crack,glazed,white_pu,4395,0.1879,APPROVE
tile_4396.jpg,116419,75873,0.6517,9240,1,crack,glazed,black_rubber,4396,0.2894,REJECT
tile_4397.jpg,31894,19781,0.6202,17897,1,shatter,concrete,blue_pu,4397,0.0755,REJECT
tile_4398.jpg,41391,34232,0.8270,7326,1,chip,marble,white_pu,4398,0.1306,REJECT
tile_4399.jpg,49265,44382,0.9009,3756,1,shatter,concrete,green_pvc,4399,0.1693,APPROVE
tile_4400.jpg,66356,47782,0.7201,11680,1,crack+chip,terracotta,black_rubber,4400,0.1823,REJECT
tile_4401.jpg,149853,108260,0.7224,9794,1,crack,marble,black_rubber,4401,0.4130,REJECT
tile_4402.jpg,34313,21438,0.6248,15636,1,shatter,encaustic,black_rubber,4402,0.0818,REJECT
tile_4403.jpg,68168,68168,1.0000,0,0,none,terracotta,blue_pu,4403,0.2600,APPROVE
tile_4404.jpg,64230,59691,0.9293,10183,1,chip,terracotta,grey_pvc,4404,0.2277,APPROVE
tile_4405.jpg,53321,53321,1.0000,0,0,none,concrete,grey_pvc,4405,0.2034,APPROVE
tile_4406.jpg,96433,88341,0.9161,2187,1,crack+chip,encaustic,white_pu,4406,0.3370,APPROVE
tile_4407.jpg,65942,65942,1.0000,0,0,none,terracotta,green_pvc,4407,0.2515,APPROVE
tile_4408.jpg,110329,32085,0.2908,61286,1,crack+chip,glazed,blue_pu,4408,0.1224,REJECT
tile_4409.jpg,38743,38743,1.0000,0,0,none,glazed,black_rubber,4409,0.1478,APPROVE
tile_4410.jpg,68200,68200,1.0000,0,0,none,encaustic,grey_pvc,4410,0.2602,APPROVE
tile_4411.jpg,40004,36205,0.9050,18913,1,chip,encaustic,black_rubber,4411,0.1381,APPROVE
tile_4412.jpg,90547,69612,0.7688,4545,1,crack,encaustic,grey_pvc,4412,0.2655,REJECT
tile_4413.jpg,76532,63807,0.8337,3621,1,crack,stone,white_pu,4413,0.2434,REJECT
tile_4414.jpg,47006,43941,0.9348,7195,1,chip,terracotta,white_pu,4414,0.1676,APPROVE
tile_4415.jpg,56231,56231,1.0000,0,0,none,terracotta,grey_pvc,4415,0.2145,APPROVE
tile_4416.jpg,39049,18758,0.4804,24893,1,crack+chip,glazed,blue_pu,4416,0.0716,REJECT
tile_4417.jpg,39166,22042,0.5628,7996,1,crack,marble,black_rubber,4417,0.0841,REJECT
tile_4418.jpg,105599,96080,0.9099,17097,1,shatter,encaustic,black_rubber,4418,0.3665,APPROVE
tile_4419.jpg,35526,16838,0.4740,78680,1,shatter,encaustic,grey_pvc,4419,0.0642,REJECT
tile_4420.jpg,44485,12123,0.2725,40597,1,crack+chip,glazed,black_rubber,4420,0.0462,REJECT
tile_4421.jpg,63896,62410,0.9767,452,1,crack,marble,grey_pvc,4421,0.2381,APPROVE
tile_4422.jpg,103413,83701,0.8094,33261,1,chip,encaustic,grey_pvc,4422,0.3193,REJECT
tile_4423.jpg,61304,26378,0.4303,27242,1,crack+chip,glazed,blue_pu,4423,0.1006,REJECT
tile_4424.jpg,104374,63768,0.6110,51178,1,chip,concrete,grey_pvc,4424,0.2433,REJECT
tile_4425.jpg,37596,34454,0.9164,8816,1,chip,encaustic,blue_pu,4425,0.1314,APPROVE
tile_4426.jpg,81883,51238,0.6257,9140,1,crack,terracotta,black_rubber,4426,0.1955,REJECT
tile_4427.jpg,46449,24598,0.5296,70964,1,shatter,concrete,white_pu,4427,0.0938,REJECT
tile_4428.jpg,23540,16268,0.6911,28014,1,shatter,terracotta,black_rubber,4428,0.0621,REJECT
tile_4429.jpg,35532,35532,1.0000,0,0,none,concrete,grey_pvc,4429,0.1355,APPROVE
tile_4430.jpg,33846,25059,0.7404,12401,1,shatter,encaustic,grey_pvc,4430,0.0956,REJECT
tile_4431.jpg,164273,164273,1.0000,0,0,none,glazed,black_rubber,4431,0.6267,APPROVE
tile_4432.jpg,93689,65722,0.7015,9269,1,crack,terracotta,black_rubber,4432,0.2507,REJECT
tile_4433.jpg,85591,84921,0.9922,1204,1,chip,stone,green_pvc,4433,0.3239,APPROVE
tile_4434.jpg,38701,31945,0.8254,9572,1,chip,stone,black_rubber,4434,0.1219,REJECT
tile_4435.jpg,13812,9436,0.6832,10565,1,shatter,stone,green_pvc,4435,0.0360,REJECT
tile_4436.jpg,168116,94552,0.5624,19158,1,crack,encaustic,black_rubber,4436,0.3607,REJECT
tile_4437.jpg,71878,50622,0.7043,60049,1,chip,encaustic,blue_pu,4437,0.1931,REJECT
tile_4438.jpg,174214,130770,0.7506,8557,1,crack,concrete,green_pvc,4438,0.4988,REJECT
tile_4439.jpg,93270,49818,0.5341,12571,1,crack,encaustic,white_pu,4439,0.1900,REJECT
tile_4440.jpg,27190,23724,0.8725,2055,1,crack+chip,concrete,black_rubber,4440,0.0905,APPROVE
tile_4441.jpg,99104,99104,1.0000,0,0,none,encaustic,black_rubber,4441,0.3781,APPROVE
tile_4442.jpg,170968,170968,1.0000,0,0,none,marble,green_pvc,4442,0.6522,APPROVE
tile_4443.jpg,75869,75584,0.9962,402,1,chip,terracotta,green_pvc,4443,0.2883,APPROVE
tile_4444.jpg,22045,22045,1.0000,0,0,none,stone,black_rubber,4444,0.0841,APPROVE
tile_4445.jpg,44228,44228,1.0000,0,0,none,concrete,blue_pu,4445,0.1687,APPROVE
tile_4446.jpg,63667,47923,0.7527,42077,1,shatter,encaustic,black_rubber,4446,0.1828,REJECT
tile_4447.jpg,113420,76592,0.6753,15161,1,crack+chip,marble,green_pvc,4447,0.2922,REJECT
tile_4448.jpg,81228,81228,1.0000,0,0,none,terracotta,white_pu,4448,0.3099,APPROVE
tile_4449.jpg,123878,123878,1.0000,0,0,none,glazed,black_rubber,4449,0.4726,APPROVE
tile_4450.jpg,29544,29544,1.0000,0,0,none,stone,blue_pu,4450,0.1127,APPROVE
tile_4451.jpg,31392,31392,1.0000,0,0,none,concrete,black_rubber,4451,0.1198,APPROVE
tile_4452.jpg,74620,52837,0.7081,5364,1,crack,encaustic,grey_pvc,4452,0.2016,REJECT
tile_4453.jpg,90994,90994,1.0000,0,0,none,glazed,black_rubber,4453,0.3471,APPROVE
tile_4454.jpg,76631,38088,0.4970,33442,1,crack+chip,stone,black_rubber,4454,0.1453,REJECT
tile_4455.jpg,80630,66484,0.8246,84393,1,chip,concrete,grey_pvc,4455,0.2536,REJECT
tile_4456.jpg,186432,186432,1.0000,0,0,none,glazed,green_pvc,4456,0.7112,APPROVE
tile_4457.jpg,164828,146100,0.8864,2802,1,crack,concrete,grey_pvc,4457,0.5573,APPROVE
tile_4458.jpg,25404,22262,0.8763,1581,1,crack,terracotta,blue_pu,4458,0.0849,APPROVE
tile_4459.jpg,20983,20983,1.0000,0,0,none,terracotta,grey_pvc,4459,0.0800,APPROVE
tile_4460.jpg,97511,73954,0.7584,6002,1,crack,marble,black_rubber,4460,0.2821,REJECT
tile_4461.jpg,84686,84686,1.0000,0,0,none,stone,blue_pu,4461,0.3231,APPROVE
tile_4462.jpg,105515,105515,1.0000,0,0,none,marble,black_rubber,4462,0.4025,APPROVE
tile_4463.jpg,27774,23673,0.8523,22013,1,chip,glazed,grey_pvc,4463,0.0903,APPROVE
tile_4464.jpg,161425,86071,0.5332,17726,1,crack,marble,green_pvc,4464,0.3283,REJECT
tile_4465.jpg,75724,54522,0.7200,89399,1,shatter,glazed,black_rubber,4465,0.2080,REJECT
tile_4466.jpg,128955,86449,0.6704,8341,1,crack,stone,grey_pvc,4466,0.3298,REJECT
tile_4467.jpg,21397,21397,1.0000,0,0,none,glazed,grey_pvc,4467,0.0816,APPROVE
tile_4468.jpg,45462,37212,0.8185,5992,1,crack+chip,stone,white_pu,4468,0.1420,REJECT
tile_4469.jpg,31058,28032,0.9026,10142,1,chip,glazed,black_rubber,4469,0.1069,APPROVE
tile_4470.jpg,72137,56516,0.7835,21252,1,chip,glazed,grey_pvc,4470,0.2156,REJECT
tile_4471.jpg,84980,84980,1.0000,0,0,none,terracotta,white_pu,4471,0.3242,APPROVE
tile_4472.jpg,42271,36277,0.8582,32270,1,shatter,terracotta,blue_pu,4472,0.1384,APPROVE
tile_4473.jpg,112200,48876,0.4356,59309,1,shatter,terracotta,black_rubber,4473,0.1864,REJECT
tile_4474.jpg,110630,110630,1.0000,0,0,none,marble,green_pvc,4474,0.4220,APPROVE
tile_4475.jpg,149316,146383,0.9804,1877,1,chip,marble,black_rubber,4475,0.5584,APPROVE
tile_4476.jpg,74835,37381,0.4995,11585,1,crack,encaustic,blue_pu,4476,0.1426,REJECT
tile_4477.jpg,56297,56297,1.0000,0,0,none,stone,black_rubber,4477,0.2148,APPROVE
tile_4478.jpg,8426,5848,0.6940,14816,1,shatter,terracotta,black_rubber,4478,0.0223,REJECT
tile_4479.jpg,18495,17060,0.9224,6695,1,chip,terracotta,green_pvc,4479,0.0651,APPROVE
tile_4480.jpg,37464,25788,0.6883,7997,1,crack+chip,concrete,green_pvc,4480,0.0984,REJECT
tile_4481.jpg,70028,48525,0.6929,7625,1,crack,stone,blue_pu,4481,0.1851,REJECT
tile_4482.jpg,88571,88571,1.0000,0,0,none,glazed,green_pvc,4482,0.3379,APPROVE
tile_4483.jpg,108984,108984,1.0000,0,0,none,glazed,grey_pvc,4483,0.4157,APPROVE
tile_4484.jpg,96315,96315,1.0000,0,0,none,glazed,green_pvc,4484,0.3674,APPROVE
tile_4485.jpg,49038,31407,0.6405,61907,1,shatter,marble,black_rubber,4485,0.1198,REJECT
tile_4486.jpg,55640,46619,0.8379,2051,1,crack,stone,blue_pu,4486,0.1778,REJECT
tile_4487.jpg,28773,28773,1.0000,0,0,none,terracotta,black_rubber,4487,0.1098,APPROVE
tile_4488.jpg,40309,27349,0.6785,51307,1,shatter,marble,white_pu,4488,0.1043,REJECT
tile_4489.jpg,69437,69437,1.0000,0,0,none,encaustic,grey_pvc,4489,0.2649,APPROVE
tile_4490.jpg,34731,22889,0.6590,17156,1,shatter,concrete,blue_pu,4490,0.0873,REJECT
tile_4491.jpg,17707,10200,0.5760,43346,1,shatter,stone,grey_pvc,4491,0.0389,REJECT
tile_4492.jpg,88247,88247,1.0000,0,0,none,encaustic,white_pu,4492,0.3366,APPROVE
tile_4493.jpg,145578,84392,0.5797,14200,1,crack,encaustic,blue_pu,4493,0.3219,REJECT
tile_4494.jpg,53032,53032,1.0000,0,0,none,stone,grey_pvc,4494,0.2023,APPROVE
tile_4495.jpg,36865,17978,0.4877,64828,1,shatter,encaustic,grey_pvc,4495,0.0686,REJECT
tile_4496.jpg,41082,37108,0.9033,1362,1,crack,concrete,grey_pvc,4496,0.1416,APPROVE
tile_4497.jpg,59821,59563,0.9957,303,1,chip,concrete,blue_pu,4497,0.2272,APPROVE
tile_4498.jpg,179140,179140,1.0000,0,0,none,encaustic,black_rubber,4498,0.6834,APPROVE
tile_4499.jpg,97792,50078,0.5121,15840,1,crack,concrete,grey_pvc,4499,0.1910,REJECT
tile_4500.jpg,55060,55060,1.0000,0,0,none,terracotta,black_rubber,4500,0.2100,APPROVE
tile_4501.jpg,20706,17152,0.8284,2910,1,chip,glazed,blue_pu,4501,0.0654,REJECT
tile_4502.jpg,92927,92927,1.0000,0,0,none,glazed,black_rubber,4502,0.3545,APPROVE
tile_4503.jpg,28231,21717,0.7693,3077,1,crack,concrete,grey_pvc,4503,0.0828,REJECT
tile_4504.jpg,85424,85424,1.0000,0,0,none,terracotta,black_rubber,4504,0.3259,APPROVE
tile_4505.jpg,163910,102479,0.6252,52198,1,chip,terracotta,white_pu,4505,0.3909,REJECT
tile_4506.jpg,44865,44865,1.0000,0,0,none,stone,grey_pvc,4506,0.1711,APPROVE
tile_4507.jpg,63658,63658,1.0000,0,0,none,stone,blue_pu,4507,0.2428,APPROVE
tile_4508.jpg,26888,26888,1.0000,0,0,none,glazed,grey_pvc,4508,0.1026,APPROVE
tile_4509.jpg,141304,141304,1.0000,0,0,none,encaustic,grey_pvc,4509,0.5390,APPROVE
tile_4510.jpg,65544,41811,0.6379,35750,1,shatter,marble,blue_pu,4510,0.1595,REJECT
tile_4511.jpg,20691,20691,1.0000,0,0,none,glazed,white_pu,4511,0.0789,APPROVE
tile_4512.jpg,59868,59868,1.0000,0,0,none,stone,black_rubber,4512,0.2284,APPROVE
tile_4513.jpg,43041,42276,0.9822,4059,1,chip,concrete,black_rubber,4513,0.1613,APPROVE
tile_4514.jpg,47971,47971,1.0000,0,0,none,glazed,grey_pvc,4514,0.1830,APPROVE
tile_4515.jpg,120454,96819,0.8038,5952,1,crack,marble,grey_pvc,4515,0.3693,REJECT
tile_4516.jpg,161986,161986,1.0000,0,0,none,encaustic,black_rubber,4516,0.6179,APPROVE
tile_4517.jpg,49715,49715,1.0000,0,0,none,stone,green_pvc,4517,0.1896,APPROVE
tile_4518.jpg,79047,79047,1.0000,0,0,none,terracotta,white_pu,4518,0.3015,APPROVE
tile_4519.jpg,53360,34206,0.6410,70597,1,shatter,encaustic,black_rubber,4519,0.1305,REJECT
tile_4520.jpg,47058,47058,1.0000,0,0,none,marble,black_rubber,4520,0.1795,APPROVE
tile_4521.jpg,58743,58743,1.0000,0,0,none,concrete,grey_pvc,4521,0.2241,APPROVE
tile_4522.jpg,35652,35652,1.0000,0,0,none,marble,black_rubber,4522,0.1360,APPROVE
tile_4523.jpg,29836,29836,1.0000,0,0,none,marble,black_rubber,4523,0.1138,APPROVE
tile_4524.jpg,73023,73023,1.0000,0,0,none,stone,blue_pu,4524,0.2786,APPROVE
tile_4525.jpg,113941,64743,0.5682,12024,1,crack,encaustic,black_rubber,4525,0.2470,REJECT
tile_4526.jpg,73203,52577,0.7182,9851,1,crack+chip,glazed,blue_pu,4526,0.2006,REJECT
tile_4527.jpg,40669,32141,0.7903,3340,1,crack,glazed,blue_pu,4527,0.1226,REJECT
tile_4528.jpg,115880,89941,0.7762,58232,1,shatter,encaustic,blue_pu,4528,0.3431,REJECT
tile_4529.jpg,153519,140940,0.9181,2161,1,crack,terracotta,grey_pvc,4529,0.5376,APPROVE
tile_4530.jpg,48392,41285,0.8531,23037,1,chip,glazed,black_rubber,4530,0.1575,APPROVE
tile_4531.jpg,143895,143895,1.0000,0,0,none,encaustic,black_rubber,4531,0.5489,APPROVE
tile_4532.jpg,132251,132251,1.0000,0,0,none,stone,black_rubber,4532,0.5045,APPROVE
tile_4533.jpg,88306,81229,0.9199,1442,1,crack+chip,glazed,grey_pvc,4533,0.3099,APPROVE
tile_4534.jpg,126200,101615,0.8052,41683,1,shatter,concrete,green_pvc,4534,0.3876,REJECT
tile_4535.jpg,77058,66535,0.8634,2923,1,crack,encaustic,black_rubber,4535,0.2538,APPROVE
tile_4536.jpg,93546,93546,1.0000,0,0,none,marble,grey_pvc,4536,0.3568,APPROVE
tile_4537.jpg,43483,39070,0.8985,1853,1,crack,concrete,white_pu,4537,0.1490,APPROVE
tile_4538.jpg,72135,56759,0.7868,4158,1,crack,terracotta,blue_pu,4538,0.2165,REJECT
tile_4539.jpg,72909,46239,0.6342,26785,1,shatter,glazed,blue_pu,4539,0.1764,REJECT
tile_4540.jpg,86828,68764,0.7920,9940,1,crack+chip,terracotta,black_rubber,4540,0.2623,REJECT
tile_4541.jpg,81706,81706,1.0000,0,0,none,marble,grey_pvc,4541,0.3117,APPROVE
tile_4542.jpg,94056,94056,1.0000,0,0,none,glazed,green_pvc,4542,0.3588,APPROVE
tile_4543.jpg,52889,23722,0.4485,10016,1,crack,glazed,grey_pvc,4543,0.0905,REJECT
tile_4544.jpg,66732,31319,0.4693,14794,1,crack,terracotta,green_pvc,4544,0.1195,REJECT
tile_4545.jpg,78702,78702,1.0000,0,0,none,marble,green_pvc,4545,0.3002,APPROVE
tile_4546.jpg,70330,43306,0.6158,98343,1,shatter,encaustic,black_rubber,4546,0.1652,REJECT
tile_4547.jpg,45069,42190,0.9361,1274,1,crack+chip,marble,blue_pu,4547,0.1609,APPROVE
tile_4548.jpg,173945,164812,0.9475,1321,1,crack,encaustic,black_rubber,4548,0.6287,APPROVE
tile_4549.jpg,167429,167429,1.0000,0,0,none,terracotta,black_rubber,4549,0.6387,APPROVE
tile_4550.jpg,42352,42352,1.0000,0,0,none,concrete,black_rubber,4550,0.1616,APPROVE
tile_4551.jpg,86998,61889,0.7114,8067,1,crack,terracotta,grey_pvc,4551,0.2361,REJECT
tile_4552.jpg,91706,82735,0.9022,1909,1,crack,glazed,blue_pu,4552,0.3156,APPROVE
tile_4553.jpg,32992,26059,0.7899,10627,1,crack+chip,stone,grey_pvc,4553,0.0994,REJECT
tile_4554.jpg,175124,175124,1.0000,0,0,none,terracotta,black_rubber,4554,0.6680,APPROVE
tile_4555.jpg,37365,37365,1.0000,0,0,none,concrete,black_rubber,4555,0.1425,APPROVE
tile_4556.jpg,33998,31427,0.9244,6581,1,chip,terracotta,blue_pu,4556,0.1199,APPROVE
tile_4557.jpg,15158,11147,0.7354,38535,1,shatter,stone,black_rubber,4557,0.0425,REJECT
tile_4558.jpg,129624,129624,1.0000,0,0,none,terracotta,white_pu,4558,0.4945,APPROVE
tile_4559.jpg,59242,46589,0.7864,5023,1,crack,terracotta,black_rubber,4559,0.1777,REJECT
tile_4560.jpg,43869,43869,1.0000,0,0,none,stone,black_rubber,4560,0.1673,APPROVE
tile_4561.jpg,158720,141592,0.8921,21713,1,chip,glazed,grey_pvc,4561,0.5401,APPROVE
tile_4562.jpg,95011,45579,0.4797,12796,1,crack,terracotta,green_pvc,4562,0.1739,REJECT
tile_4563.jpg,43385,30017,0.6919,6669,1,crack,marble,black_rubber,4563,0.1145,REJECT
tile_4564.jpg,120921,120921,1.0000,0,0,none,encaustic,grey_pvc,4564,0.4613,APPROVE
tile_4565.jpg,25068,25068,1.0000,0,0,none,stone,white_pu,4565,0.0956,APPROVE
tile_4566.jpg,97456,97456,1.0000,0,0,none,encaustic,white_pu,4566,0.3718,APPROVE
tile_4567.jpg,48041,32049,0.6671,41812,1,shatter,terracotta,black_rubber,4567,0.1223,REJECT
tile_4568.jpg,132260,132260,1.0000,0,0,none,encaustic,black_rubber,4568,0.5045,APPROVE
tile_4569.jpg,31814,17349,0.5453,6624,1,crack,terracotta,blue_pu,4569,0.0662,REJECT
tile_4570.jpg,75162,71035,0.9451,9299,1,chip,marble,blue_pu,4570,0.2710,APPROVE
tile_4571.jpg,66094,37841,0.5725,20641,1,crack+chip,glazed,white_pu,4571,0.1444,REJECT
tile_4572.jpg,102864,72441,0.7042,6332,1,crack,encaustic,green_pvc,4572,0.2763,REJECT
tile_4573.jpg,108252,108252,1.0000,0,0,none,terracotta,black_rubber,4573,0.4129,APPROVE
tile_4574.jpg,58906,58906,1.0000,0,0,none,terracotta,black_rubber,4574,0.2247,APPROVE
tile_4575.jpg,67939,67939,1.0000,0,0,none,encaustic,black_rubber,4575,0.2592,APPROVE
tile_4576.jpg,102938,101530,0.9863,4432,1,chip,encaustic,green_pvc,4576,0.3873,APPROVE
tile_4577.jpg,147102,147102,1.0000,0,0,none,concrete,grey_pvc,4577,0.5611,APPROVE
tile_4578.jpg,86207,43463,0.5042,60124,1,chip,concrete,green_pvc,4578,0.1658,REJECT
tile_4579.jpg,73722,73722,1.0000,0,0,none,glazed,grey_pvc,4579,0.2812,APPROVE
tile_4580.jpg,66290,60522,0.9130,1180,1,crack,glazed,green_pvc,4580,0.2309,APPROVE
tile_4581.jpg,130089,122322,0.9403,32832,1,chip,terracotta,grey_pvc,4581,0.4666,APPROVE
tile_4582.jpg,45185,40197,0.8896,1566,1,crack+chip,glazed,white_pu,4582,0.1533,APPROVE
tile_4583.jpg,123626,56594,0.4578,16901,1,crack,concrete,blue_pu,4583,0.2159,REJECT
tile_4584.jpg,58066,23332,0.4018,36684,1,shatter,concrete,blue_pu,4584,0.0890,REJECT
tile_4585.jpg,23705,20455,0.8629,2431,1,crack+chip,marble,black_rubber,4585,0.0780,APPROVE
tile_4586.jpg,28464,28464,1.0000,0,0,none,concrete,grey_pvc,4586,0.1086,APPROVE
tile_4587.jpg,28491,28491,1.0000,0,0,none,terracotta,grey_pvc,4587,0.1087,APPROVE
tile_4588.jpg,35775,25785,0.7208,25079,1,shatter,concrete,white_pu,4588,0.0984,REJECT
tile_4589.jpg,81546,37714,0.4625,25185,1,crack+chip,marble,blue_pu,4589,0.1439,REJECT
tile_4590.jpg,35452,35452,1.0000,0,0,none,glazed,green_pvc,4590,0.1352,APPROVE
tile_4591.jpg,88716,88716,1.0000,0,0,none,stone,black_rubber,4591,0.3384,APPROVE
tile_4592.jpg,75677,50480,0.6670,73250,1,shatter,stone,grey_pvc,4592,0.1926,REJECT
tile_4593.jpg,74559,45674,0.6126,22905,1,crack+chip,terracotta,green_pvc,4593,0.1742,REJECT
tile_4594.jpg,68636,40608,0.5916,6789,1,crack,encaustic,black_rubber,4594,0.1549,REJECT
tile_4595.jpg,66346,66346,1.0000,0,0,none,concrete,grey_pvc,4595,0.2531,APPROVE
tile_4596.jpg,34874,32831,0.9414,853,1,crack+chip,glazed,black_rubber,4596,0.1252,APPROVE
tile_4597.jpg,49074,49074,1.0000,0,0,none,encaustic,black_rubber,4597,0.1872,APPROVE
tile_4598.jpg,115845,85812,0.7407,21972,1,chip,terracotta,green_pvc,4598,0.3273,REJECT
tile_4599.jpg,112534,112534,1.0000,0,0,none,terracotta,white_pu,4599,0.4293,APPROVE
tile_4600.jpg,65906,65906,1.0000,0,0,none,glazed,blue_pu,4600,0.2514,APPROVE
tile_4601.jpg,104144,83072,0.7977,4269,1,crack,encaustic,blue_pu,4601,0.3169,REJECT
tile_4602.jpg,82147,67961,0.8273,11516,1,crack+chip,encaustic,blue_pu,4602,0.2593,REJECT
tile_4603.jpg,39464,38314,0.9709,1292,1,chip,terracotta,white_pu,4603,0.1462,APPROVE
tile_4604.jpg,85684,59098,0.6897,18443,1,shatter,glazed,white_pu,4604,0.2254,REJECT
tile_4605.jpg,54808,54808,1.0000,0,0,none,terracotta,black_rubber,4605,0.2091,APPROVE
tile_4606.jpg,52697,27627,0.5243,9059,1,crack,stone,grey_pvc,4606,0.1054,REJECT
tile_4607.jpg,45497,31487,0.6921,4804,1,crack,glazed,green_pvc,4607,0.1201,REJECT
tile_4608.jpg,131434,119047,0.9058,29982,1,chip,marble,blue_pu,4608,0.4541,APPROVE
tile_4609.jpg,39807,33343,0.8376,2035,1,crack,concrete,grey_pvc,4609,0.1272,REJECT
tile_4610.jpg,134510,96473,0.7172,26649,1,crack+chip,terracotta,grey_pvc,4610,0.3680,REJECT
tile_4611.jpg,54007,54007,1.0000,0,0,none,encaustic,white_pu,4611,0.2060,APPROVE
tile_4612.jpg,89384,89384,1.0000,0,0,none,concrete,grey_pvc,4612,0.3410,APPROVE
tile_4613.jpg,39317,25142,0.6395,35747,1,shatter,encaustic,white_pu,4613,0.0959,REJECT
tile_4614.jpg,70118,50613,0.7218,21367,1,shatter,concrete,green_pvc,4614,0.1931,REJECT
tile_4615.jpg,61640,61640,1.0000,0,0,none,terracotta,blue_pu,4615,0.2351,APPROVE
tile_4616.jpg,31225,26189,0.8387,1845,1,crack,glazed,blue_pu,4616,0.0999,REJECT
tile_4617.jpg,164665,164665,1.0000,0,0,none,glazed,black_rubber,4617,0.6281,APPROVE
tile_4618.jpg,33590,17395,0.5179,7788,1,crack,marble,black_rubber,4618,0.0664,REJECT
tile_4619.jpg,39347,33323,0.8469,4441,1,crack+chip,marble,grey_pvc,4619,0.1271,REJECT
tile_4620.jpg,57466,57466,1.0000,0,0,none,concrete,grey_pvc,4620,0.2192,APPROVE
tile_4621.jpg,82523,82523,1.0000,0,0,none,concrete,black_rubber,4621,0.3148,APPROVE
tile_4622.jpg,67267,67267,1.0000,0,0,none,encaustic,white_pu,4622,0.2566,APPROVE
tile_4623.jpg,49675,31624,0.6366,50674,1,shatter,encaustic,green_pvc,4623,0.1206,REJECT
tile_4624.jpg,69412,65401,0.9422,6103,1,chip,marble,black_rubber,4624,0.2495,APPROVE
tile_4625.jpg,25715,14209,0.5526,23828,1,shatter,glazed,black_rubber,4625,0.0542,REJECT
tile_4626.jpg,12585,10351,0.8225,18340,1,shatter,stone,grey_pvc,4626,0.0395,REJECT
tile_4627.jpg,131996,125416,0.9502,18089,1,chip,glazed,grey_pvc,4627,0.4784,APPROVE
tile_4628.jpg,175472,155119,0.8840,3703,1,crack,marble,grey_pvc,4628,0.5917,APPROVE
tile_4629.jpg,37180,24321,0.6541,26880,1,shatter,glazed,black_rubber,4629,0.0928,REJECT
tile_4630.jpg,94988,94988,1.0000,0,0,none,encaustic,green_pvc,4630,0.3624,APPROVE
tile_4631.jpg,108866,108866,1.0000,0,0,none,encaustic,white_pu,4631,0.4153,APPROVE
tile_4632.jpg,27735,27735,1.0000,0,0,none,glazed,black_rubber,4632,0.1058,APPROVE
tile_4633.jpg,89720,86941,0.9690,8923,1,chip,encaustic,black_rubber,4633,0.3317,APPROVE
tile_4634.jpg,182208,145003,0.7958,6412,1,crack,encaustic,green_pvc,4634,0.5531,REJECT
tile_4635.jpg,53154,48211,0.9070,3806,1,chip,terracotta,green_pvc,4635,0.1839,APPROVE
tile_4636.jpg,163932,163932,1.0000,0,0,none,stone,black_rubber,4636,0.6254,APPROVE
tile_4637.jpg,167483,85224,0.5089,17338,1,crack,marble,green_pvc,4637,0.3251,REJECT
tile_4638.jpg,148867,77566,0.5210,53226,1,crack+chip,encaustic,black_rubber,4638,0.2959,REJECT
tile_4639.jpg,25515,25515,1.0000,0,0,none,glazed,blue_pu,4639,0.0973,APPROVE
tile_4640.jpg,43346,43346,1.0000,0,0,none,glazed,white_pu,4640,0.1654,APPROVE
tile_4641.jpg,98691,98691,1.0000,0,0,none,encaustic,white_pu,4641,0.3765,APPROVE
tile_4642.jpg,114092,114092,1.0000,0,0,none,glazed,grey_pvc,4642,0.4352,APPROVE
tile_4643.jpg,51029,46839,0.9179,1114,1,crack,glazed,grey_pvc,4643,0.1787,APPROVE
tile_4644.jpg,39999,39999,1.0000,0,0,none,concrete,grey_pvc,4644,0.1526,APPROVE
tile_4645.jpg,54807,54807,1.0000,0,0,none,stone,grey_pvc,4645,0.2091,APPROVE
tile_4646.jpg,153267,153267,1.0000,0,0,none,encaustic,white_pu,4646,0.5847,APPROVE
tile_4647.jpg,37434,23918,0.6389,37299,1,shatter,stone,black_rubber,4647,0.0912,REJECT
tile_4648.jpg,42364,42364,1.0000,0,0,none,terracotta,blue_pu,4648,0.1616,APPROVE
tile_4649.jpg,88399,39498,0.4468,14326,1,crack,terracotta,black_rubber,4649,0.1507,REJECT
tile_4650.jpg,67507,67507,1.0000,0,0,none,encaustic,black_rubber,4650,0.2575,APPROVE
tile_4651.jpg,50826,33147,0.6522,36357,1,shatter,terracotta,grey_pvc,4651,0.1264,REJECT
tile_4652.jpg,156707,156707,1.0000,0,0,none,terracotta,green_pvc,4652,0.5978,APPROVE
tile_4653.jpg,121212,91439,0.7544,6368,1,crack,glazed,green_pvc,4653,0.3488,REJECT
tile_4654.jpg,61745,61564,0.9971,287,1,chip,stone,black_rubber,4654,0.2348,APPROVE
tile_4655.jpg,57745,57745,1.0000,0,0,none,encaustic,green_pvc,4655,0.2203,APPROVE
tile_4656.jpg,132046,132046,1.0000,0,0,none,stone,grey_pvc,4656,0.5037,APPROVE
tile_4657.jpg,153274,130943,0.8543,4585,1,crack,marble,black_rubber,4657,0.4995,APPROVE
tile_4658.jpg,64103,57969,0.9043,1751,1,crack,terracotta,black_rubber,4658,0.2211,APPROVE
tile_4659.jpg,36174,20558,0.5683,11791,1,crack+chip,concrete,green_pvc,4659,0.0784,REJECT
tile_4660.jpg,113691,98229,0.8640,14271,1,shatter,stone,black_rubber,4660,0.3747,APPROVE
tile_4661.jpg,44636,36379,0.8150,3590,1,crack,glazed,grey_pvc,4661,0.1388,REJECT
tile_4662.jpg,46522,46522,1.0000,0,0,none,glazed,black_rubber,4662,0.1775,APPROVE
tile_4663.jpg,33136,32944,0.9942,436,1,chip,stone,green_pvc,4663,0.1257,APPROVE
tile_4664.jpg,56581,56581,1.0000,0,0,none,glazed,white_pu,4664,0.2158,APPROVE
tile_4665.jpg,85948,73280,0.8526,4223,1,crack,glazed,blue_pu,4665,0.2795,APPROVE
tile_4666.jpg,78428,47208,0.6019,11292,1,crack,concrete,black_rubber,4666,0.1801,REJECT
tile_4667.jpg,157529,143019,0.9079,2090,1,crack,encaustic,blue_pu,4667,0.5456,APPROVE
tile_4668.jpg,78601,78601,1.0000,0,0,none,stone,white_pu,4668,0.2998,APPROVE
tile_4669.jpg,68808,68808,1.0000,0,0,none,marble,white_pu,4669,0.2625,APPROVE
tile_4670.jpg,89930,89930,1.0000,0,0,none,encaustic,black_rubber,4670,0.3431,APPROVE
tile_4671.jpg,40315,35355,0.8770,10414,1,chip,encaustic,green_pvc,4671,0.1349,APPROVE
tile_4672.jpg,35475,30805,0.8684,4001,1,chip,glazed,black_rubber,4672,0.1175,APPROVE
tile_4673.jpg,70273,70273,1.0000,0,0,none,glazed,grey_pvc,4673,0.2681,APPROVE
tile_4674.jpg,30293,21048,0.6948,26642,1,shatter,stone,white_pu,4674,0.0803,REJECT
tile_4675.jpg,51968,51968,1.0000,0,0,none,marble,blue_pu,4675,0.1982,APPROVE
tile_4676.jpg,53361,48609,0.9109,31677,1,chip,glazed,black_rubber,4676,0.1854,APPROVE
tile_4677.jpg,70199,62395,0.8888,2435,1,crack,marble,blue_pu,4677,0.2380,APPROVE
tile_4678.jpg,68112,68112,1.0000,0,0,none,encaustic,grey_pvc,4678,0.2598,APPROVE
tile_4679.jpg,40283,33919,0.8420,4982,1,chip,marble,grey_pvc,4679,0.1294,REJECT
tile_4680.jpg,111073,111073,1.0000,0,0,none,glazed,green_pvc,4680,0.4237,APPROVE
tile_4681.jpg,25891,16240,0.6272,5094,1,crack,marble,grey_pvc,4681,0.0620,REJECT
tile_4682.jpg,57587,57587,1.0000,0,0,none,marble,blue_pu,4682,0.2197,APPROVE
tile_4683.jpg,166290,79412,0.4776,20859,1,crack,glazed,green_pvc,4683,0.3029,REJECT
tile_4684.jpg,36397,36397,1.0000,0,0,none,marble,black_rubber,4684,0.1388,APPROVE
tile_4685.jpg,84702,69743,0.8234,4069,1,crack,terracotta,grey_pvc,4685,0.2660,REJECT
tile_4686.jpg,63707,57202,0.8979,2080,1,crack,stone,black_rubber,4686,0.2182,APPROVE
tile_4687.jpg,31029,14944,0.4816,7642,1,crack,terracotta,blue_pu,4687,0.0570,REJECT
tile_4688.jpg,83036,83036,1.0000,0,0,none,marble,green_pvc,4688,0.3168,APPROVE
tile_4689.jpg,99867,93246,0.9337,1252,1,crack,marble,grey_pvc,4689,0.3557,APPROVE
tile_4690.jpg,105938,84534,0.7980,21603,1,shatter,concrete,black_rubber,4690,0.3225,REJECT
tile_4691.jpg,118403,118403,1.0000,0,0,none,glazed,green_pvc,4691,0.4517,APPROVE
tile_4692.jpg,25644,25644,1.0000,0,0,none,concrete,grey_pvc,4692,0.0978,APPROVE
tile_4693.jpg,54256,23312,0.4297,11421,1,crack,encaustic,black_rubber,4693,0.0889,REJECT
tile_4694.jpg,80369,80369,1.0000,0,0,none,terracotta,blue_pu,4694,0.3066,APPROVE
tile_4695.jpg,127448,112751,0.8847,32902,1,shatter,concrete,black_rubber,4695,0.4301,APPROVE
tile_4696.jpg,54849,44036,0.8029,15228,1,shatter,glazed,blue_pu,4696,0.1680,REJECT
tile_4697.jpg,53865,42080,0.7812,12699,1,chip,marble,black_rubber,4697,0.1605,REJECT
tile_4698.jpg,21782,17841,0.8191,6857,1,chip,concrete,black_rubber,4698,0.0681,REJECT
tile_4699.jpg,26022,14472,0.5561,13935,1,crack+chip,concrete,green_pvc,4699,0.0552,REJECT
tile_4700.jpg,134736,134736,1.0000,0,0,none,encaustic,green_pvc,4700,0.5140,APPROVE
tile_4701.jpg,102003,85473,0.8379,4134,1,crack,terracotta,blue_pu,4701,0.3261,REJECT
tile_4702.jpg,44435,43099,0.9699,3023,1,chip,encaustic,green_pvc,4702,0.1644,APPROVE
tile_4703.jpg,85867,85867,1.0000,0,0,none,concrete,black_rubber,4703,0.3276,APPROVE
tile_4704.jpg,62812,26357,0.4196,11968,1,crack,terracotta,grey_pvc,4704,0.1005,REJECT
tile_4705.jpg,123089,123089,1.0000,0,0,none,stone,grey_pvc,4705,0.4695,APPROVE
tile_4706.jpg,24640,24640,1.0000,0,0,none,glazed,white_pu,4706,0.0940,APPROVE
tile_4707.jpg,71658,53533,0.7471,9579,1,crack+chip,terracotta,black_rubber,4707,0.2042,REJECT
tile_4708.jpg,46671,33618,0.7203,5247,1,crack,marble,blue_pu,4708,0.1282,REJECT
tile_4709.jpg,59790,59790,1.0000,0,0,none,marble,grey_pvc,4709,0.2281,APPROVE
tile_4710.jpg,70464,46806,0.6643,7581,1,crack,marble,grey_pvc,4710,0.1786,REJECT
tile_4711.jpg,180918,180918,1.0000,0,0,none,encaustic,white_pu,4711,0.6901,APPROVE
tile_4712.jpg,62483,59665,0.9549,7250,1,chip,marble,black_rubber,4712,0.2276,APPROVE
tile_4713.jpg,54324,54324,1.0000,0,0,none,encaustic,grey_pvc,4713,0.2072,APPROVE
tile_4714.jpg,106698,56233,0.5270,29451,1,shatter,glazed,black_rubber,4714,0.2145,REJECT
tile_4715.jpg,67358,57009,0.8464,59954,1,chip,encaustic,green_pvc,4715,0.2175,REJECT
tile_4716.jpg,119842,66473,0.5547,13182,1,crack,encaustic,grey_pvc,4716,0.2536,REJECT
tile_4717.jpg,33848,23040,0.6807,50473,1,shatter,stone,black_rubber,4717,0.0879,REJECT
tile_4718.jpg,15405,12657,0.8216,8370,1,shatter,glazed,grey_pvc,4718,0.0483,REJECT
tile_4719.jpg,140193,140193,1.0000,0,0,none,marble,grey_pvc,4719,0.5348,APPROVE
tile_4720.jpg,43562,43562,1.0000,0,0,none,encaustic,white_pu,4720,0.1662,APPROVE
tile_4721.jpg,32621,32621,1.0000,0,0,none,glazed,green_pvc,4721,0.1244,APPROVE
tile_4722.jpg,114037,84364,0.7398,28040,1,shatter,glazed,green_pvc,4722,0.3218,REJECT
tile_4723.jpg,42751,28055,0.6562,6114,1,crack,stone,green_pvc,4723,0.1070,REJECT
tile_4724.jpg,28172,21365,0.7584,43130,1,shatter,concrete,white_pu,4724,0.0815,REJECT
tile_4725.jpg,122965,122965,1.0000,0,0,none,marble,grey_pvc,4725,0.4691,APPROVE
tile_4726.jpg,19459,19459,1.0000,0,0,none,glazed,grey_pvc,4726,0.0742,APPROVE
tile_4727.jpg,51352,46992,0.9151,24039,1,chip,encaustic,black_rubber,4727,0.1793,APPROVE
tile_4728.jpg,169753,169753,1.0000,0,0,none,marble,grey_pvc,4728,0.6476,APPROVE
tile_4729.jpg,172923,98865,0.5717,15886,1,crack,encaustic,black_rubber,4729,0.3771,REJECT
tile_4730.jpg,99208,73729,0.7432,12651,1,shatter,encaustic,green_pvc,4730,0.2813,REJECT
tile_4731.jpg,111747,57174,0.5116,58947,1,shatter,marble,black_rubber,4731,0.2181,REJECT
tile_4732.jpg,77688,77688,1.0000,0,0,none,terracotta,grey_pvc,4732,0.2964,APPROVE
tile_4733.jpg,91193,72607,0.7962,42497,1,shatter,encaustic,white_pu,4733,0.2770,REJECT
tile_4734.jpg,85286,39355,0.4614,81708,1,crack+chip,stone,black_rubber,4734,0.1501,REJECT
tile_4735.jpg,143746,143746,1.0000,0,0,none,encaustic,white_pu,4735,0.5483,APPROVE
tile_4736.jpg,159293,92359,0.5798,16337,1,crack,terracotta,green_pvc,4736,0.3523,REJECT
tile_4737.jpg,97652,97652,1.0000,0,0,none,concrete,white_pu,4737,0.3725,APPROVE
tile_4738.jpg,154438,124976,0.8092,13204,1,crack+chip,encaustic,grey_pvc,4738,0.4767,REJECT
tile_4739.jpg,113183,113183,1.0000,0,0,none,encaustic,grey_pvc,4739,0.4318,APPROVE
tile_4740.jpg,56865,56865,1.0000,0,0,none,encaustic,black_rubber,4740,0.2169,APPROVE
tile_4741.jpg,95867,95867,1.0000,0,0,none,stone,grey_pvc,4741,0.3657,APPROVE
tile_4742.jpg,31394,28966,0.9227,983,1,crack+chip,stone,blue_pu,4742,0.1105,APPROVE
tile_4743.jpg,106236,94837,0.8927,2089,1,crack,encaustic,black_rubber,4743,0.3618,APPROVE
tile_4744.jpg,93470,53913,0.5768,75466,1,shatter,glazed,grey_pvc,4744,0.2057,REJECT
tile_4745.jpg,58216,58216,1.0000,0,0,none,marble,black_rubber,4745,0.2221,APPROVE
tile_4746.jpg,60548,60548,1.0000,0,0,none,glazed,black_rubber,4746,0.2310,APPROVE
tile_4747.jpg,24018,24018,1.0000,0,0,none,glazed,blue_pu,4747,0.0916,APPROVE
tile_4748.jpg,118374,118374,1.0000,0,0,none,glazed,green_pvc,4748,0.4516,APPROVE
tile_4749.jpg,124531,124531,1.0000,0,0,none,terracotta,black_rubber,4749,0.4750,APPROVE
tile_4750.jpg,126858,92049,0.7256,8679,1,crack,terracotta,black_rubber,4750,0.3511,REJECT
tile_4751.jpg,120583,94907,0.7871,5749,1,crack,terracotta,blue_pu,4751,0.3620,REJECT
tile_4752.jpg,104264,104264,1.0000,0,0,none,stone,grey_pvc,4752,0.3977,APPROVE
tile_4753.jpg,163466,101240,0.6193,12225,1,crack,encaustic,black_rubber,4753,0.3862,REJECT
tile_4754.jpg,126394,96532,0.7637,6952,1,crack,glazed,grey_pvc,4754,0.3682,REJECT
tile_4755.jpg,55022,52694,0.9577,8571,1,chip,concrete,white_pu,4755,0.2010,APPROVE
tile_4756.jpg,68428,68428,1.0000,0,0,none,concrete,black_rubber,4756,0.2610,APPROVE
tile_4757.jpg,26506,26506,1.0000,0,0,none,terracotta,black_rubber,4757,0.1011,APPROVE
tile_4758.jpg,51489,48353,0.9391,14740,1,chip,encaustic,grey_pvc,4758,0.1845,APPROVE
tile_4759.jpg,37276,33736,0.9050,1188,1,crack,stone,black_rubber,4759,0.1287,APPROVE
tile_4760.jpg,37205,31582,0.8489,40570,1,chip,concrete,blue_pu,4760,0.1205,REJECT
tile_4761.jpg,33254,33254,1.0000,0,0,none,terracotta,black_rubber,4761,0.1269,APPROVE
tile_4762.jpg,57858,57858,1.0000,0,0,none,stone,white_pu,4762,0.2207,APPROVE
tile_4763.jpg,58498,37643,0.6435,7894,1,crack,terracotta,black_rubber,4763,0.1436,REJECT
tile_4764.jpg,28736,20694,0.7201,14587,1,shatter,terracotta,grey_pvc,4764,0.0789,REJECT
tile_4765.jpg,143772,100407,0.6984,7667,1,crack,terracotta,grey_pvc,4765,0.3830,REJECT
tile_4766.jpg,65882,65882,1.0000,0,0,none,concrete,black_rubber,4766,0.2513,APPROVE
tile_4767.jpg,143665,143665,1.0000,0,0,none,encaustic,grey_pvc,4767,0.5480,APPROVE
tile_4768.jpg,56900,44291,0.7784,27075,1,chip,terracotta,black_rubber,4768,0.1690,REJECT
tile_4769.jpg,72746,72746,1.0000,0,0,none,encaustic,grey_pvc,4769,0.2775,APPROVE
tile_4770.jpg,132488,101364,0.7651,32381,1,shatter,concrete,grey_pvc,4770,0.3867,REJECT
tile_4771.jpg,87941,87941,1.0000,0,0,none,glazed,blue_pu,4771,0.3355,APPROVE
tile_4772.jpg,53707,42246,0.7866,7857,1,shatter,stone,grey_pvc,4772,0.1612,REJECT
tile_4773.jpg,35412,33935,0.9583,1354,1,chip,glazed,black_rubber,4773,0.1295,APPROVE
tile_4774.jpg,91026,64732,0.7111,30565,1,chip,marble,blue_pu,4774,0.2469,REJECT
tile_4775.jpg,122395,78748,0.6434,10555,1,crack,glazed,black_rubber,4775,0.3004,REJECT
tile_4776.jpg,69608,69608,1.0000,0,0,none,encaustic,grey_pvc,4776,0.2655,APPROVE
tile_4777.jpg,66674,66674,1.0000,0,0,none,glazed,white_pu,4777,0.2543,APPROVE
tile_4778.jpg,72157,72157,1.0000,0,0,none,glazed,grey_pvc,4778,0.2753,APPROVE
tile_4779.jpg,23928,22788,0.9524,436,1,crack,stone,grey_pvc,4779,0.0869,APPROVE
tile_4780.jpg,74811,50775,0.6787,8118,1,crack,glazed,black_rubber,4780,0.1937,REJECT
tile_4781.jpg,92964,88013,0.9467,1048,1,crack,marble,black_rubber,4781,0.3357,APPROVE
tile_4782.jpg,58245,58245,1.0000,0,0,none,encaustic,grey_pvc,4782,0.2222,APPROVE
tile_4783.jpg,76778,46432,0.6048,11270,1,crack,concrete,black_rubber,4783,0.1771,REJECT
tile_4784.jpg,42728,32811,0.7679,8588,1,chip,marble,black_rubber,4784,0.1252,REJECT
tile_4785.jpg,72560,41024,0.5654,10796,1,crack,terracotta,green_pvc,4785,0.1565,REJECT
tile_4786.jpg,148713,148713,1.0000,0,0,none,terracotta,green_pvc,4786,0.5673,APPROVE
tile_4787.jpg,76454,69720,0.9119,8235,1,chip,marble,black_rubber,4787,0.2660,APPROVE
tile_4788.jpg,126516,126516,1.0000,0,0,none,marble,blue_pu,4788,0.4826,APPROVE
tile_4789.jpg,111772,111772,1.0000,0,0,none,glazed,black_rubber,4789,0.4264,APPROVE
tile_4790.jpg,70357,41678,0.5924,9596,1,crack,marble,black_rubber,4790,0.1590,REJECT
tile_4791.jpg,21540,21540,1.0000,0,0,none,terracotta,white_pu,4791,0.0822,APPROVE
tile_4792.jpg,64946,37099,0.5712,9046,1,crack,encaustic,white_pu,4792,0.1415,REJECT
tile_4793.jpg,108643,108643,1.0000,0,0,none,marble,black_rubber,4793,0.4144,APPROVE
tile_4794.jpg,165548,88552,0.5349,18103,1,crack,encaustic,grey_pvc,4794,0.3378,REJECT
tile_4795.jpg,25417,12809,0.5040,32981,1,shatter,marble,grey_pvc,4795,0.0489,REJECT
tile_4796.jpg,49432,49432,1.0000,0,0,none,glazed,green_pvc,4796,0.1886,APPROVE
tile_4797.jpg,105587,86344,0.8178,3724,1,crack,marble,green_pvc,4797,0.3294,REJECT
tile_4798.jpg,112448,100245,0.8915,2040,1,crack,encaustic,white_pu,4798,0.3824,APPROVE
tile_4799.jpg,129595,129595,1.0000,0,0,none,stone,white_pu,4799,0.4944,APPROVE
tile_4800.jpg,114131,51453,0.4508,16480,1,crack,marble,grey_pvc,4800,0.1963,REJECT
tile_4801.jpg,76827,49661,0.6464,8931,1,crack,concrete,black_rubber,4801,0.1894,REJECT
tile_4802.jpg,39884,25614,0.6422,11432,1,crack+chip,glazed,green_pvc,4802,0.0977,REJECT
tile_4803.jpg,121669,121669,1.0000,0,0,none,glazed,black_rubber,4803,0.4641,APPROVE
tile_4804.jpg,30694,23782,0.7748,2739,1,crack,stone,black_rubber,4804,0.0907,REJECT
tile_4805.jpg,44553,30745,0.6901,15440,1,shatter,glazed,white_pu,4805,0.1173,REJECT
tile_4806.jpg,103974,101484,0.9761,4352,1,chip,encaustic,grey_pvc,4806,0.3871,APPROVE
tile_4807.jpg,50711,36944,0.7285,5079,1,crack,glazed,green_pvc,4807,0.1409,REJECT
tile_4808.jpg,62330,56549,0.9073,1515,1,crack,marble,grey_pvc,4808,0.2157,APPROVE
tile_4809.jpg,93719,59230,0.6320,11238,1,crack,terracotta,black_rubber,4809,0.2259,REJECT
tile_4810.jpg,70490,39183,0.5559,10644,1,crack,terracotta,grey_pvc,4810,0.1495,REJECT
tile_4811.jpg,43915,43915,1.0000,0,0,none,terracotta,grey_pvc,4811,0.1675,APPROVE
tile_4812.jpg,72146,66219,0.9178,2584,1,crack+chip,encaustic,blue_pu,4812,0.2526,APPROVE
tile_4813.jpg,55212,46084,0.8347,16263,1,shatter,marble,green_pvc,4813,0.1758,REJECT
tile_4814.jpg,138234,125642,0.9089,8314,1,chip,concrete,black_rubber,4814,0.4793,APPROVE
tile_4815.jpg,105726,105726,1.0000,0,0,none,terracotta,grey_pvc,4815,0.4033,APPROVE
tile_4816.jpg,29935,29935,1.0000,0,0,none,stone,black_rubber,4816,0.1142,APPROVE
tile_4817.jpg,83625,83625,1.0000,0,0,none,glazed,blue_pu,4817,0.3190,APPROVE
tile_4818.jpg,129239,129239,1.0000,0,0,none,glazed,white_pu,4818,0.4930,APPROVE
tile_4819.jpg,38639,24029,0.6219,6602,1,crack,glazed,grey_pvc,4819,0.0917,REJECT
tile_4820.jpg,89488,89488,1.0000,0,0,none,marble,black_rubber,4820,0.3414,APPROVE
tile_4821.jpg,36579,28685,0.7842,2807,1,crack,terracotta,black_rubber,4821,0.1094,REJECT
tile_4822.jpg,70354,70354,1.0000,0,0,none,glazed,white_pu,4822,0.2684,APPROVE
tile_4823.jpg,65000,41355,0.6362,9600,1,crack,terracotta,black_rubber,4823,0.1578,REJECT
tile_4824.jpg,31188,31188,1.0000,0,0,none,glazed,white_pu,4824,0.1190,APPROVE
tile_4825.jpg,70842,47300,0.6677,8896,1,crack,glazed,blue_pu,4825,0.1804,REJECT
tile_4826.jpg,71176,32743,0.4600,42059,1,shatter,glazed,green_pvc,4826,0.1249,REJECT
tile_4827.jpg,46382,35985,0.7758,3302,1,crack,terracotta,white_pu,4827,0.1373,REJECT
tile_4828.jpg,88604,84081,0.9490,4022,1,chip,glazed,white_pu,4828,0.3207,APPROVE
tile_4829.jpg,79454,58144,0.7318,16090,1,shatter,concrete,black_rubber,4829,0.2218,REJECT
tile_4830.jpg,91312,91312,1.0000,0,0,none,stone,white_pu,4830,0.3483,APPROVE
tile_4831.jpg,32763,32763,1.0000,0,0,none,terracotta,black_rubber,4831,0.1250,APPROVE
tile_4832.jpg,129024,124625,0.9659,12658,1,chip,terracotta,blue_pu,4832,0.4754,APPROVE
tile_4833.jpg,116384,64769,0.5565,14878,1,crack,glazed,black_rubber,4833,0.2471,REJECT
tile_4834.jpg,88434,79938,0.9039,1491,1,crack,encaustic,black_rubber,4834,0.3049,APPROVE
tile_4835.jpg,47578,47578,1.0000,0,0,none,stone,black_rubber,4835,0.1815,APPROVE
tile_4836.jpg,68205,36585,0.5364,9870,1,crack,encaustic,white_pu,4836,0.1396,REJECT
tile_4837.jpg,104257,66292,0.6359,39071,1,shatter,encaustic,green_pvc,4837,0.2529,REJECT
tile_4838.jpg,27959,27959,1.0000,0,0,none,terracotta,grey_pvc,4838,0.1067,APPROVE
tile_4839.jpg,132064,132064,1.0000,0,0,none,stone,white_pu,4839,0.5038,APPROVE
tile_4840.jpg,128410,69696,0.5428,85059,1,chip,marble,black_rubber,4840,0.2659,REJECT
tile_4841.jpg,56966,56966,1.0000,0,0,none,terracotta,blue_pu,4841,0.2173,APPROVE
tile_4842.jpg,152331,152331,1.0000,0,0,none,stone,green_pvc,4842,0.5811,APPROVE
tile_4843.jpg,102872,102872,1.0000,0,0,none,concrete,grey_pvc,4843,0.3924,APPROVE
tile_4844.jpg,30100,24922,0.8280,14806,1,chip,concrete,grey_pvc,4844,0.0951,REJECT
tile_4845.jpg,34132,31999,0.9375,730,1,crack,marble,white_pu,4845,0.1221,APPROVE
tile_4846.jpg,103502,80506,0.7778,10751,1,crack+chip,glazed,grey_pvc,4846,0.3071,REJECT
tile_4847.jpg,34822,34274,0.9843,379,1,chip,terracotta,green_pvc,4847,0.1307,APPROVE
tile_4848.jpg,157555,152349,0.9670,702,1,crack,encaustic,white_pu,4848,0.5812,APPROVE
tile_4849.jpg,66482,66482,1.0000,0,0,none,glazed,black_rubber,4849,0.2536,APPROVE
tile_4850.jpg,20927,20550,0.9820,3249,1,chip,glazed,green_pvc,4850,0.0784,APPROVE
tile_4851.jpg,34610,31756,0.9175,989,1,crack+chip,marble,green_pvc,4851,0.1211,APPROVE
tile_4852.jpg,155670,155670,1.0000,0,0,none,encaustic,black_rubber,4852,0.5938,APPROVE
tile_4853.jpg,47577,43882,0.9223,1929,1,crack+chip,stone,grey_pvc,4853,0.1674,APPROVE
tile_4854.jpg,23316,23316,1.0000,0,0,none,stone,green_pvc,4854,0.0889,APPROVE
tile_4855.jpg,25568,25568,1.0000,0,0,none,concrete,black_rubber,4855,0.0975,APPROVE
tile_4856.jpg,69371,36783,0.5302,10038,1,crack,encaustic,black_rubber,4856,0.1403,REJECT
tile_4857.jpg,67259,63265,0.9406,1369,1,crack+chip,terracotta,black_rubber,4857,0.2413,APPROVE
tile_4858.jpg,91645,44712,0.4879,38155,1,shatter,terracotta,grey_pvc,4858,0.1706,REJECT
tile_4859.jpg,16258,12070,0.7424,29910,1,shatter,marble,black_rubber,4859,0.0460,REJECT
tile_4860.jpg,112632,74630,0.6626,10319,1,crack,terracotta,green_pvc,4860,0.2847,REJECT
tile_4861.jpg,22403,22403,1.0000,0,0,none,terracotta,white_pu,4861,0.0855,APPROVE
tile_4862.jpg,47424,27510,0.5801,6544,1,crack,concrete,black_rubber,4862,0.1049,REJECT
tile_4863.jpg,45858,45858,1.0000,0,0,none,terracotta,white_pu,4863,0.1749,APPROVE
tile_4864.jpg,125415,125415,1.0000,0,0,none,terracotta,black_rubber,4864,0.4784,APPROVE
tile_4865.jpg,14365,9882,0.6879,14147,1,shatter,marble,green_pvc,4865,0.0377,REJECT
tile_4866.jpg,48362,29757,0.6153,55756,1,shatter,glazed,blue_pu,4866,0.1135,REJECT
tile_4867.jpg,89705,85222,0.9500,4745,1,chip,stone,green_pvc,4867,0.3251,APPROVE
tile_4868.jpg,113697,113697,1.0000,0,0,none,concrete,grey_pvc,4868,0.4337,APPROVE
tile_4869.jpg,43408,34408,0.7927,33970,1,shatter,encaustic,black_rubber,4869,0.1313,REJECT
tile_4870.jpg,48579,48579,1.0000,0,0,none,marble,black_rubber,4870,0.1853,APPROVE
tile_4871.jpg,62083,57964,0.9337,3795,1,chip,marble,black_rubber,4871,0.2211,APPROVE
tile_4872.jpg,82379,82379,1.0000,0,0,none,terracotta,green_pvc,4872,0.3143,APPROVE
tile_4873.jpg,36269,26455,0.7294,6022,1,shatter,glazed,black_rubber,4873,0.1009,REJECT
tile_4874.jpg,119053,119053,1.0000,0,0,none,marble,grey_pvc,4874,0.4542,APPROVE
tile_4875.jpg,57041,57041,1.0000,0,0,none,terracotta,green_pvc,4875,0.2176,APPROVE
tile_4876.jpg,110761,110761,1.0000,0,0,none,encaustic,blue_pu,4876,0.4225,APPROVE
tile_4877.jpg,86821,81450,0.9381,6348,1,chip,terracotta,white_pu,4877,0.3107,APPROVE
tile_4878.jpg,64729,49513,0.7649,5495,1,crack+chip,encaustic,black_rubber,4878,0.1889,REJECT
tile_4879.jpg,125042,93469,0.7475,8056,1,crack,encaustic,green_pvc,4879,0.3566,REJECT
tile_4880.jpg,81670,61299,0.7506,14687,1,crack+chip,encaustic,black_rubber,4880,0.2338,REJECT
tile_4881.jpg,22842,22842,1.0000,0,0,none,concrete,black_rubber,4881,0.0871,APPROVE
tile_4882.jpg,65431,58176,0.8891,6718,1,chip,stone,black_rubber,4882,0.2219,APPROVE
tile_4883.jpg,72898,72898,1.0000,0,0,none,stone,white_pu,4883,0.2781,APPROVE
tile_4884.jpg,146632,98315,0.6705,36938,1,crack+chip,glazed,white_pu,4884,0.3750,REJECT
tile_4885.jpg,70864,51033,0.7202,34331,1,shatter,terracotta,blue_pu,4885,0.1947,REJECT
tile_4886.jpg,81420,53888,0.6619,23131,1,chip,terracotta,grey_pvc,4886,0.2056,REJECT
tile_4887.jpg,153949,80288,0.5215,17293,1,crack,encaustic,blue_pu,4887,0.3063,REJECT
tile_4888.jpg,69924,46737,0.6684,15841,1,crack+chip,marble,blue_pu,4888,0.1783,REJECT
tile_4889.jpg,114078,114078,1.0000,0,0,none,stone,black_rubber,4889,0.4352,APPROVE
tile_4890.jpg,48410,48410,1.0000,0,0,none,stone,blue_pu,4890,0.1847,APPROVE
tile_4891.jpg,17792,15156,0.8518,23144,1,shatter,glazed,white_pu,4891,0.0578,APPROVE
tile_4892.jpg,73842,49181,0.6660,9198,1,crack,terracotta,grey_pvc,4892,0.1876,REJECT
tile_4893.jpg,85412,58097,0.6802,8537,1,crack,stone,white_pu,4893,0.2216,REJECT
tile_4894.jpg,157626,157626,1.0000,0,0,none,encaustic,black_rubber,4894,0.6013,APPROVE
tile_4895.jpg,138947,132481,0.9535,19528,1,chip,stone,blue_pu,4895,0.5054,APPROVE
tile_4896.jpg,43817,43817,1.0000,0,0,none,glazed,green_pvc,4896,0.1671,APPROVE
tile_4897.jpg,41419,41419,1.0000,0,0,none,terracotta,black_rubber,4897,0.1580,APPROVE
tile_4898.jpg,14220,11728,0.8248,10085,1,shatter,concrete,grey_pvc,4898,0.0447,REJECT
tile_4899.jpg,32433,26278,0.8102,26531,1,shatter,concrete,white_pu,4899,0.1002,REJECT
tile_4900.jpg,148209,148209,1.0000,0,0,none,terracotta,grey_pvc,4900,0.5654,APPROVE
tile_4901.jpg,67047,67047,1.0000,0,0,none,encaustic,black_rubber,4901,0.2558,APPROVE
tile_4902.jpg,158981,99604,0.6265,64354,1,chip,stone,black_rubber,4902,0.3800,REJECT
tile_4903.jpg,87200,57972,0.6648,10088,1,crack,terracotta,white_pu,4903,0.2211,REJECT
tile_4904.jpg,83772,69424,0.8287,4482,1,crack,terracotta,black_rubber,4904,0.2648,REJECT
tile_4905.jpg,40011,40011,1.0000,0,0,none,stone,green_pvc,4905,0.1526,APPROVE
tile_4906.jpg,58083,48971,0.8431,2351,1,crack,encaustic,white_pu,4906,0.1868,REJECT
tile_4907.jpg,110104,110104,1.0000,0,0,none,concrete,blue_pu,4907,0.4200,APPROVE
tile_4908.jpg,86807,68440,0.7884,5667,1,crack,concrete,blue_pu,4908,0.2611,REJECT
tile_4909.jpg,21719,18681,0.8601,2487,1,chip,stone,black_rubber,4909,0.0713,APPROVE
tile_4910.jpg,106188,106188,1.0000,0,0,none,glazed,black_rubber,4910,0.4051,APPROVE
tile_4911.jpg,105673,43682,0.4134,75137,1,chip,glazed,black_rubber,4911,0.1666,REJECT
tile_4912.jpg,80643,40054,0.4967,30224,1,crack+chip,concrete,blue_pu,4912,0.1528,REJECT
tile_4913.jpg,160910,160910,1.0000,0,0,none,stone,black_rubber,4913,0.6138,APPROVE
tile_4914.jpg,164610,163680,0.9944,1019,1,chip,encaustic,green_pvc,4914,0.6244,APPROVE
tile_4915.jpg,69398,35552,0.5123,24019,1,crack+chip,terracotta,green_pvc,4915,0.1356,REJECT
tile_4916.jpg,120032,112016,0.9332,9625,1,chip,encaustic,black_rubber,4916,0.4273,APPROVE
tile_4917.jpg,107300,94831,0.8838,2119,1,crack,encaustic,white_pu,4917,0.3618,APPROVE
tile_4918.jpg,41290,41290,1.0000,0,0,none,terracotta,green_pvc,4918,0.1575,APPROVE
tile_4919.jpg,56653,44443,0.7845,43335,1,shatter,encaustic,green_pvc,4919,0.1695,REJECT
tile_4920.jpg,57086,57086,1.0000,0,0,none,marble,black_rubber,4920,0.2178,APPROVE
tile_4921.jpg,39325,22217,0.5650,16026,1,crack+chip,encaustic,black_rubber,4921,0.0848,REJECT
tile_4922.jpg,29481,22708,0.7703,3196,1,crack,stone,grey_pvc,4922,0.0866,REJECT
tile_4923.jpg,108016,108016,1.0000,0,0,none,marble,black_rubber,4923,0.4120,APPROVE
tile_4924.jpg,163657,163657,1.0000,0,0,none,terracotta,black_rubber,4924,0.6243,APPROVE
tile_4925.jpg,85458,62309,0.7291,6122,1,crack,glazed,white_pu,4925,0.2377,REJECT
tile_4926.jpg,122063,122063,1.0000,0,0,none,terracotta,black_rubber,4926,0.4656,APPROVE
tile_4927.jpg,33987,27531,0.8100,3084,1,crack+chip,marble,grey_pvc,4927,0.1050,REJECT
tile_4928.jpg,75130,75130,1.0000,0,0,none,stone,green_pvc,4928,0.2866,APPROVE
tile_4929.jpg,64846,64846,1.0000,0,0,none,encaustic,black_rubber,4929,0.2474,APPROVE
tile_4930.jpg,62413,39455,0.6322,37170,1,shatter,glazed,black_rubber,4930,0.1505,REJECT
tile_4931.jpg,95310,95310,1.0000,0,0,none,concrete,black_rubber,4931,0.3636,APPROVE
tile_4932.jpg,25278,16550,0.6547,23017,1,shatter,encaustic,grey_pvc,4932,0.0631,REJECT
tile_4933.jpg,171554,171554,1.0000,0,0,none,encaustic,green_pvc,4933,0.6544,APPROVE
tile_4934.jpg,80732,41033,0.5083,12193,1,crack,glazed,blue_pu,4934,0.1565,REJECT
tile_4935.jpg,55005,49229,0.8950,1254,1,crack,marble,white_pu,4935,0.1878,APPROVE
tile_4936.jpg,170346,106581,0.6257,14872,1,crack,encaustic,black_rubber,4936,0.4066,REJECT
tile_4937.jpg,76300,76300,1.0000,0,0,none,marble,grey_pvc,4937,0.2911,APPROVE
tile_4938.jpg,93773,87961,0.9380,38129,1,chip,marble,green_pvc,4938,0.3355,APPROVE
tile_4939.jpg,108042,101633,0.9407,1243,1,crack,stone,blue_pu,4939,0.3877,APPROVE
tile_4940.jpg,42089,31741,0.7541,33134,1,shatter,terracotta,green_pvc,4940,0.1211,REJECT
tile_4941.jpg,168109,168109,1.0000,0,0,none,encaustic,green_pvc,4941,0.6413,APPROVE
tile_4942.jpg,156920,156920,1.0000,0,0,none,encaustic,grey_pvc,4942,0.5986,APPROVE
tile_4943.jpg,78897,71142,0.9017,3925,1,crack+chip,marble,blue_pu,4943,0.2714,APPROVE
tile_4944.jpg,37573,37573,1.0000,0,0,none,marble,green_pvc,4944,0.1433,APPROVE
tile_4945.jpg,46698,46698,1.0000,0,0,none,encaustic,blue_pu,4945,0.1781,APPROVE
tile_4946.jpg,43305,22039,0.5089,72856,1,shatter,glazed,black_rubber,4946,0.0841,REJECT
tile_4947.jpg,134653,134653,1.0000,0,0,none,terracotta,grey_pvc,4947,0.5137,APPROVE
tile_4948.jpg,86464,86464,1.0000,0,0,none,encaustic,black_rubber,4948,0.3298,APPROVE
tile_4949.jpg,28843,22486,0.7796,10694,1,shatter,concrete,white_pu,4949,0.0858,REJECT
tile_4950.jpg,91599,91599,1.0000,0,0,none,terracotta,grey_pvc,4950,0.3494,APPROVE
tile_4951.jpg,160566,115889,0.7218,9203,1,crack,terracotta,blue_pu,4951,0.4421,REJECT
tile_4952.jpg,68235,53583,0.7853,5198,1,crack,terracotta,black_rubber,4952,0.2044,REJECT
tile_4953.jpg,130666,95949,0.7343,46020,1,shatter,glazed,black_rubber,4953,0.3660,REJECT
tile_4954.jpg,28249,18706,0.6622,12555,1,chip,stone,black_rubber,4954,0.0714,REJECT
tile_4955.jpg,87698,86841,0.9902,518,1,chip,terracotta,green_pvc,4955,0.3313,APPROVE
tile_4956.jpg,77376,77376,1.0000,0,0,none,concrete,grey_pvc,4956,0.2952,APPROVE
tile_4957.jpg,43291,37597,0.8685,4535,1,crack+chip,concrete,grey_pvc,4957,0.1434,APPROVE
tile_4958.jpg,59726,32334,0.5414,8287,1,crack,marble,white_pu,4958,0.1233,REJECT
tile_4959.jpg,152827,152827,1.0000,0,0,none,terracotta,green_pvc,4959,0.5830,APPROVE
tile_4960.jpg,43496,43496,1.0000,0,0,none,terracotta,grey_pvc,4960,0.1659,APPROVE
tile_4961.jpg,77218,52871,0.6847,16211,1,crack+chip,glazed,grey_pvc,4961,0.2017,REJECT
tile_4962.jpg,158351,134414,0.8488,16352,1,chip,marble,green_pvc,4962,0.5127,REJECT
tile_4963.jpg,41300,40047,0.9697,4643,1,chip,glazed,white_pu,4963,0.1528,APPROVE
tile_4964.jpg,93411,67790,0.7257,23736,1,crack+chip,terracotta,green_pvc,4964,0.2586,REJECT
tile_4965.jpg,57590,54914,0.9535,1806,1,chip,terracotta,blue_pu,4965,0.2095,APPROVE
tile_4966.jpg,87662,49250,0.5618,12497,1,crack,marble,grey_pvc,4966,0.1879,REJECT
tile_4967.jpg,66808,66808,1.0000,0,0,none,stone,white_pu,4967,0.2549,APPROVE
tile_4968.jpg,69757,69757,1.0000,0,0,none,concrete,black_rubber,4968,0.2661,APPROVE
tile_4969.jpg,30073,17569,0.5842,5578,1,crack,terracotta,green_pvc,4969,0.0670,REJECT
tile_4970.jpg,108753,43378,0.3989,90051,1,crack+chip,encaustic,black_rubber,4970,0.1655,REJECT
tile_4971.jpg,165447,165447,1.0000,0,0,none,stone,black_rubber,4971,0.6311,APPROVE
tile_4972.jpg,136933,75321,0.5501,36420,1,shatter,terracotta,green_pvc,4972,0.2873,REJECT
tile_4973.jpg,46023,46023,1.0000,0,0,none,terracotta,black_rubber,4973,0.1756,APPROVE
tile_4974.jpg,64944,51296,0.7898,4354,1,crack,marble,black_rubber,4974,0.1957,REJECT
tile_4975.jpg,75939,68853,0.9067,15543,1,chip,terracotta,black_rubber,4975,0.2627,APPROVE
tile_4976.jpg,43752,43752,1.0000,0,0,none,concrete,white_pu,4976,0.1669,APPROVE
tile_4977.jpg,121071,66943,0.5529,64948,1,crack+chip,encaustic,grey_pvc,4977,0.2554,REJECT
tile_4978.jpg,35646,27608,0.7745,9820,1,shatter,glazed,blue_pu,4978,0.1053,REJECT
tile_4979.jpg,50194,37550,0.7481,29947,1,shatter,glazed,black_rubber,4979,0.1432,REJECT
tile_4980.jpg,58182,43685,0.7508,4379,1,crack,encaustic,white_pu,4980,0.1666,REJECT
tile_4981.jpg,20439,17395,0.8511,5233,1,shatter,concrete,green_pvc,4981,0.0664,APPROVE
tile_4982.jpg,89184,89184,1.0000,0,0,none,encaustic,green_pvc,4982,0.3402,APPROVE
tile_4983.jpg,79019,79019,1.0000,0,0,none,marble,green_pvc,4983,0.3014,APPROVE
tile_4984.jpg,116102,116102,1.0000,0,0,none,encaustic,black_rubber,4984,0.4429,APPROVE
tile_4985.jpg,91252,65612,0.7190,7398,1,crack,marble,black_rubber,4985,0.2503,REJECT
tile_4986.jpg,67053,62395,0.9305,860,1,crack,encaustic,black_rubber,4986,0.2380,APPROVE
tile_4987.jpg,145625,145625,1.0000,0,0,none,encaustic,black_rubber,4987,0.5555,APPROVE
tile_4988.jpg,50064,46252,0.9239,1198,1,crack+chip,concrete,black_rubber,4988,0.1764,APPROVE
tile_4989.jpg,42811,36388,0.8500,14474,1,shatter,stone,grey_pvc,4989,0.1388,REJECT
tile_4990.jpg,31307,31307,1.0000,0,0,none,concrete,black_rubber,4990,0.1194,APPROVE
tile_4991.jpg,39903,37937,0.9507,730,1,crack,stone,blue_pu,4991,0.1447,APPROVE
tile_4992.jpg,152931,152931,1.0000,0,0,none,marble,black_rubber,4992,0.5834,APPROVE
tile_4993.jpg,55730,55730,1.0000,0,0,none,glazed,green_pvc,4993,0.2126,APPROVE
tile_4994.jpg,112116,112116,1.0000,0,0,none,concrete,black_rubber,4994,0.4277,APPROVE
tile_4995.jpg,64297,51196,0.7962,17958,1,chip,glazed,white_pu,4995,0.1953,REJECT
tile_4996.jpg,134734,124957,0.9274,32189,1,chip,terracotta,black_rubber,4996,0.4767,APPROVE
tile_4997.jpg,85671,53575,0.6254,9474,1,crack,terracotta,grey_pvc,4997,0.2044,REJECT
tile_4998.jpg,32535,24295,0.7467,11804,1,shatter,glazed,grey_pvc,4998,0.0927,REJECT
tile_4999.jpg,163698,163698,1.0000,0,0,none,marble,grey_pvc,4999,0.6245,APPROVE
tile_5000.jpg,126780,126780,1.0000,0,0,none,concrete,grey_pvc,5000,0.4836,APPROVE
